t_sec,phase,step_idx,v_x_cmd_NED_x,odom_frame,z_ENU,vz_ENU_meas,vx_ENU_meas,vx_from_odom_NED_x,vx_NED_meas,alt_min,alt_max,armed,offboard
1762884574.895300,STEP,0,0.500000,odom,1.496359,0.000000,0.000000,0.000000,-0.001586,0.500,5.000,1,1
1762884574.915357,STEP,0,0.500000,odom,1.496402,0.000711,-0.011805,0.002931,0.000309,0.500,5.000,1,1
1762884574.937126,STEP,0,0.500000,odom,1.496402,0.000498,-0.008264,0.002051,0.000309,0.500,5.000,1,1
1762884574.955399,STEP,0,0.500000,odom,1.496402,0.000000,0.000000,0.000000,0.000309,0.500,5.000,1,1
1762884574.975896,STEP,0,0.500000,odom,1.496402,0.000000,0.000000,0.000000,0.000309,0.500,5.000,1,1
1762884574.995317,STEP,0,0.500000,odom,1.496402,0.000000,0.000000,0.000000,0.000309,0.500,5.000,1,1
1762884575.015480,STEP,0,0.500000,odom,1.496402,0.000000,0.000000,0.000000,0.000309,0.500,5.000,1,1
1762884575.035383,STEP,0,0.500000,odom,1.496402,0.000000,0.000000,0.000000,0.000309,0.500,5.000,1,1
1762884575.055369,STEP,0,0.500000,odom,1.496402,0.000000,0.000000,0.000000,0.000309,0.500,5.000,1,1
1762884575.075113,STEP,0,0.500000,odom,1.496402,0.000000,0.000000,0.000000,0.003910,0.500,5.000,1,1
1762884575.095242,STEP,0,0.500000,odom,1.496497,0.001645,-0.012713,0.005861,0.008861,0.500,5.000,1,1
1762884575.115326,STEP,0,0.500000,odom,1.496497,0.001152,-0.008899,0.004103,0.008861,0.500,5.000,1,1
1762884575.135465,STEP,0,0.500000,odom,1.496497,0.000000,0.000000,0.000000,0.008861,0.500,5.000,1,1
1762884575.155349,STEP,0,0.500000,odom,1.496497,0.000000,0.000000,0.000000,0.008861,0.500,5.000,1,1
1762884575.175459,STEP,0,0.500000,odom,1.496497,0.000000,0.000000,0.000000,0.008861,0.500,5.000,1,1
1762884575.196285,STEP,0,0.500000,odom,1.496497,0.000000,0.000000,0.000000,0.008861,0.500,5.000,1,1
1762884575.215320,STEP,0,0.500000,odom,1.496497,0.000000,0.000000,0.000000,0.008861,0.500,5.000,1,1
1762884575.235468,STEP,0,0.500000,odom,1.496497,0.000000,0.000000,0.000000,0.008861,0.500,5.000,1,1
1762884575.257168,STEP,0,0.500000,odom,1.496497,0.000000,0.000000,0.000000,0.008861,0.500,5.000,1,1
1762884575.275199,STEP,0,0.500000,odom,1.496497,0.000000,0.000000,0.000000,0.015383,0.500,5.000,1,1
1762884575.295387,STEP,0,0.500000,odom,1.496681,0.004083,-0.017479,0.012954,0.015383,0.500,5.000,1,1
1762884575.315520,STEP,0,0.500000,odom,1.496681,0.000000,0.000000,0.000000,0.015383,0.500,5.000,1,1
1762884575.338058,STEP,0,0.500000,odom,1.496681,0.000000,0.000000,0.000000,0.015383,0.500,5.000,1,1
1762884575.355297,STEP,0,0.500000,odom,1.496681,0.000000,0.000000,0.000000,0.015383,0.500,5.000,1,1
1762884575.375348,STEP,0,0.500000,odom,1.496681,0.000000,0.000000,0.000000,0.015383,0.500,5.000,1,1
1762884575.395524,STEP,0,0.500000,odom,1.496681,0.000000,0.000000,0.000000,0.015383,0.500,5.000,1,1
1762884575.415366,STEP,0,0.500000,odom,1.496681,0.000000,0.000000,0.000000,0.015383,0.500,5.000,1,1
1762884575.435285,STEP,0,0.500000,odom,1.496681,0.000000,0.000000,0.000000,0.020857,0.500,5.000,1,1
1762884575.457098,STEP,0,0.500000,odom,1.496681,0.000000,0.000000,0.000000,0.023835,0.500,5.000,1,1
1762884575.475591,STEP,0,0.500000,odom,1.496928,0.007918,-0.026156,0.028186,0.027013,0.500,5.000,1,1
1762884575.495470,STEP,0,0.500000,odom,1.496928,0.000000,0.000000,0.000000,0.027013,0.500,5.000,1,1
1762884575.516252,STEP,0,0.500000,odom,1.496928,0.000000,0.000000,0.000000,0.027013,0.500,5.000,1,1
1762884575.535329,STEP,0,0.500000,odom,1.496928,0.000000,0.000000,0.000000,0.027013,0.500,5.000,1,1
1762884575.556872,STEP,0,0.500000,odom,1.496928,0.000000,0.000000,0.000000,0.027013,0.500,5.000,1,1
1762884575.577469,STEP,0,0.500000,odom,1.496928,0.000000,0.000000,0.000000,0.027013,0.500,5.000,1,1
1762884575.597003,STEP,0,0.500000,odom,1.496928,0.000000,0.000000,0.000000,0.027013,0.500,5.000,1,1
1762884575.615330,STEP,0,0.500000,odom,1.496928,0.000000,0.000000,0.000000,0.027013,0.500,5.000,1,1
1762884575.635311,STEP,0,0.500000,odom,1.496928,0.000000,0.000000,0.000000,0.030370,0.500,5.000,1,1
1762884575.656227,STEP,0,0.500000,odom,1.496928,0.000000,0.000000,0.000000,0.041750,0.500,5.000,1,1
1762884575.675673,STEP,0,0.500000,odom,1.497199,0.009834,-0.029532,0.042772,0.041750,0.500,5.000,1,1
1762884575.695650,STEP,0,0.500000,odom,1.497199,0.000000,0.000000,0.000000,0.041750,0.500,5.000,1,1
1762884575.717082,STEP,0,0.500000,odom,1.497199,0.000000,0.000000,0.000000,0.041750,0.500,5.000,1,1
1762884575.735493,STEP,0,0.500000,odom,1.497199,0.000000,0.000000,0.000000,0.041750,0.500,5.000,1,1
1762884575.755309,STEP,0,0.500000,odom,1.497199,0.000000,0.000000,0.000000,0.041750,0.500,5.000,1,1
1762884575.775398,STEP,0,0.500000,odom,1.497199,0.000000,0.000000,0.000000,0.041750,0.500,5.000,1,1
1762884575.795589,STEP,0,0.500000,odom,1.497199,0.000000,0.000000,0.000000,0.041750,0.500,5.000,1,1
1762884575.815273,STEP,0,0.500000,odom,1.497199,0.000000,0.000000,0.000000,0.045902,0.500,5.000,1,1
1762884575.835813,STEP,0,0.500000,odom,1.497199,0.000000,0.000000,0.000000,0.050263,0.500,5.000,1,1
1762884575.855309,STEP,0,0.500000,odom,1.497455,0.006772,-0.019889,0.036544,0.064520,0.500,5.000,1,1
1762884575.875432,STEP,0,0.500000,odom,1.497455,0.004740,-0.013922,0.025581,0.064520,0.500,5.000,1,1
1762884575.895751,STEP,0,0.500000,odom,1.497455,0.000000,0.000000,0.000000,0.064520,0.500,5.000,1,1
1762884575.915440,STEP,0,0.500000,odom,1.497455,0.000000,0.000000,0.000000,0.064520,0.500,5.000,1,1
1762884575.936252,STEP,0,0.500000,odom,1.497455,0.000000,0.000000,0.000000,0.064520,0.500,5.000,1,1
1762884575.955291,STEP,0,0.500000,odom,1.497455,0.000000,0.000000,0.000000,0.064520,0.500,5.000,1,1
1762884575.975726,STEP,0,0.500000,odom,1.497455,0.000000,0.000000,0.000000,0.064520,0.500,5.000,1,1
1762884575.995740,STEP,0,0.500000,odom,1.497455,0.000000,0.000000,0.000000,0.064520,0.500,5.000,1,1
1762884576.016045,STEP,0,0.500000,odom,1.497455,0.000000,0.000000,0.000000,0.069593,0.500,5.000,1,1
1762884576.035812,STEP,0,0.500000,odom,1.497455,0.000000,0.000000,0.000000,0.085623,0.500,5.000,1,1
1762884576.055461,STEP,0,0.500000,odom,1.497651,0.036010,-0.109899,0.246551,0.085623,0.500,5.000,1,1
1762884576.075295,STEP,0,0.500000,odom,1.497651,0.000000,0.000000,0.000000,0.085623,0.500,5.000,1,1
1762884576.095421,STEP,0,0.500000,odom,1.497651,0.000000,0.000000,0.000000,0.085623,0.500,5.000,1,1
1762884576.115311,STEP,0,0.500000,odom,1.497651,0.000000,0.000000,0.000000,0.085623,0.500,5.000,1,1
1762884576.135381,STEP,0,0.500000,odom,1.497651,0.000000,0.000000,0.000000,0.085623,0.500,5.000,1,1
1762884576.155335,STEP,0,0.500000,odom,1.497651,0.000000,0.000000,0.000000,0.085623,0.500,5.000,1,1
1762884576.175345,STEP,0,0.500000,odom,1.497651,0.000000,0.000000,0.000000,0.091215,0.500,5.000,1,1
1762884576.195440,STEP,0,0.500000,odom,1.497651,0.000000,0.000000,0.000000,0.102897,0.500,5.000,1,1
1762884576.215520,STEP,0,0.500000,odom,1.497651,0.000000,0.000000,0.000000,0.102897,0.500,5.000,1,1
1762884576.235736,STEP,0,0.500000,odom,1.497651,0.000000,0.000000,0.000000,0.102897,0.500,5.000,1,1
1762884576.255329,STEP,0,0.500000,odom,1.497651,0.000000,0.000000,0.000000,0.102897,0.500,5.000,1,1
1762884576.275373,STEP,0,0.500000,odom,1.497651,0.000000,0.000000,0.000000,0.102897,0.500,5.000,1,1
1762884576.295299,STEP,0,0.500000,odom,1.497651,0.000000,0.000000,0.000000,0.102897,0.500,5.000,1,1
1762884576.315361,STEP,0,0.500000,odom,1.497651,0.000000,0.000000,0.000000,0.102897,0.500,5.000,1,1
1762884576.335511,STEP,0,0.500000,odom,1.497651,0.000000,0.000000,0.000000,0.102897,0.500,5.000,1,1
1762884576.355292,STEP,0,0.500000,odom,1.497738,0.011699,-0.039567,0.105952,0.120963,0.500,5.000,1,1
1762884576.375326,STEP,0,0.500000,odom,1.497738,0.008189,-0.027697,0.074166,0.127204,0.500,5.000,1,1
1762884576.395492,STEP,0,0.500000,odom,1.497738,0.000000,0.000000,0.000000,0.127204,0.500,5.000,1,1
1762884576.415311,STEP,0,0.500000,odom,1.497738,0.000000,0.000000,0.000000,0.127204,0.500,5.000,1,1
1762884576.435646,STEP,0,0.500000,odom,1.497738,0.000000,0.000000,0.000000,0.127204,0.500,5.000,1,1
1762884576.455364,STEP,0,0.500000,odom,1.497738,0.000000,0.000000,0.000000,0.127204,0.500,5.000,1,1
1762884576.475465,STEP,0,0.500000,odom,1.497738,0.000000,0.000000,0.000000,0.127204,0.500,5.000,1,1
1762884576.495350,STEP,0,0.500000,odom,1.497738,0.000000,0.000000,0.000000,0.127204,0.500,5.000,1,1
1762884576.515328,STEP,0,0.500000,odom,1.497738,0.000000,0.000000,0.000000,0.127204,0.500,5.000,1,1
1762884576.535417,STEP,0,0.500000,odom,1.497667,0.015272,-0.062380,0.197198,0.146132,0.500,5.000,1,1
1762884576.555457,STEP,0,0.500000,odom,1.497667,0.010691,-0.043666,0.138039,0.165306,0.500,5.000,1,1
1762884576.575335,STEP,0,0.500000,odom,1.497667,0.007483,-0.030566,0.096627,0.165306,0.500,5.000,1,1
1762884576.599064,STEP,0,0.500000,odom,1.497667,0.000000,0.000000,0.000000,0.165306,0.500,5.000,1,1
1762884576.615356,STEP,0,0.500000,odom,1.497667,0.000000,0.000000,0.000000,0.165306,0.500,5.000,1,1
1762884576.638049,STEP,0,0.500000,odom,1.497667,0.000000,0.000000,0.000000,0.165306,0.500,5.000,1,1
1762884576.655722,STEP,0,0.500000,odom,1.497667,0.000000,0.000000,0.000000,0.165306,0.500,5.000,1,1
1762884576.675287,STEP,0,0.500000,odom,1.497667,0.000000,0.000000,0.000000,0.165306,0.500,5.000,1,1
1762884576.695267,STEP,0,0.500000,odom,1.497667,0.000000,0.000000,0.000000,0.171746,0.500,5.000,1,1
1762884576.715423,STEP,0,0.500000,odom,1.497403,0.005640,-0.031810,0.118428,0.190931,0.500,5.000,1,1
1762884576.735343,STEP,0,0.500000,odom,1.497403,0.003948,-0.022267,0.082900,0.190931,0.500,5.000,1,1
1762884576.755371,STEP,0,0.500000,odom,1.497403,0.000000,0.000000,0.000000,0.190931,0.500,5.000,1,1
1762884576.775302,STEP,0,0.500000,odom,1.497403,0.000000,0.000000,0.000000,0.190931,0.500,5.000,1,1
1762884576.795308,STEP,0,0.500000,odom,1.497403,0.000000,0.000000,0.000000,0.190931,0.500,5.000,1,1
1762884576.815755,STEP,0,0.500000,odom,1.497403,0.000000,0.000000,0.000000,0.190931,0.500,5.000,1,1
1762884576.835759,STEP,0,0.500000,odom,1.497403,0.000000,0.000000,0.000000,0.190931,0.500,5.000,1,1
1762884576.855572,STEP,0,0.500000,odom,1.497403,0.000000,0.000000,0.000000,0.190931,0.500,5.000,1,1
1762884576.875127,STEP,0,0.500000,odom,1.496926,0.003981,-0.041901,0.184459,0.209913,0.500,5.000,1,1
1762884576.895528,STEP,0,0.500000,odom,1.496926,0.002787,-0.029331,0.129121,0.209913,0.500,5.000,1,1
1762884576.915629,STEP,0,0.500000,odom,1.496926,0.000000,0.000000,0.000000,0.209913,0.500,5.000,1,1
1762884576.935896,STEP,0,0.500000,odom,1.496926,0.000000,0.000000,0.000000,0.209913,0.500,5.000,1,1
1762884576.957754,STEP,0,0.500000,odom,1.496926,0.000000,0.000000,0.000000,0.209913,0.500,5.000,1,1
1762884576.975340,STEP,0,0.500000,odom,1.496926,0.000000,0.000000,0.000000,0.209913,0.500,5.000,1,1
1762884576.995388,STEP,0,0.500000,odom,1.496926,0.000000,0.000000,0.000000,0.209913,0.500,5.000,1,1
1762884577.015319,STEP,0,0.500000,odom,1.496926,0.000000,0.000000,0.000000,0.209913,0.500,5.000,1,1
1762884577.035584,STEP,0,0.500000,odom,1.496926,0.000000,0.000000,0.000000,0.209913,0.500,5.000,1,1
1762884577.055798,STEP,0,0.500000,odom,1.496926,0.000000,0.000000,0.000000,0.228571,0.500,5.000,1,1
1762884577.075557,STEP,0,0.500000,odom,1.496238,-0.000085,-0.023987,0.126253,0.240695,0.500,5.000,1,1
1762884577.095355,STEP,0,0.500000,odom,1.496238,0.000000,0.000000,0.000000,0.240695,0.500,5.000,1,1
1762884577.115917,STEP,0,0.500000,odom,1.496238,0.000000,0.000000,0.000000,0.240695,0.500,5.000,1,1
1762884577.135259,STEP,0,0.500000,odom,1.496238,0.000000,0.000000,0.000000,0.240695,0.500,5.000,1,1
1762884577.155421,STEP,0,0.500000,odom,1.496238,0.000000,0.000000,0.000000,0.240695,0.500,5.000,1,1
1762884577.177791,STEP,0,0.500000,odom,1.496238,0.000000,0.000000,0.000000,0.240695,0.500,5.000,1,1
1762884577.195350,STEP,0,0.500000,odom,1.496238,0.000000,0.000000,0.000000,0.240695,0.500,5.000,1,1
1762884577.215405,STEP,0,0.500000,odom,1.496238,0.000000,0.000000,0.000000,0.240695,0.500,5.000,1,1
1762884577.235435,STEP,0,0.500000,odom,1.496238,0.000000,0.000000,0.000000,0.258181,0.500,5.000,1,1
1762884577.255359,STEP,0,0.500000,odom,1.495351,-0.002719,-0.022003,0.141096,0.263842,0.500,5.000,1,1
1762884577.275431,STEP,0,0.500000,odom,1.495351,0.000000,0.000000,0.000000,0.263842,0.500,5.000,1,1
1762884577.295651,STEP,0,0.500000,odom,1.495351,0.000000,0.000000,0.000000,0.263842,0.500,5.000,1,1
1762884577.315378,STEP,0,0.500000,odom,1.495351,0.000000,0.000000,0.000000,0.263842,0.500,5.000,1,1
1762884577.335328,STEP,0,0.500000,odom,1.495351,0.000000,0.000000,0.000000,0.263842,0.500,5.000,1,1
1762884577.355291,STEP,0,0.500000,odom,1.495351,0.000000,0.000000,0.000000,0.263842,0.500,5.000,1,1
1762884577.375307,STEP,0,0.500000,odom,1.495351,0.000000,0.000000,0.000000,0.263842,0.500,5.000,1,1
1762884577.395155,STEP,0,0.500000,odom,1.495351,0.000000,0.000000,0.000000,0.274944,0.500,5.000,1,1
1762884577.416077,STEP,0,0.500000,odom,1.494292,-0.005333,-0.019271,0.154907,0.285674,0.500,5.000,1,1
1762884577.435797,STEP,0,0.500000,odom,1.494292,-0.003733,-0.013490,0.108435,0.285674,0.500,5.000,1,1
1762884577.455522,STEP,0,0.500000,odom,1.494292,0.000000,0.000000,0.000000,0.285674,0.500,5.000,1,1
1762884577.475457,STEP,0,0.500000,odom,1.494292,0.000000,0.000000,0.000000,0.285674,0.500,5.000,1,1
1762884577.495472,STEP,0,0.500000,odom,1.494292,0.000000,0.000000,0.000000,0.285674,0.500,5.000,1,1
1762884577.515308,STEP,0,0.500000,odom,1.494292,0.000000,0.000000,0.000000,0.285674,0.500,5.000,1,1
1762884577.535344,STEP,0,0.500000,odom,1.494292,0.000000,0.000000,0.000000,0.285674,0.500,5.000,1,1
1762884577.555323,STEP,0,0.500000,odom,1.494292,0.000000,0.000000,0.000000,0.285674,0.500,5.000,1,1
1762884577.575415,STEP,0,0.500000,odom,1.494292,0.000000,0.000000,0.000000,0.290897,0.500,5.000,1,1
1762884577.596712,STEP,0,0.500000,odom,1.494292,0.000000,0.000000,0.000000,0.301043,0.500,5.000,1,1
1762884577.615324,STEP,0,0.500000,odom,1.493097,-0.012901,-0.026511,0.279106,0.310696,0.500,5.000,1,1
1762884577.635400,STEP,0,0.500000,odom,1.493097,0.000000,0.000000,0.000000,0.310696,0.500,5.000,1,1
1762884577.656071,STEP,0,0.500000,odom,1.493097,0.000000,0.000000,0.000000,0.310696,0.500,5.000,1,1
1762884577.675312,STEP,0,0.500000,odom,1.493097,0.000000,0.000000,0.000000,0.310696,0.500,5.000,1,1
1762884577.695427,STEP,0,0.500000,odom,1.493097,0.000000,0.000000,0.000000,0.310696,0.500,5.000,1,1
1762884577.715564,STEP,0,0.500000,odom,1.493097,0.000000,0.000000,0.000000,0.310696,0.500,5.000,1,1
1762884577.735597,STEP,0,0.500000,odom,1.493097,0.000000,0.000000,0.000000,0.310696,0.500,5.000,1,1
1762884577.755170,STEP,0,0.500000,odom,1.493097,0.000000,0.000000,0.000000,0.319962,0.500,5.000,1,1
1762884577.775476,STEP,0,0.500000,odom,1.491805,-0.009822,-0.012033,0.178642,0.324355,0.500,5.000,1,1
1762884577.796127,STEP,0,0.500000,odom,1.491805,-0.006876,-0.008423,0.125049,0.324355,0.500,5.000,1,1
1762884577.815311,STEP,0,0.500000,odom,1.491805,0.000000,0.000000,0.000000,0.324355,0.500,5.000,1,1
1762884577.835373,STEP,0,0.500000,odom,1.491805,0.000000,0.000000,0.000000,0.324355,0.500,5.000,1,1
1762884577.855313,STEP,0,0.500000,odom,1.491805,0.000000,0.000000,0.000000,0.324355,0.500,5.000,1,1
1762884577.875336,STEP,0,0.500000,odom,1.491805,0.000000,0.000000,0.000000,0.324355,0.500,5.000,1,1
1762884577.895631,STEP,0,0.500000,odom,1.491805,0.000000,0.000000,0.000000,0.324355,0.500,5.000,1,1
1762884577.915303,STEP,0,0.500000,odom,1.491805,0.000000,0.000000,0.000000,0.336985,0.500,5.000,1,1
1762884577.935378,STEP,0,0.500000,odom,1.490459,-0.011487,-0.007815,0.188378,0.340928,0.500,5.000,1,1
1762884577.956872,STEP,0,0.500000,odom,1.490459,-0.008041,-0.005470,0.131865,0.340928,0.500,5.000,1,1
1762884577.975313,STEP,0,0.500000,odom,1.490459,0.000000,0.000000,0.000000,0.340928,0.500,5.000,1,1
1762884577.995286,STEP,0,0.500000,odom,1.490459,0.000000,0.000000,0.000000,0.340928,0.500,5.000,1,1
1762884578.015337,STEP,0,0.500000,odom,1.490459,0.000000,0.000000,0.000000,0.340928,0.500,5.000,1,1
1762884578.035279,STEP,0,0.500000,odom,1.490459,0.000000,0.000000,0.000000,0.340928,0.500,5.000,1,1
1762884578.055313,STEP,0,0.500000,odom,1.490459,0.000000,0.000000,0.000000,0.340928,0.500,5.000,1,1
1762884578.075521,STEP,0,0.500000,odom,1.490459,0.000000,0.000000,0.000000,0.348442,0.500,5.000,1,1
1762884578.095277,STEP,0,0.500000,odom,1.490459,0.000000,0.000000,0.000000,0.355546,0.500,5.000,1,1
1762884578.115316,STEP,0,0.500000,odom,1.489097,-0.015885,-0.004240,0.245845,0.358957,0.500,5.000,1,1
1762884578.136086,STEP,0,0.500000,odom,1.489097,0.000000,0.000000,0.000000,0.358957,0.500,5.000,1,1
1762884578.155348,STEP,0,0.500000,odom,1.489097,0.000000,0.000000,0.000000,0.358957,0.500,5.000,1,1
1762884578.175464,STEP,0,0.500000,odom,1.489097,0.000000,0.000000,0.000000,0.358957,0.500,5.000,1,1
1762884578.195702,STEP,0,0.500000,odom,1.489097,0.000000,0.000000,0.000000,0.358957,0.500,5.000,1,1
1762884578.215316,STEP,0,0.500000,odom,1.489097,0.000000,0.000000,0.000000,0.358957,0.500,5.000,1,1
1762884578.235618,STEP,0,0.500000,odom,1.489097,0.000000,0.000000,0.000000,0.358957,0.500,5.000,1,1
1762884578.255316,STEP,0,0.500000,odom,1.489097,0.000000,0.000000,0.000000,0.365307,0.500,5.000,1,1
1762884578.276023,STEP,0,0.500000,odom,1.489097,0.000000,0.000000,0.000000,0.371180,0.500,5.000,1,1
1762884578.295414,STEP,0,0.500000,odom,1.489097,0.000000,0.000000,0.000000,0.371180,0.500,5.000,1,1
1762884578.315447,STEP,0,0.500000,odom,1.489097,0.000000,0.000000,0.000000,0.371180,0.500,5.000,1,1
1762884578.335457,STEP,0,0.500000,odom,1.489097,0.000000,0.000000,0.000000,0.371180,0.500,5.000,1,1
1762884578.355326,STEP,0,0.500000,odom,1.489097,0.000000,0.000000,0.000000,0.371180,0.500,5.000,1,1
1762884578.376115,STEP,0,0.500000,odom,1.489097,0.000000,0.000000,0.000000,0.371180,0.500,5.000,1,1
1762884578.395410,STEP,0,0.500000,odom,1.489097,0.000000,0.000000,0.000000,0.371180,0.500,5.000,1,1
1762884578.415335,STEP,0,0.500000,odom,1.489097,0.000000,0.000000,0.000000,0.371180,0.500,5.000,1,1
1762884578.436294,STEP,0,0.500000,odom,1.487756,-0.033515,0.002733,0.508969,0.373912,0.500,5.000,1,1
1762884578.455273,STEP,0,0.500000,odom,1.487756,-0.023460,0.001913,0.356278,0.381599,0.500,5.000,1,1
1762884578.475299,STEP,0,0.500000,odom,1.487756,-0.016422,0.001339,0.249395,0.381599,0.500,5.000,1,1
1762884578.495469,STEP,0,0.500000,odom,1.487756,0.000000,0.000000,0.000000,0.381599,0.500,5.000,1,1
1762884578.516299,STEP,0,0.500000,odom,1.487756,0.000000,0.000000,0.000000,0.381599,0.500,5.000,1,1
1762884578.537175,STEP,0,0.500000,odom,1.487756,0.000000,0.000000,0.000000,0.381599,0.500,5.000,1,1
1762884578.557063,STEP,0,0.500000,odom,1.487756,0.000000,0.000000,0.000000,0.381599,0.500,5.000,1,1
1762884578.575312,STEP,0,0.500000,odom,1.487756,0.000000,0.000000,0.000000,0.381599,0.500,5.000,1,1
1762884578.595285,STEP,0,0.500000,odom,1.487756,0.000000,0.000000,0.000000,0.381599,0.500,5.000,1,1
1762884578.617195,STEP,0,0.500000,odom,1.487756,0.000000,0.000000,0.000000,0.383943,0.500,5.000,1,1
1762884578.635280,STEP,0,0.500000,odom,1.486467,-0.013658,0.005516,0.209210,0.390305,0.500,5.000,1,1
1762884578.655382,STEP,0,0.500000,odom,1.486467,-0.009561,0.003861,0.146447,0.392246,0.500,5.000,1,1
1762884578.675403,STEP,0,0.500000,odom,1.486467,0.000000,0.000000,0.000000,0.392246,0.500,5.000,1,1
1762884578.695316,STEP,0,0.500000,odom,1.486467,0.000000,0.000000,0.000000,0.392246,0.500,5.000,1,1
1762884578.715527,STEP,0,0.500000,odom,1.486467,0.000000,0.000000,0.000000,0.392246,0.500,5.000,1,1
1762884578.735317,STEP,0,0.500000,odom,1.486467,0.000000,0.000000,0.000000,0.392246,0.500,5.000,1,1
1762884578.755333,STEP,0,0.500000,odom,1.486467,0.000000,0.000000,0.000000,0.392246,0.500,5.000,1,1
1762884578.775637,STEP,0,0.500000,odom,1.486467,0.000000,0.000000,0.000000,0.392246,0.500,5.000,1,1
1762884578.795512,STEP,0,0.500000,odom,1.486467,0.000000,0.000000,0.000000,0.392246,0.500,5.000,1,1
1762884578.815507,STEP,0,0.500000,odom,1.485251,-0.022543,0.016280,0.356112,0.395863,0.500,5.000,1,1
1762884578.835263,STEP,0,0.500000,odom,1.485251,-0.015780,0.011396,0.249279,0.397499,0.500,5.000,1,1
1762884578.855310,STEP,0,0.500000,odom,1.485251,0.000000,0.000000,0.000000,0.397499,0.500,5.000,1,1
1762884578.875432,STEP,0,0.500000,odom,1.485251,0.000000,0.000000,0.000000,0.397499,0.500,5.000,1,1
1762884578.895302,STEP,0,0.500000,odom,1.485251,0.000000,0.000000,0.000000,0.397499,0.500,5.000,1,1
1762884578.916382,STEP,0,0.500000,odom,1.485251,0.000000,0.000000,0.000000,0.397499,0.500,5.000,1,1
1762884578.936536,STEP,0,0.500000,odom,1.485251,0.000000,0.000000,0.000000,0.397499,0.500,5.000,1,1
1762884578.955346,STEP,0,0.500000,odom,1.485251,0.000000,0.000000,0.000000,0.397499,0.500,5.000,1,1
1762884578.975603,STEP,0,0.500000,odom,1.485251,0.000000,0.000000,0.000000,0.397499,0.500,5.000,1,1
1762884578.995575,STEP,0,0.500000,odom,1.485251,0.000000,0.000000,0.000000,0.397499,0.500,5.000,1,1
1762884579.015207,STEP,0,0.500000,odom,1.485251,0.000000,0.000000,0.000000,0.402081,0.500,5.000,1,1
1762884579.035325,STEP,0,0.500000,odom,1.484124,-0.009341,0.009843,0.155067,0.403443,0.500,5.000,1,1
1762884579.055459,STEP,0,0.500000,odom,1.484124,0.000000,0.000000,0.000000,0.403443,0.500,5.000,1,1
1762884579.075327,STEP,0,0.500000,odom,1.484124,0.000000,0.000000,0.000000,0.403443,0.500,5.000,1,1
1762884579.096701,STEP,0,0.500000,odom,1.484124,0.000000,0.000000,0.000000,0.403443,0.500,5.000,1,1
1762884579.115348,STEP,0,0.500000,odom,1.484124,0.000000,0.000000,0.000000,0.403443,0.500,5.000,1,1
1762884579.135328,STEP,0,0.500000,odom,1.484124,0.000000,0.000000,0.000000,0.403443,0.500,5.000,1,1
1762884579.155619,STEP,0,0.500000,odom,1.484124,0.000000,0.000000,0.000000,0.403443,0.500,5.000,1,1
1762884579.175393,STEP,0,0.500000,odom,1.484124,0.000000,0.000000,0.000000,0.403443,0.500,5.000,1,1
1762884579.195329,STEP,0,0.500000,odom,1.484124,0.000000,0.000000,0.000000,0.403443,0.500,5.000,1,1
1762884579.215425,STEP,0,0.500000,odom,1.483087,-0.015599,0.021849,0.274554,0.407117,0.500,5.000,1,1
1762884579.235368,STEP,0,0.500000,odom,1.483087,-0.010919,0.015294,0.192188,0.408232,0.500,5.000,1,1
1762884579.255429,STEP,0,0.500000,odom,1.483087,0.000000,0.000000,0.000000,0.408232,0.500,5.000,1,1
1762884579.275455,STEP,0,0.500000,odom,1.483087,0.000000,0.000000,0.000000,0.408232,0.500,5.000,1,1
1762884579.295430,STEP,0,0.500000,odom,1.483087,0.000000,0.000000,0.000000,0.408232,0.500,5.000,1,1
1762884579.318139,STEP,0,0.500000,odom,1.483087,0.000000,0.000000,0.000000,0.408232,0.500,5.000,1,1
1762884579.335489,STEP,0,0.500000,odom,1.483087,0.000000,0.000000,0.000000,0.408232,0.500,5.000,1,1
1762884579.355341,STEP,0,0.500000,odom,1.483087,0.000000,0.000000,0.000000,0.408232,0.500,5.000,1,1
1762884579.375316,STEP,0,0.500000,odom,1.483087,0.000000,0.000000,0.000000,0.408232,0.500,5.000,1,1
1762884579.395310,STEP,0,0.500000,odom,1.483087,0.000000,0.000000,0.000000,0.409250,0.500,5.000,1,1
1762884579.415324,STEP,0,0.500000,odom,1.483087,0.000000,0.000000,0.000000,0.411954,0.500,5.000,1,1
1762884579.435598,STEP,0,0.500000,odom,1.482135,-0.014788,0.026027,0.276835,0.412802,0.500,5.000,1,1
1762884579.455866,STEP,0,0.500000,odom,1.482135,-0.010352,0.018219,0.193785,0.412802,0.500,5.000,1,1
1762884579.475777,STEP,0,0.500000,odom,1.482135,0.000000,0.000000,0.000000,0.412802,0.500,5.000,1,1
1762884579.495776,STEP,0,0.500000,odom,1.482135,0.000000,0.000000,0.000000,0.412802,0.500,5.000,1,1
1762884579.515564,STEP,0,0.500000,odom,1.482135,0.000000,0.000000,0.000000,0.412802,0.500,5.000,1,1
1762884579.535488,STEP,0,0.500000,odom,1.482135,0.000000,0.000000,0.000000,0.412802,0.500,5.000,1,1
1762884579.555340,STEP,0,0.500000,odom,1.482135,0.000000,0.000000,0.000000,0.412802,0.500,5.000,1,1
1762884579.575324,STEP,0,0.500000,odom,1.482135,0.000000,0.000000,0.000000,0.412802,0.500,5.000,1,1
1762884579.595479,STEP,0,0.500000,odom,1.482135,0.000000,0.000000,0.000000,0.412802,0.500,5.000,1,1
1762884579.615426,STEP,0,0.500000,odom,1.482135,0.000000,0.000000,0.000000,0.412802,0.500,5.000,1,1
1762884579.635293,STEP,0,0.500000,odom,1.482135,0.000000,0.000000,0.000000,0.412802,0.500,5.000,1,1
1762884579.655148,STEP,0,0.500000,odom,1.482135,0.000000,0.000000,0.000000,0.413579,0.500,5.000,1,1
1762884579.675431,STEP,0,0.500000,odom,1.482135,0.000000,0.000000,0.000000,0.414279,0.500,5.000,1,1
1762884579.695262,STEP,0,0.500000,odom,1.481255,-0.014042,0.029742,0.278398,0.415564,0.500,5.000,1,1
1762884579.715288,STEP,0,0.500000,odom,1.481255,0.000000,0.000000,0.000000,0.415564,0.500,5.000,1,1
1762884579.735455,STEP,0,0.500000,odom,1.481255,0.000000,0.000000,0.000000,0.415564,0.500,5.000,1,1
1762884579.755344,STEP,0,0.500000,odom,1.481255,0.000000,0.000000,0.000000,0.415564,0.500,5.000,1,1
1762884579.778055,STEP,0,0.500000,odom,1.481255,0.000000,0.000000,0.000000,0.415564,0.500,5.000,1,1
1762884579.799196,STEP,0,0.500000,odom,1.481255,0.000000,0.000000,0.000000,0.415564,0.500,5.000,1,1
1762884579.815346,STEP,0,0.500000,odom,1.481255,0.000000,0.000000,0.000000,0.415564,0.500,5.000,1,1
1762884579.835444,STEP,0,0.500000,odom,1.481255,0.000000,0.000000,0.000000,0.415564,0.500,5.000,1,1
1762884579.855408,STEP,0,0.500000,odom,1.481255,0.000000,0.000000,0.000000,0.415564,0.500,5.000,1,1
1762884579.875168,STEP,0,0.500000,odom,1.481255,0.000000,0.000000,0.000000,0.416748,0.500,5.000,1,1
1762884579.895388,STEP,0,0.500000,odom,1.480432,-0.008944,0.021969,0.186282,0.417303,0.500,5.000,1,1
1762884579.915362,STEP,0,0.500000,odom,1.480432,-0.006261,0.015378,0.130397,0.417303,0.500,5.000,1,1
1762884579.936211,STEP,0,0.500000,odom,1.480432,0.000000,0.000000,0.000000,0.417303,0.500,5.000,1,1
1762884579.955308,STEP,0,0.500000,odom,1.480432,0.000000,0.000000,0.000000,0.417303,0.500,5.000,1,1
1762884579.976781,STEP,0,0.500000,odom,1.480432,0.000000,0.000000,0.000000,0.417303,0.500,5.000,1,1
1762884579.995377,STEP,0,0.500000,odom,1.480432,0.000000,0.000000,0.000000,0.417303,0.500,5.000,1,1
1762884580.016098,STEP,0,0.500000,odom,1.480432,0.000000,0.000000,0.000000,0.417303,0.500,5.000,1,1
1762884580.035687,STEP,0,0.500000,odom,1.480432,0.000000,0.000000,0.000000,0.417303,0.500,5.000,1,1
1762884580.055389,STEP,0,0.500000,odom,1.480432,0.000000,0.000000,0.000000,0.417303,0.500,5.000,1,1
1762884580.075553,STEP,0,0.500000,odom,1.480432,0.000000,0.000000,0.000000,0.418322,0.500,5.000,1,1
1762884580.095263,STEP,0,0.500000,odom,1.480432,0.000000,0.000000,0.000000,0.419239,0.500,5.000,1,1
1762884580.116103,STEP,0,0.500000,odom,1.479653,-0.012864,0.035681,0.280068,0.419239,0.500,5.000,1,1
1762884580.135354,STEP,0,0.500000,odom,1.479653,0.000000,0.000000,0.000000,0.419239,0.500,5.000,1,1
1762884580.155358,STEP,0,0.500000,odom,1.479653,0.000000,0.000000,0.000000,0.419239,0.500,5.000,1,1
1762884580.175252,STEP,0,0.500000,odom,1.479653,0.000000,0.000000,0.000000,0.419239,0.500,5.000,1,1
1762884580.195342,STEP,0,0.500000,odom,1.479653,0.000000,0.000000,0.000000,0.419239,0.500,5.000,1,1
1762884580.216338,STEP,0,0.500000,odom,1.479653,0.000000,0.000000,0.000000,0.419239,0.500,5.000,1,1
1762884580.236081,STEP,0,0.500000,odom,1.479653,0.000000,0.000000,0.000000,0.419239,0.500,5.000,1,1
1762884580.255879,STEP,0,0.500000,odom,1.479653,0.000000,0.000000,0.000000,0.419239,0.500,5.000,1,1
1762884580.275295,STEP,0,0.500000,odom,1.479653,0.000000,0.000000,0.000000,0.419607,0.500,5.000,1,1
1762884580.295157,STEP,0,0.500000,odom,1.479653,0.000000,0.000000,0.000000,0.420797,0.500,5.000,1,1
1762884580.316298,STEP,0,0.500000,odom,1.478906,-0.012404,0.037917,0.280487,0.421175,0.500,5.000,1,1
1762884580.335345,STEP,0,0.500000,odom,1.478906,-0.008683,0.026542,0.196341,0.421175,0.500,5.000,1,1
1762884580.355388,STEP,0,0.500000,odom,1.478906,0.000000,0.000000,0.000000,0.421175,0.500,5.000,1,1
1762884580.376218,STEP,0,0.500000,odom,1.478906,0.000000,0.000000,0.000000,0.421175,0.500,5.000,1,1
1762884580.398057,STEP,0,0.500000,odom,1.478906,0.000000,0.000000,0.000000,0.421175,0.500,5.000,1,1
1762884580.417119,STEP,0,0.500000,odom,1.478906,0.000000,0.000000,0.000000,0.421175,0.500,5.000,1,1
1762884580.435295,STEP,0,0.500000,odom,1.478906,0.000000,0.000000,0.000000,0.421175,0.500,5.000,1,1
1762884580.455450,STEP,0,0.500000,odom,1.478906,0.000000,0.000000,0.000000,0.421175,0.500,5.000,1,1
1762884580.476734,STEP,0,0.500000,odom,1.478906,0.000000,0.000000,0.000000,0.421175,0.500,5.000,1,1
1762884580.495483,STEP,0,0.500000,odom,1.478906,0.000000,0.000000,0.000000,0.421537,0.500,5.000,1,1
1762884580.515788,STEP,0,0.500000,odom,1.478906,0.000000,0.000000,0.000000,0.422670,0.500,5.000,1,1
1762884580.535478,STEP,0,0.500000,odom,1.478177,-0.016066,0.052897,0.374436,0.422670,0.500,5.000,1,1
1762884580.555311,STEP,0,0.500000,odom,1.478177,0.000000,0.000000,0.000000,0.422670,0.500,5.000,1,1
1762884580.575406,STEP,0,0.500000,odom,1.478177,0.000000,0.000000,0.000000,0.422670,0.500,5.000,1,1
1762884580.595271,STEP,0,0.500000,odom,1.478177,0.000000,0.000000,0.000000,0.422670,0.500,5.000,1,1
1762884580.615623,STEP,0,0.500000,odom,1.478177,0.000000,0.000000,0.000000,0.422670,0.500,5.000,1,1
1762884580.635412,STEP,0,0.500000,odom,1.478177,0.000000,0.000000,0.000000,0.422670,0.500,5.000,1,1
1762884580.655392,STEP,0,0.500000,odom,1.478177,0.000000,0.000000,0.000000,0.422670,0.500,5.000,1,1
1762884580.675366,STEP,0,0.500000,odom,1.478177,0.000000,0.000000,0.000000,0.422670,0.500,5.000,1,1
1762884580.695414,STEP,0,0.500000,odom,1.478177,0.000000,0.000000,0.000000,0.422670,0.500,5.000,1,1
1762884580.715368,STEP,0,0.500000,odom,1.478177,0.000000,0.000000,0.000000,0.423060,0.500,5.000,1,1
1762884580.735342,STEP,0,0.500000,odom,1.478177,0.000000,0.000000,0.000000,0.424243,0.500,5.000,1,1
1762884580.755333,STEP,0,0.500000,odom,1.478177,0.000000,0.000000,0.000000,0.424243,0.500,5.000,1,1
1762884580.775293,STEP,0,0.500000,odom,1.478177,0.000000,0.000000,0.000000,0.424243,0.500,5.000,1,1
1762884580.795356,STEP,0,0.500000,odom,1.478177,0.000000,0.000000,0.000000,0.424243,0.500,5.000,1,1
1762884580.815427,STEP,0,0.500000,odom,1.478177,0.000000,0.000000,0.000000,0.424243,0.500,5.000,1,1
1762884580.838072,STEP,0,0.500000,odom,1.478177,0.000000,0.000000,0.000000,0.424243,0.500,5.000,1,1
1762884580.855325,STEP,0,0.500000,odom,1.478177,0.000000,0.000000,0.000000,0.424243,0.500,5.000,1,1
1762884580.878214,STEP,0,0.500000,odom,1.478177,0.000000,0.000000,0.000000,0.424243,0.500,5.000,1,1
1762884580.895535,STEP,0,0.500000,odom,1.478177,0.000000,0.000000,0.000000,0.424243,0.500,5.000,1,1
1762884580.915843,STEP,0,0.500000,odom,1.478177,0.000000,0.000000,0.000000,0.424597,0.500,5.000,1,1
1762884580.935340,STEP,0,0.500000,odom,1.477452,-0.011871,0.040971,0.281191,0.425370,0.500,5.000,1,1
1762884580.955380,STEP,0,0.500000,odom,1.477452,-0.008310,0.028680,0.196834,0.425786,0.500,5.000,1,1
1762884580.975338,STEP,0,0.500000,odom,1.477452,0.000000,0.000000,0.000000,0.425786,0.500,5.000,1,1
1762884580.995620,STEP,0,0.500000,odom,1.477452,0.000000,0.000000,0.000000,0.425786,0.500,5.000,1,1
1762884581.015421,STEP,0,0.500000,odom,1.477452,0.000000,0.000000,0.000000,0.425786,0.500,5.000,1,1
1762884581.035293,STEP,0,0.500000,odom,1.477452,0.000000,0.000000,0.000000,0.425786,0.500,5.000,1,1
1762884581.055338,STEP,0,0.500000,odom,1.477452,0.000000,0.000000,0.000000,0.425786,0.500,5.000,1,1
1762884581.075268,STEP,0,0.500000,odom,1.477452,0.000000,0.000000,0.000000,0.425786,0.500,5.000,1,1
1762884581.095321,STEP,0,0.500000,odom,1.477452,0.000000,0.000000,0.000000,0.425786,0.500,5.000,1,1
1762884581.115437,STEP,0,0.500000,odom,1.477452,0.000000,0.000000,0.000000,0.426740,0.500,5.000,1,1
1762884581.135270,STEP,0,0.500000,odom,1.476714,-0.011884,0.041824,0.281683,0.427698,0.500,5.000,1,1
1762884581.155384,STEP,0,0.500000,odom,1.476714,-0.008319,0.029277,0.197178,0.427698,0.500,5.000,1,1
1762884581.175335,STEP,0,0.500000,odom,1.476714,0.000000,0.000000,0.000000,0.427698,0.500,5.000,1,1
1762884581.195266,STEP,0,0.500000,odom,1.476714,0.000000,0.000000,0.000000,0.427698,0.500,5.000,1,1
1762884581.215455,STEP,0,0.500000,odom,1.476714,0.000000,0.000000,0.000000,0.427698,0.500,5.000,1,1
1762884581.235329,STEP,0,0.500000,odom,1.476714,0.000000,0.000000,0.000000,0.427698,0.500,5.000,1,1
1762884581.258280,STEP,0,0.500000,odom,1.476714,0.000000,0.000000,0.000000,0.427698,0.500,5.000,1,1
1762884581.275486,STEP,0,0.500000,odom,1.476714,0.000000,0.000000,0.000000,0.427698,0.500,5.000,1,1
1762884581.295263,STEP,0,0.500000,odom,1.476714,0.000000,0.000000,0.000000,0.427698,0.500,5.000,1,1
1762884581.315536,STEP,0,0.500000,odom,1.476714,0.000000,0.000000,0.000000,0.428633,0.500,5.000,1,1
1762884581.335386,STEP,0,0.500000,odom,1.475948,-0.012113,0.042254,0.282396,0.429682,0.500,5.000,1,1
1762884581.355345,STEP,0,0.500000,odom,1.475948,-0.008479,0.029578,0.197677,0.429682,0.500,5.000,1,1
1762884581.375302,STEP,0,0.500000,odom,1.475948,0.000000,0.000000,0.000000,0.429682,0.500,5.000,1,1
1762884581.395367,STEP,0,0.500000,odom,1.475948,0.000000,0.000000,0.000000,0.429682,0.500,5.000,1,1
1762884581.415313,STEP,0,0.500000,odom,1.475948,0.000000,0.000000,0.000000,0.429682,0.500,5.000,1,1
1762884581.435365,STEP,0,0.500000,odom,1.475948,0.000000,0.000000,0.000000,0.429682,0.500,5.000,1,1
1762884581.458115,STEP,0,0.500000,odom,1.475948,0.000000,0.000000,0.000000,0.429682,0.500,5.000,1,1
1762884581.475334,STEP,0,0.500000,odom,1.475948,0.000000,0.000000,0.000000,0.429682,0.500,5.000,1,1
1762884581.495353,STEP,0,0.500000,odom,1.475948,0.000000,0.000000,0.000000,0.429682,0.500,5.000,1,1
1762884581.516085,STEP,0,0.500000,odom,1.475948,0.000000,0.000000,0.000000,0.430233,0.500,5.000,1,1
1762884581.535549,STEP,0,0.500000,odom,1.475137,-0.010055,0.033825,0.226700,0.432123,0.500,5.000,1,1
1762884581.555305,STEP,0,0.500000,odom,1.475137,-0.007039,0.023678,0.158690,0.432739,0.500,5.000,1,1
1762884581.575420,STEP,0,0.500000,odom,1.475137,0.000000,0.000000,0.000000,0.432739,0.500,5.000,1,1
1762884581.595476,STEP,0,0.500000,odom,1.475137,0.000000,0.000000,0.000000,0.432739,0.500,5.000,1,1
1762884581.615330,STEP,0,0.500000,odom,1.475137,0.000000,0.000000,0.000000,0.432739,0.500,5.000,1,1
1762884581.635337,STEP,0,0.500000,odom,1.475137,0.000000,0.000000,0.000000,0.432739,0.500,5.000,1,1
1762884581.655330,STEP,0,0.500000,odom,1.475137,0.000000,0.000000,0.000000,0.432739,0.500,5.000,1,1
1762884581.675318,STEP,0,0.500000,odom,1.475137,0.000000,0.000000,0.000000,0.432739,0.500,5.000,1,1
1762884581.695524,STEP,0,0.500000,odom,1.475137,0.000000,0.000000,0.000000,0.432739,0.500,5.000,1,1
1762884581.715492,STEP,0,0.500000,odom,1.475137,0.000000,0.000000,0.000000,0.434724,0.500,5.000,1,1
1762884581.735682,STEP,0,0.500000,odom,1.474270,-0.010574,0.033550,0.227739,0.435380,0.500,5.000,1,1
1762884581.755443,STEP,0,0.500000,odom,1.474270,-0.007402,0.023485,0.159417,0.435380,0.500,5.000,1,1
1762884581.775308,STEP,0,0.500000,odom,1.474270,0.000000,0.000000,0.000000,0.435380,0.500,5.000,1,1
1762884581.795292,STEP,0,0.500000,odom,1.474270,0.000000,0.000000,0.000000,0.435380,0.500,5.000,1,1
1762884581.817146,STEP,0,0.500000,odom,1.474270,0.000000,0.000000,0.000000,0.435380,0.500,5.000,1,1
1762884581.835313,STEP,0,0.500000,odom,1.474270,0.000000,0.000000,0.000000,0.435380,0.500,5.000,1,1
1762884581.855593,STEP,0,0.500000,odom,1.474270,0.000000,0.000000,0.000000,0.435380,0.500,5.000,1,1
1762884581.875385,STEP,0,0.500000,odom,1.474270,0.000000,0.000000,0.000000,0.435380,0.500,5.000,1,1
1762884581.895323,STEP,0,0.500000,odom,1.474270,0.000000,0.000000,0.000000,0.436087,0.500,5.000,1,1
1762884581.915425,STEP,0,0.500000,odom,1.473336,-0.014015,0.041243,0.286320,0.438410,0.500,5.000,1,1
1762884581.935306,STEP,0,0.500000,odom,1.473336,-0.009810,0.028870,0.200424,0.438410,0.500,5.000,1,1
1762884581.955332,STEP,0,0.500000,odom,1.473336,0.000000,0.000000,0.000000,0.438410,0.500,5.000,1,1
1762884581.975410,STEP,0,0.500000,odom,1.473336,0.000000,0.000000,0.000000,0.438410,0.500,5.000,1,1
1762884581.995366,STEP,0,0.500000,odom,1.473336,0.000000,0.000000,0.000000,0.438410,0.500,5.000,1,1
1762884582.015674,STEP,0,0.500000,odom,1.473336,0.000000,0.000000,0.000000,0.438410,0.500,5.000,1,1
1762884582.037231,STEP,0,0.500000,odom,1.473336,0.000000,0.000000,0.000000,0.438410,0.500,5.000,1,1
1762884582.055453,STEP,0,0.500000,odom,1.473336,0.000000,0.000000,0.000000,0.438410,0.500,5.000,1,1
1762884582.076123,STEP,0,0.500000,odom,1.473336,0.000000,0.000000,0.000000,0.438410,0.500,5.000,1,1
1762884582.095233,STEP,0,0.500000,odom,1.473336,0.000000,0.000000,0.000000,0.440051,0.500,5.000,1,1
1762884582.115402,STEP,0,0.500000,odom,1.472335,-0.011849,0.032183,0.230665,0.442461,0.500,5.000,1,1
1762884582.135735,STEP,0,0.500000,odom,1.472335,-0.008294,0.022528,0.161466,0.442461,0.500,5.000,1,1
1762884582.155282,STEP,0,0.500000,odom,1.472335,0.000000,0.000000,0.000000,0.442461,0.500,5.000,1,1
1762884582.175512,STEP,0,0.500000,odom,1.472335,0.000000,0.000000,0.000000,0.442461,0.500,5.000,1,1
1762884582.195562,STEP,0,0.500000,odom,1.472335,0.000000,0.000000,0.000000,0.442461,0.500,5.000,1,1
1762884582.217077,STEP,0,0.500000,odom,1.472335,0.000000,0.000000,0.000000,0.442461,0.500,5.000,1,1
1762884582.235417,STEP,0,0.500000,odom,1.472335,0.000000,0.000000,0.000000,0.442461,0.500,5.000,1,1
1762884582.255308,STEP,0,0.500000,odom,1.472335,0.000000,0.000000,0.000000,0.442461,0.500,5.000,1,1
1762884582.275187,STEP,0,0.500000,odom,1.472335,0.000000,0.000000,0.000000,0.443302,0.500,5.000,1,1
1762884582.295187,STEP,0,0.500000,odom,1.472335,0.000000,0.000000,0.000000,0.445198,0.500,5.000,1,1
1762884582.315576,STEP,0,0.500000,odom,1.471272,-0.020690,0.051924,0.387587,0.445198,0.500,5.000,1,1
1762884582.335334,STEP,0,0.500000,odom,1.471272,0.000000,0.000000,0.000000,0.445198,0.500,5.000,1,1
1762884582.355230,STEP,0,0.500000,odom,1.471272,0.000000,0.000000,0.000000,0.445198,0.500,5.000,1,1
1762884582.375355,STEP,0,0.500000,odom,1.471272,0.000000,0.000000,0.000000,0.445198,0.500,5.000,1,1
1762884582.395442,STEP,0,0.500000,odom,1.471272,0.000000,0.000000,0.000000,0.445198,0.500,5.000,1,1
1762884582.415331,STEP,0,0.500000,odom,1.471272,0.000000,0.000000,0.000000,0.445198,0.500,5.000,1,1
1762884582.435698,STEP,0,0.500000,odom,1.471272,0.000000,0.000000,0.000000,0.445198,0.500,5.000,1,1
1762884582.455888,STEP,0,0.500000,odom,1.471272,0.000000,0.000000,0.000000,0.445198,0.500,5.000,1,1
1762884582.475300,STEP,0,0.500000,odom,1.471272,0.000000,0.000000,0.000000,0.447129,0.500,5.000,1,1
1762884582.495356,STEP,0,0.500000,odom,1.471272,0.000000,0.000000,0.000000,0.449128,0.500,5.000,1,1
1762884582.515589,STEP,0,0.500000,odom,1.470150,-0.064610,0.149633,1.173557,0.449128,0.500,5.000,1,1
1762884582.535322,STEP,0,0.500000,odom,1.470150,0.000000,0.000000,0.000000,0.449128,0.500,5.000,1,1
1762884582.555472,STEP,0,0.500000,odom,1.470150,0.000000,0.000000,0.000000,0.449128,0.500,5.000,1,1
1762884582.575304,STEP,0,0.500000,odom,1.470150,0.000000,0.000000,0.000000,0.449128,0.500,5.000,1,1
1762884582.595349,STEP,0,0.500000,odom,1.470150,0.000000,0.000000,0.000000,0.449128,0.500,5.000,1,1
1762884582.615305,STEP,0,0.500000,odom,1.470150,0.000000,0.000000,0.000000,0.449128,0.500,5.000,1,1
1762884582.635312,STEP,0,0.500000,odom,1.470150,0.000000,0.000000,0.000000,0.449128,0.500,5.000,1,1
1762884582.655270,STEP,0,0.500000,odom,1.470150,0.000000,0.000000,0.000000,0.451182,0.500,5.000,1,1
1762884582.676087,STEP,0,0.500000,odom,1.470150,0.000000,0.000000,0.000000,0.453232,0.500,5.000,1,1
1762884582.695297,STEP,0,0.500000,odom,1.468976,-0.016677,0.035688,0.296417,0.454314,0.500,5.000,1,1
1762884582.715453,STEP,0,0.500000,odom,1.468976,0.000000,0.000000,0.000000,0.454314,0.500,5.000,1,1
1762884582.735451,STEP,0,0.500000,odom,1.468976,0.000000,0.000000,0.000000,0.454314,0.500,5.000,1,1
1762884582.755449,STEP,0,0.500000,odom,1.468976,0.000000,0.000000,0.000000,0.454314,0.500,5.000,1,1
1762884582.777134,STEP,0,0.500000,odom,1.468976,0.000000,0.000000,0.000000,0.454314,0.500,5.000,1,1
1762884582.795351,STEP,0,0.500000,odom,1.468976,0.000000,0.000000,0.000000,0.454314,0.500,5.000,1,1
1762884582.815493,STEP,0,0.500000,odom,1.468976,0.000000,0.000000,0.000000,0.454314,0.500,5.000,1,1
1762884582.835126,STEP,0,0.500000,odom,1.468976,0.000000,0.000000,0.000000,0.457686,0.500,5.000,1,1
1762884582.856860,STEP,0,0.500000,odom,1.468976,0.000000,0.000000,0.000000,0.458844,0.500,5.000,1,1
1762884582.875650,STEP,0,0.500000,odom,1.467760,-0.068124,0.135279,1.198913,0.458844,0.500,5.000,1,1
1762884582.895742,STEP,0,0.500000,odom,1.467760,0.000000,0.000000,0.000000,0.458844,0.500,5.000,1,1
1762884582.915330,STEP,0,0.500000,odom,1.467760,0.000000,0.000000,0.000000,0.458844,0.500,5.000,1,1
1762884582.935331,STEP,0,0.500000,odom,1.467760,0.000000,0.000000,0.000000,0.458844,0.500,5.000,1,1
1762884582.956235,STEP,0,0.500000,odom,1.467760,0.000000,0.000000,0.000000,0.458844,0.500,5.000,1,1
1762884582.975264,STEP,0,0.500000,odom,1.467760,0.000000,0.000000,0.000000,0.458844,0.500,5.000,1,1
1762884582.995309,STEP,0,0.500000,odom,1.467760,0.000000,0.000000,0.000000,0.460043,0.500,5.000,1,1
1762884583.015540,STEP,0,0.500000,odom,1.467760,0.000000,0.000000,0.000000,0.463761,0.500,5.000,1,1
1762884583.035373,STEP,0,0.500000,odom,1.467760,0.000000,0.000000,0.000000,0.463761,0.500,5.000,1,1
1762884583.055614,STEP,0,0.500000,odom,1.467760,0.000000,0.000000,0.000000,0.463761,0.500,5.000,1,1
1762884583.075914,STEP,0,0.500000,odom,1.467760,0.000000,0.000000,0.000000,0.463761,0.500,5.000,1,1
1762884583.095299,STEP,0,0.500000,odom,1.467760,0.000000,0.000000,0.000000,0.463761,0.500,5.000,1,1
1762884583.115299,STEP,0,0.500000,odom,1.467760,0.000000,0.000000,0.000000,0.463761,0.500,5.000,1,1
1762884583.135343,STEP,0,0.500000,odom,1.467760,0.000000,0.000000,0.000000,0.463761,0.500,5.000,1,1
1762884583.155786,STEP,0,0.500000,odom,1.467760,0.000000,0.000000,0.000000,0.463761,0.500,5.000,1,1
1762884583.175355,STEP,0,0.500000,odom,1.466513,-0.017175,0.031869,0.303305,0.466305,0.500,5.000,1,1
1762884583.195458,STEP,0,0.500000,odom,1.466513,-0.012022,0.022308,0.212313,0.468795,0.500,5.000,1,1
1762884583.215428,STEP,0,0.500000,odom,1.466513,0.000000,0.000000,0.000000,0.468795,0.500,5.000,1,1
1762884583.237329,STEP,0,0.500000,odom,1.466513,0.000000,0.000000,0.000000,0.468795,0.500,5.000,1,1
1762884583.255759,STEP,0,0.500000,odom,1.466513,0.000000,0.000000,0.000000,0.468795,0.500,5.000,1,1
1762884583.275389,STEP,0,0.500000,odom,1.466513,0.000000,0.000000,0.000000,0.468795,0.500,5.000,1,1
1762884583.295319,STEP,0,0.500000,odom,1.466513,0.000000,0.000000,0.000000,0.468795,0.500,5.000,1,1
1762884583.315331,STEP,0,0.500000,odom,1.466513,0.000000,0.000000,0.000000,0.468795,0.500,5.000,1,1
1762884583.335395,STEP,0,0.500000,odom,1.465245,-0.022971,0.039842,0.409448,0.471451,0.500,5.000,1,1
1762884583.355626,STEP,0,0.500000,odom,1.465245,-0.016080,0.027890,0.286614,0.475400,0.500,5.000,1,1
1762884583.375384,STEP,0,0.500000,odom,1.465245,-0.011256,0.019523,0.200630,0.475400,0.500,5.000,1,1
1762884583.395400,STEP,0,0.500000,odom,1.465245,0.000000,0.000000,0.000000,0.475400,0.500,5.000,1,1
1762884583.415474,STEP,0,0.500000,odom,1.465245,0.000000,0.000000,0.000000,0.475400,0.500,5.000,1,1
1762884583.435347,STEP,0,0.500000,odom,1.465245,0.000000,0.000000,0.000000,0.475400,0.500,5.000,1,1
1762884583.455333,STEP,0,0.500000,odom,1.465245,0.000000,0.000000,0.000000,0.475400,0.500,5.000,1,1
1762884583.475276,STEP,0,0.500000,odom,1.465245,0.000000,0.000000,0.000000,0.475400,0.500,5.000,1,1
1762884583.495214,STEP,0,0.500000,odom,1.465245,0.000000,0.000000,0.000000,0.476771,0.500,5.000,1,1
1762884583.516158,STEP,0,0.500000,odom,1.463960,-0.013756,0.022332,0.248839,0.479678,0.500,5.000,1,1
1762884583.535624,STEP,0,0.500000,odom,1.463960,-0.009629,0.015632,0.174187,0.479678,0.500,5.000,1,1
1762884583.555574,STEP,0,0.500000,odom,1.463960,0.000000,0.000000,0.000000,0.479678,0.500,5.000,1,1
1762884583.575766,STEP,0,0.500000,odom,1.463960,0.000000,0.000000,0.000000,0.479678,0.500,5.000,1,1
1762884583.595437,STEP,0,0.500000,odom,1.463960,0.000000,0.000000,0.000000,0.479678,0.500,5.000,1,1
1762884583.616007,STEP,0,0.500000,odom,1.463960,0.000000,0.000000,0.000000,0.479678,0.500,5.000,1,1
1762884583.635313,STEP,0,0.500000,odom,1.463960,0.000000,0.000000,0.000000,0.479678,0.500,5.000,1,1
1762884583.655401,STEP,0,0.500000,odom,1.463960,0.000000,0.000000,0.000000,0.479678,0.500,5.000,1,1
1762884583.675433,STEP,0,0.500000,odom,1.463960,0.000000,0.000000,0.000000,0.479678,0.500,5.000,1,1
1762884583.695603,STEP,0,0.500000,odom,1.462672,-0.022684,0.034699,0.420178,0.483885,0.500,5.000,1,1
1762884583.715312,STEP,0,0.500000,odom,1.462672,-0.015879,0.024289,0.294125,0.485328,0.500,5.000,1,1
1762884583.735289,STEP,0,0.500000,odom,1.462672,0.000000,0.000000,0.000000,0.485328,0.500,5.000,1,1
1762884583.757072,STEP,0,0.500000,odom,1.462672,0.000000,0.000000,0.000000,0.485328,0.500,5.000,1,1
1762884583.775361,STEP,0,0.500000,odom,1.462672,0.000000,0.000000,0.000000,0.485328,0.500,5.000,1,1
1762884583.795357,STEP,0,0.500000,odom,1.462672,0.000000,0.000000,0.000000,0.485328,0.500,5.000,1,1
1762884583.815401,STEP,0,0.500000,odom,1.462672,0.000000,0.000000,0.000000,0.485328,0.500,5.000,1,1
1762884583.836341,STEP,0,0.500000,odom,1.462672,0.000000,0.000000,0.000000,0.485328,0.500,5.000,1,1
1762884583.855285,STEP,0,0.500000,odom,1.462672,0.000000,0.000000,0.000000,0.488287,0.500,5.000,1,1
1762884583.875410,STEP,0,0.500000,odom,1.461386,-0.011160,0.016180,0.212869,0.491315,0.500,5.000,1,1
1762884583.895393,STEP,0,0.500000,odom,1.461386,0.000000,0.000000,0.000000,0.491315,0.500,5.000,1,1
1762884583.915463,STEP,0,0.500000,odom,1.461386,0.000000,0.000000,0.000000,0.491315,0.500,5.000,1,1
1762884583.935438,STEP,0,0.500000,odom,1.461386,0.000000,0.000000,0.000000,0.491315,0.500,5.000,1,1
1762884583.955270,STEP,0,0.500000,odom,1.461386,0.000000,0.000000,0.000000,0.491315,0.500,5.000,1,1
1762884583.975326,STEP,0,0.500000,odom,1.461386,0.000000,0.000000,0.000000,0.491315,0.500,5.000,1,1
1762884583.995437,STEP,0,0.500000,odom,1.461386,0.000000,0.000000,0.000000,0.491315,0.500,5.000,1,1
1762884584.015493,STEP,0,0.500000,odom,1.461386,0.000000,0.000000,0.000000,0.492786,0.500,5.000,1,1
1762884584.035349,STEP,0,0.500000,odom,1.461386,0.000000,0.000000,0.000000,0.497230,0.500,5.000,1,1
1762884584.056382,STEP,0,0.500000,odom,1.460110,-0.013151,0.018160,0.258801,0.498734,0.500,5.000,1,1
1762884584.075719,STEP,0,0.500000,odom,1.460110,0.000000,0.000000,0.000000,0.498734,0.500,5.000,1,1
1762884584.095613,STEP,0,0.500000,odom,1.460110,0.000000,0.000000,0.000000,0.498734,0.500,5.000,1,1
1762884584.116389,STEP,0,0.500000,odom,1.460110,0.000000,0.000000,0.000000,0.498734,0.500,5.000,1,1
1762884584.135495,STEP,0,0.500000,odom,1.460110,0.000000,0.000000,0.000000,0.498734,0.500,5.000,1,1
1762884584.155347,STEP,0,0.500000,odom,1.460110,0.000000,0.000000,0.000000,0.498734,0.500,5.000,1,1
1762884584.175395,STEP,0,0.500000,odom,1.460110,0.000000,0.000000,0.000000,0.498734,0.500,5.000,1,1
1762884584.195346,STEP,0,0.500000,odom,1.460110,0.000000,0.000000,0.000000,0.498734,0.500,5.000,1,1
1762884584.215412,STEP,0,0.500000,odom,1.460110,0.000000,0.000000,0.000000,0.501644,0.500,5.000,1,1
1762884584.235303,STEP,0,0.500000,odom,1.458846,-0.016138,0.021367,0.327679,0.503102,0.500,5.000,1,1
1762884584.255503,STEP,0,0.500000,odom,1.458846,-0.011297,0.014957,0.229375,0.503102,0.500,5.000,1,1
1762884584.275460,STEP,0,0.500000,odom,1.458846,0.000000,0.000000,0.000000,0.503102,0.500,5.000,1,1
1762884584.295389,STEP,0,0.500000,odom,1.458846,0.000000,0.000000,0.000000,0.503102,0.500,5.000,1,1
1762884584.315517,STEP,0,0.500000,odom,1.458846,0.000000,0.000000,0.000000,0.503102,0.500,5.000,1,1
1762884584.335344,STEP,0,0.500000,odom,1.458846,0.000000,0.000000,0.000000,0.503102,0.500,5.000,1,1
1762884584.355312,STEP,0,0.500000,odom,1.458846,0.000000,0.000000,0.000000,0.503102,0.500,5.000,1,1
1762884584.375422,STEP,0,0.500000,odom,1.458846,0.000000,0.000000,0.000000,0.505979,0.500,5.000,1,1
1762884584.395195,STEP,0,0.500000,odom,1.458846,0.000000,0.000000,0.000000,0.508998,0.500,5.000,1,1
1762884584.416930,STEP,0,0.500000,odom,1.457597,-0.015863,0.020307,0.331792,0.508998,0.500,5.000,1,1
1762884584.435395,STEP,0,0.500000,odom,1.457597,0.000000,0.000000,0.000000,0.508998,0.500,5.000,1,1
1762884584.455702,STEP,0,0.500000,odom,1.457597,0.000000,0.000000,0.000000,0.508998,0.500,5.000,1,1
1762884584.476332,STEP,0,0.500000,odom,1.457597,0.000000,0.000000,0.000000,0.508998,0.500,5.000,1,1
1762884584.497062,STEP,0,0.500000,odom,1.457597,0.000000,0.000000,0.000000,0.508998,0.500,5.000,1,1
1762884584.515822,STEP,0,0.500000,odom,1.457597,0.000000,0.000000,0.000000,0.508998,0.500,5.000,1,1
1762884584.535411,STEP,0,0.500000,odom,1.457597,0.000000,0.000000,0.000000,0.508998,0.500,5.000,1,1
1762884584.556120,STEP,0,0.500000,odom,1.457597,0.000000,0.000000,0.000000,0.511811,0.500,5.000,1,1
1762884584.577126,STEP,0,0.500000,odom,1.457597,0.000000,0.000000,0.000000,0.514691,0.500,5.000,1,1
1762884584.595706,STEP,0,0.500000,odom,1.456364,-0.015644,0.019569,0.335798,0.516135,0.500,5.000,1,1
1762884584.615406,STEP,0,0.500000,odom,1.456364,0.000000,0.000000,0.000000,0.516135,0.500,5.000,1,1
1762884584.635461,STEP,0,0.500000,odom,1.456364,0.000000,0.000000,0.000000,0.516135,0.500,5.000,1,1
1762884584.656180,STEP,0,0.500000,odom,1.456364,0.000000,0.000000,0.000000,0.516135,0.500,5.000,1,1
1762884584.677203,STEP,0,0.500000,odom,1.456364,0.000000,0.000000,0.000000,0.516135,0.500,5.000,1,1
1762884584.695444,STEP,0,0.500000,odom,1.456364,0.000000,0.000000,0.000000,0.516135,0.500,5.000,1,1
1762884584.715545,STEP,0,0.500000,odom,1.456364,0.000000,0.000000,0.000000,0.516135,0.500,5.000,1,1
1762884584.735312,STEP,0,0.500000,odom,1.456364,0.000000,0.000000,0.000000,0.516135,0.500,5.000,1,1
1762884584.755609,STEP,0,0.500000,odom,1.456364,0.000000,0.000000,0.000000,0.521607,0.500,5.000,1,1
1762884584.775609,STEP,0,0.500000,odom,1.455147,-0.015471,0.019165,0.339657,0.521607,0.500,5.000,1,1
1762884584.795391,STEP,0,0.500000,odom,1.455147,0.000000,0.000000,0.000000,0.521607,0.500,5.000,1,1
1762884584.815348,STEP,0,0.500000,odom,1.455147,0.000000,0.000000,0.000000,0.521607,0.500,5.000,1,1
1762884584.835342,STEP,0,0.500000,odom,1.455147,0.000000,0.000000,0.000000,0.521607,0.500,5.000,1,1
1762884584.855303,STEP,0,0.500000,odom,1.455147,0.000000,0.000000,0.000000,0.521607,0.500,5.000,1,1
1762884584.877057,STEP,0,0.500000,odom,1.455147,0.000000,0.000000,0.000000,0.521607,0.500,5.000,1,1
1762884584.895335,STEP,0,0.500000,odom,1.455147,0.000000,0.000000,0.000000,0.521607,0.500,5.000,1,1
1762884584.915549,STEP,0,0.500000,odom,1.455147,0.000000,0.000000,0.000000,0.524267,0.500,5.000,1,1
1762884584.935624,STEP,0,0.500000,odom,1.455147,0.000000,0.000000,0.000000,0.526887,0.500,5.000,1,1
1762884584.955379,STEP,0,0.500000,odom,1.453946,-0.020514,0.025497,0.457756,0.526887,0.500,5.000,1,1
1762884584.975780,STEP,0,0.500000,odom,1.453946,0.000000,0.000000,0.000000,0.526887,0.500,5.000,1,1
1762884584.995341,STEP,0,0.500000,odom,1.453946,0.000000,0.000000,0.000000,0.526887,0.500,5.000,1,1
1762884585.015286,STEP,0,0.500000,odom,1.453946,0.000000,0.000000,0.000000,0.526887,0.500,5.000,1,1
1762884585.035311,STEP,0,0.500000,odom,1.453946,0.000000,0.000000,0.000000,0.526887,0.500,5.000,1,1
1762884585.055297,STEP,0,0.500000,odom,1.453946,0.000000,0.000000,0.000000,0.526887,0.500,5.000,1,1
1762884585.075356,STEP,0,0.500000,odom,1.453946,0.000000,0.000000,0.000000,0.528165,0.500,5.000,1,1
1762884585.096180,STEP,0,0.500000,odom,1.453946,0.000000,0.000000,0.000000,0.530619,0.500,5.000,1,1
1762884585.115363,STEP,0,0.500000,odom,1.453946,0.000000,0.000000,0.000000,0.531857,0.500,5.000,1,1
1762884585.135310,STEP,0,0.500000,odom,1.453946,0.000000,0.000000,0.000000,0.531857,0.500,5.000,1,1
1762884585.155917,STEP,0,0.500000,odom,1.453946,0.000000,0.000000,0.000000,0.531857,0.500,5.000,1,1
1762884585.175503,STEP,0,0.500000,odom,1.453946,0.000000,0.000000,0.000000,0.531857,0.500,5.000,1,1
1762884585.195315,STEP,0,0.500000,odom,1.453946,0.000000,0.000000,0.000000,0.531857,0.500,5.000,1,1
1762884585.215561,STEP,0,0.500000,odom,1.453946,0.000000,0.000000,0.000000,0.531857,0.500,5.000,1,1
1762884585.235326,STEP,0,0.500000,odom,1.453946,0.000000,0.000000,0.000000,0.531857,0.500,5.000,1,1
1762884585.255276,STEP,0,0.500000,odom,1.453946,0.000000,0.000000,0.000000,0.534195,0.500,5.000,1,1
1762884585.275190,STEP,0,0.500000,odom,1.452761,-0.010226,0.012963,0.231171,0.536493,0.500,5.000,1,1
1762884585.295391,STEP,0,0.500000,odom,1.452761,-0.007158,0.009074,0.161820,0.536493,0.500,5.000,1,1
1762884585.316160,STEP,0,0.500000,odom,1.452761,0.000000,0.000000,0.000000,0.536493,0.500,5.000,1,1
1762884585.337350,STEP,0,0.500000,odom,1.452761,0.000000,0.000000,0.000000,0.536493,0.500,5.000,1,1
1762884585.357152,STEP,0,0.500000,odom,1.452761,0.000000,0.000000,0.000000,0.536493,0.500,5.000,1,1
1762884585.376960,STEP,0,0.500000,odom,1.452761,0.000000,0.000000,0.000000,0.536493,0.500,5.000,1,1
1762884585.395336,STEP,0,0.500000,odom,1.452761,0.000000,0.000000,0.000000,0.536493,0.500,5.000,1,1
1762884585.416286,STEP,0,0.500000,odom,1.452761,0.000000,0.000000,0.000000,0.538602,0.500,5.000,1,1
1762884585.437145,STEP,0,0.500000,odom,1.451595,-0.015314,0.020140,0.349934,0.540910,0.500,5.000,1,1
1762884585.456168,STEP,0,0.500000,odom,1.451595,-0.010720,0.014098,0.244954,0.540910,0.500,5.000,1,1
1762884585.475340,STEP,0,0.500000,odom,1.451595,0.000000,0.000000,0.000000,0.540910,0.500,5.000,1,1
1762884585.495954,STEP,0,0.500000,odom,1.451595,0.000000,0.000000,0.000000,0.540910,0.500,5.000,1,1
1762884585.515768,STEP,0,0.500000,odom,1.451595,0.000000,0.000000,0.000000,0.540910,0.500,5.000,1,1
1762884585.539120,STEP,0,0.500000,odom,1.451595,0.000000,0.000000,0.000000,0.540910,0.500,5.000,1,1
1762884585.555290,STEP,0,0.500000,odom,1.451595,0.000000,0.000000,0.000000,0.540910,0.500,5.000,1,1
1762884585.575629,STEP,0,0.500000,odom,1.451595,0.000000,0.000000,0.000000,0.540910,0.500,5.000,1,1
1762884585.595534,STEP,0,0.500000,odom,1.450450,-0.030610,0.042395,0.705651,0.544085,0.500,5.000,1,1
1762884585.615272,STEP,0,0.500000,odom,1.450450,-0.021427,0.029676,0.493956,0.546016,0.500,5.000,1,1
1762884585.635649,STEP,0,0.500000,odom,1.450450,-0.014999,0.020773,0.345769,0.546016,0.500,5.000,1,1
1762884585.655385,STEP,0,0.500000,odom,1.450450,0.000000,0.000000,0.000000,0.546016,0.500,5.000,1,1
1762884585.678112,STEP,0,0.500000,odom,1.450450,0.000000,0.000000,0.000000,0.546016,0.500,5.000,1,1
1762884585.695343,STEP,0,0.500000,odom,1.450450,0.000000,0.000000,0.000000,0.546016,0.500,5.000,1,1
1762884585.720207,STEP,0,0.500000,odom,1.450450,0.000000,0.000000,0.000000,0.546016,0.500,5.000,1,1
1762884585.735508,STEP,0,0.500000,odom,1.450450,0.000000,0.000000,0.000000,0.546016,0.500,5.000,1,1
1762884585.756624,STEP,0,0.500000,odom,1.450450,0.000000,0.000000,0.000000,0.546016,0.500,5.000,1,1
1762884585.775378,STEP,0,0.500000,odom,1.450450,0.000000,0.000000,0.000000,0.546961,0.500,5.000,1,1
1762884585.795386,STEP,0,0.500000,odom,1.449324,-0.015338,0.022602,0.355406,0.548743,0.500,5.000,1,1
1762884585.815688,STEP,0,0.500000,odom,1.449324,-0.010737,0.015821,0.248784,0.549583,0.500,5.000,1,1
1762884585.835592,STEP,0,0.500000,odom,1.449324,0.000000,0.000000,0.000000,0.549583,0.500,5.000,1,1
1762884585.855615,STEP,0,0.500000,odom,1.449324,0.000000,0.000000,0.000000,0.549583,0.500,5.000,1,1
1762884585.875365,STEP,0,0.500000,odom,1.449324,0.000000,0.000000,0.000000,0.549583,0.500,5.000,1,1
1762884585.895338,STEP,0,0.500000,odom,1.449324,0.000000,0.000000,0.000000,0.549583,0.500,5.000,1,1
1762884585.916075,STEP,0,0.500000,odom,1.449324,0.000000,0.000000,0.000000,0.549583,0.500,5.000,1,1
1762884585.935431,STEP,0,0.500000,odom,1.449324,0.000000,0.000000,0.000000,0.549583,0.500,5.000,1,1
1762884585.955622,STEP,0,0.500000,odom,1.449324,0.000000,0.000000,0.000000,0.551236,0.500,5.000,1,1
1762884585.976585,STEP,0,0.500000,odom,1.448221,-0.012281,0.019469,0.286127,0.552828,0.500,5.000,1,1
1762884585.995304,STEP,0,0.500000,odom,1.448221,-0.008597,0.013628,0.200289,0.552828,0.500,5.000,1,1
1762884586.016652,STEP,0,0.500000,odom,1.448221,0.000000,0.000000,0.000000,0.552828,0.500,5.000,1,1
1762884586.037994,STEP,0,0.500000,odom,1.448221,0.000000,0.000000,0.000000,0.552828,0.500,5.000,1,1
1762884586.055327,STEP,0,0.500000,odom,1.448221,0.000000,0.000000,0.000000,0.552828,0.500,5.000,1,1
1762884586.075321,STEP,0,0.500000,odom,1.448221,0.000000,0.000000,0.000000,0.552828,0.500,5.000,1,1
1762884586.095309,STEP,0,0.500000,odom,1.448221,0.000000,0.000000,0.000000,0.552828,0.500,5.000,1,1
1762884586.115711,STEP,0,0.500000,odom,1.448221,0.000000,0.000000,0.000000,0.553607,0.500,5.000,1,1
1762884586.135509,STEP,0,0.500000,odom,1.447141,-0.010249,0.017580,0.239716,0.554988,0.500,5.000,1,1
1762884586.155329,STEP,0,0.500000,odom,1.447141,-0.007174,0.012306,0.167801,0.556308,0.500,5.000,1,1
1762884586.175456,STEP,0,0.500000,odom,1.447141,0.000000,0.000000,0.000000,0.556308,0.500,5.000,1,1
1762884586.195396,STEP,0,0.500000,odom,1.447141,0.000000,0.000000,0.000000,0.556308,0.500,5.000,1,1
1762884586.215323,STEP,0,0.500000,odom,1.447141,0.000000,0.000000,0.000000,0.556308,0.500,5.000,1,1
1762884586.235404,STEP,0,0.500000,odom,1.447141,0.000000,0.000000,0.000000,0.556308,0.500,5.000,1,1
1762884586.255515,STEP,0,0.500000,odom,1.447141,0.000000,0.000000,0.000000,0.556308,0.500,5.000,1,1
1762884586.275700,STEP,0,0.500000,odom,1.447141,0.000000,0.000000,0.000000,0.556308,0.500,5.000,1,1
1762884586.295325,STEP,0,0.500000,odom,1.447141,0.000000,0.000000,0.000000,0.557410,0.500,5.000,1,1
1762884586.315464,STEP,0,0.500000,odom,1.446081,-0.012340,0.022951,0.288916,0.557914,0.500,5.000,1,1
1762884586.335314,STEP,0,0.500000,odom,1.446081,0.000000,0.000000,0.000000,0.557914,0.500,5.000,1,1
1762884586.356233,STEP,0,0.500000,odom,1.446081,0.000000,0.000000,0.000000,0.557914,0.500,5.000,1,1
1762884586.375319,STEP,0,0.500000,odom,1.446081,0.000000,0.000000,0.000000,0.557914,0.500,5.000,1,1
1762884586.395316,STEP,0,0.500000,odom,1.446081,0.000000,0.000000,0.000000,0.557914,0.500,5.000,1,1
1762884586.417233,STEP,0,0.500000,odom,1.446081,0.000000,0.000000,0.000000,0.557914,0.500,5.000,1,1
1762884586.435402,STEP,0,0.500000,odom,1.446081,0.000000,0.000000,0.000000,0.557914,0.500,5.000,1,1
1762884586.455338,STEP,0,0.500000,odom,1.446081,0.000000,0.000000,0.000000,0.558482,0.500,5.000,1,1
1762884586.475297,STEP,0,0.500000,odom,1.445042,-0.012393,0.025006,0.289901,0.559838,0.500,5.000,1,1
1762884586.495270,STEP,0,0.500000,odom,1.445042,-0.008675,0.017504,0.202931,0.559838,0.500,5.000,1,1
1762884586.515410,STEP,0,0.500000,odom,1.445042,0.000000,0.000000,0.000000,0.559838,0.500,5.000,1,1
1762884586.535746,STEP,0,0.500000,odom,1.445042,0.000000,0.000000,0.000000,0.559838,0.500,5.000,1,1
1762884586.555359,STEP,0,0.500000,odom,1.445042,0.000000,0.000000,0.000000,0.559838,0.500,5.000,1,1
1762884586.575362,STEP,0,0.500000,odom,1.445042,0.000000,0.000000,0.000000,0.559838,0.500,5.000,1,1
1762884586.595415,STEP,0,0.500000,odom,1.445042,0.000000,0.000000,0.000000,0.559838,0.500,5.000,1,1
1762884586.615588,STEP,0,0.500000,odom,1.445042,0.000000,0.000000,0.000000,0.560884,0.500,5.000,1,1
1762884586.635311,STEP,0,0.500000,odom,1.444021,-0.015595,0.034031,0.363272,0.561236,0.500,5.000,1,1
1762884586.655441,STEP,0,0.500000,odom,1.444021,-0.010916,0.023822,0.254290,0.561236,0.500,5.000,1,1
1762884586.679157,STEP,0,0.500000,odom,1.444021,0.000000,0.000000,0.000000,0.561236,0.500,5.000,1,1
1762884586.695328,STEP,0,0.500000,odom,1.444021,0.000000,0.000000,0.000000,0.561236,0.500,5.000,1,1
1762884586.715384,STEP,0,0.500000,odom,1.444021,0.000000,0.000000,0.000000,0.561236,0.500,5.000,1,1
1762884586.735300,STEP,0,0.500000,odom,1.444021,0.000000,0.000000,0.000000,0.561236,0.500,5.000,1,1
1762884586.755340,STEP,0,0.500000,odom,1.444021,0.000000,0.000000,0.000000,0.561236,0.500,5.000,1,1
1762884586.775425,STEP,0,0.500000,odom,1.444021,0.000000,0.000000,0.000000,0.561529,0.500,5.000,1,1
1762884586.795518,STEP,0,0.500000,odom,1.444021,0.000000,0.000000,0.000000,0.562133,0.500,5.000,1,1
1762884586.815470,STEP,0,0.500000,odom,1.443016,-0.012562,0.029594,0.291073,0.562288,0.500,5.000,1,1
1762884586.835268,STEP,0,0.500000,odom,1.443016,0.000000,0.000000,0.000000,0.562288,0.500,5.000,1,1
1762884586.858078,STEP,0,0.500000,odom,1.443016,0.000000,0.000000,0.000000,0.562288,0.500,5.000,1,1
1762884586.875332,STEP,0,0.500000,odom,1.443016,0.000000,0.000000,0.000000,0.562288,0.500,5.000,1,1
1762884586.895277,STEP,0,0.500000,odom,1.443016,0.000000,0.000000,0.000000,0.562288,0.500,5.000,1,1
1762884586.915425,STEP,0,0.500000,odom,1.443016,0.000000,0.000000,0.000000,0.562288,0.500,5.000,1,1
1762884586.935322,STEP,0,0.500000,odom,1.443016,0.000000,0.000000,0.000000,0.562288,0.500,5.000,1,1
1762884586.955292,STEP,0,0.500000,odom,1.443016,0.000000,0.000000,0.000000,0.562534,0.500,5.000,1,1
1762884586.975703,STEP,0,0.500000,odom,1.442025,-0.012658,0.032078,0.291283,0.562668,0.500,5.000,1,1
1762884586.995477,STEP,0,0.500000,odom,1.442025,0.000000,0.000000,0.000000,0.562668,0.500,5.000,1,1
1762884587.016000,STEP,0,0.500000,odom,1.442025,0.000000,0.000000,0.000000,0.562668,0.500,5.000,1,1
1762884587.036239,STEP,0,0.500000,odom,1.442025,0.000000,0.000000,0.000000,0.562668,0.500,5.000,1,1
1762884587.056120,STEP,0,0.500000,odom,1.442025,0.000000,0.000000,0.000000,0.562668,0.500,5.000,1,1
1762884587.075309,STEP,0,0.500000,odom,1.442025,0.000000,0.000000,0.000000,0.562668,0.500,5.000,1,1
1762884587.095374,STEP,0,0.500000,odom,1.442025,0.000000,0.000000,0.000000,0.562668,0.500,5.000,1,1
1762884587.115165,STEP,0,0.500000,odom,1.442025,0.000000,0.000000,0.000000,0.562706,0.500,5.000,1,1
1762884587.135401,STEP,0,0.500000,odom,1.442025,0.000000,0.000000,0.000000,0.562712,0.500,5.000,1,1
1762884587.155342,STEP,0,0.500000,odom,1.442025,0.000000,0.000000,0.000000,0.562712,0.500,5.000,1,1
1762884587.176960,STEP,0,0.500000,odom,1.442025,0.000000,0.000000,0.000000,0.562712,0.500,5.000,1,1
1762884587.195307,STEP,0,0.500000,odom,1.442025,0.000000,0.000000,0.000000,0.562712,0.500,5.000,1,1
1762884587.215329,STEP,0,0.500000,odom,1.442025,0.000000,0.000000,0.000000,0.562712,0.500,5.000,1,1
1762884587.235451,STEP,0,0.500000,odom,1.442025,0.000000,0.000000,0.000000,0.562712,0.500,5.000,1,1
1762884587.255361,STEP,0,0.500000,odom,1.442025,0.000000,0.000000,0.000000,0.562712,0.500,5.000,1,1
1762884587.275375,STEP,0,0.500000,odom,1.442025,0.000000,0.000000,0.000000,0.562712,0.500,5.000,1,1
1762884587.296283,STEP,0,0.500000,odom,1.441049,-0.021207,0.057759,0.485442,0.562575,0.500,5.000,1,1
1762884587.315360,STEP,0,0.500000,odom,1.441049,-0.014845,0.040431,0.339810,0.562476,0.500,5.000,1,1
1762884587.335332,STEP,0,0.500000,odom,1.441049,-0.010391,0.028302,0.237867,0.562476,0.500,5.000,1,1
1762884587.355662,STEP,0,0.500000,odom,1.441049,0.000000,0.000000,0.000000,0.562476,0.500,5.000,1,1
1762884587.375330,STEP,0,0.500000,odom,1.441049,0.000000,0.000000,0.000000,0.562476,0.500,5.000,1,1
1762884587.395318,STEP,0,0.500000,odom,1.441049,0.000000,0.000000,0.000000,0.562476,0.500,5.000,1,1
1762884587.415584,STEP,0,0.500000,odom,1.441049,0.000000,0.000000,0.000000,0.562476,0.500,5.000,1,1
1762884587.435652,STEP,0,0.500000,odom,1.441049,0.000000,0.000000,0.000000,0.562476,0.500,5.000,1,1
1762884587.455339,STEP,0,0.500000,odom,1.441049,0.000000,0.000000,0.000000,0.562299,0.500,5.000,1,1
1762884587.475317,STEP,0,0.500000,odom,1.440087,-0.015965,0.046613,0.363791,0.561947,0.500,5.000,1,1
1762884587.495319,STEP,0,0.500000,odom,1.440087,-0.011176,0.032629,0.254654,0.561693,0.500,5.000,1,1
1762884587.516752,STEP,0,0.500000,odom,1.440087,-0.007823,0.022840,0.178258,0.561693,0.500,5.000,1,1
1762884587.535358,STEP,0,0.500000,odom,1.440087,0.000000,0.000000,0.000000,0.561693,0.500,5.000,1,1
1762884587.557529,STEP,0,0.500000,odom,1.440087,0.000000,0.000000,0.000000,0.561693,0.500,5.000,1,1
1762884587.575305,STEP,0,0.500000,odom,1.440087,0.000000,0.000000,0.000000,0.561693,0.500,5.000,1,1
1762884587.595349,STEP,0,0.500000,odom,1.440087,0.000000,0.000000,0.000000,0.561693,0.500,5.000,1,1
1762884587.615521,STEP,0,0.500000,odom,1.440087,0.000000,0.000000,0.000000,0.561693,0.500,5.000,1,1
1762884587.635185,STEP,0,0.500000,odom,1.440087,0.000000,0.000000,0.000000,0.561451,0.500,5.000,1,1
1762884587.655504,STEP,0,0.500000,odom,1.439137,-0.016009,0.049962,0.363259,0.560601,0.500,5.000,1,1
1762884587.676014,STEP,0,0.500000,odom,1.439137,-0.011206,0.034973,0.254281,0.560601,0.500,5.000,1,1
1762884587.695340,STEP,0,0.500000,odom,1.439137,0.000000,0.000000,0.000000,0.560601,0.500,5.000,1,1
1762884587.715368,STEP,0,0.500000,odom,1.439137,0.000000,0.000000,0.000000,0.560601,0.500,5.000,1,1
1762884587.735309,STEP,0,0.500000,odom,1.439137,0.000000,0.000000,0.000000,0.560601,0.500,5.000,1,1
1762884587.755440,STEP,0,0.500000,odom,1.439137,0.000000,0.000000,0.000000,0.560601,0.500,5.000,1,1
1762884587.776200,STEP,0,0.500000,odom,1.439137,0.000000,0.000000,0.000000,0.560601,0.500,5.000,1,1
1762884587.795252,STEP,0,0.500000,odom,1.439137,0.000000,0.000000,0.000000,0.560289,0.500,5.000,1,1
1762884587.815349,STEP,0,0.500000,odom,1.438199,-0.021394,0.071096,0.483358,0.559971,0.500,5.000,1,1
1762884587.835344,STEP,0,0.500000,odom,1.438199,-0.014976,0.049767,0.338351,0.559311,0.500,5.000,1,1
1762884587.858210,STEP,0,0.500000,odom,1.438199,0.000000,0.000000,0.000000,0.559311,0.500,5.000,1,1
1762884587.875359,STEP,0,0.500000,odom,1.438199,0.000000,0.000000,0.000000,0.559311,0.500,5.000,1,1
1762884587.895448,STEP,0,0.500000,odom,1.438199,0.000000,0.000000,0.000000,0.559311,0.500,5.000,1,1
1762884587.915357,STEP,0,0.500000,odom,1.438199,0.000000,0.000000,0.000000,0.559311,0.500,5.000,1,1
1762884587.935978,STEP,0,0.500000,odom,1.438199,0.000000,0.000000,0.000000,0.559311,0.500,5.000,1,1
1762884587.955323,STEP,0,0.500000,odom,1.438199,0.000000,0.000000,0.000000,0.558967,0.500,5.000,1,1
1762884587.975299,STEP,0,0.500000,odom,1.437273,-0.016013,0.056676,0.361600,0.558208,0.500,5.000,1,1
1762884587.995391,STEP,0,0.500000,odom,1.437273,-0.011209,0.039673,0.253120,0.557449,0.500,5.000,1,1
1762884588.015367,STEP,0,0.500000,odom,1.437273,0.000000,0.000000,0.000000,0.557449,0.500,5.000,1,1
1762884588.035650,STEP,0,0.500000,odom,1.437273,0.000000,0.000000,0.000000,0.557449,0.500,5.000,1,1
1762884588.055315,STEP,0,0.500000,odom,1.437273,0.000000,0.000000,0.000000,0.557449,0.500,5.000,1,1
1762884588.075431,STEP,0,0.500000,odom,1.437273,0.000000,0.000000,0.000000,0.557449,0.500,5.000,1,1
1762884588.095339,STEP,0,0.500000,odom,1.437273,0.000000,0.000000,0.000000,0.557449,0.500,5.000,1,1
1762884588.115482,STEP,0,0.500000,odom,1.437273,0.000000,0.000000,0.000000,0.557449,0.500,5.000,1,1
1762884588.135303,STEP,0,0.500000,odom,1.437273,0.000000,0.000000,0.000000,0.557449,0.500,5.000,1,1
1762884588.156372,STEP,0,0.500000,odom,1.437273,0.000000,0.000000,0.000000,0.556558,0.500,5.000,1,1
1762884588.175701,STEP,0,0.500000,odom,1.436357,-0.012767,0.047982,0.288424,0.556113,0.500,5.000,1,1
1762884588.195298,STEP,0,0.500000,odom,1.436357,-0.008937,0.033587,0.201897,0.556113,0.500,5.000,1,1
1762884588.215425,STEP,0,0.500000,odom,1.436357,0.000000,0.000000,0.000000,0.556113,0.500,5.000,1,1
1762884588.235534,STEP,0,0.500000,odom,1.436357,0.000000,0.000000,0.000000,0.556113,0.500,5.000,1,1
1762884588.255301,STEP,0,0.500000,odom,1.436357,0.000000,0.000000,0.000000,0.556113,0.500,5.000,1,1
1762884588.275418,STEP,0,0.500000,odom,1.436357,0.000000,0.000000,0.000000,0.556113,0.500,5.000,1,1
1762884588.295334,STEP,0,0.500000,odom,1.436357,0.000000,0.000000,0.000000,0.556113,0.500,5.000,1,1
1762884588.315295,STEP,0,0.500000,odom,1.436357,0.000000,0.000000,0.000000,0.555215,0.500,5.000,1,1
1762884588.335400,STEP,0,0.500000,odom,1.436357,0.000000,0.000000,0.000000,0.554216,0.500,5.000,1,1
1762884588.355426,STEP,0,0.500000,odom,1.435453,-0.015885,0.063227,0.359331,0.554216,0.500,5.000,1,1
1762884588.375429,STEP,0,0.500000,odom,1.435453,0.000000,0.000000,0.000000,0.554216,0.500,5.000,1,1
1762884588.396087,STEP,0,0.500000,odom,1.435453,0.000000,0.000000,0.000000,0.554216,0.500,5.000,1,1
1762884588.415569,STEP,0,0.500000,odom,1.435453,0.000000,0.000000,0.000000,0.554216,0.500,5.000,1,1
1762884588.435314,STEP,0,0.500000,odom,1.435453,0.000000,0.000000,0.000000,0.554216,0.500,5.000,1,1
1762884588.455309,STEP,0,0.500000,odom,1.435453,0.000000,0.000000,0.000000,0.554216,0.500,5.000,1,1
1762884588.475538,STEP,0,0.500000,odom,1.435453,0.000000,0.000000,0.000000,0.553769,0.500,5.000,1,1
1762884588.495338,STEP,0,0.500000,odom,1.435453,0.000000,0.000000,0.000000,0.552291,0.500,5.000,1,1
1762884588.515651,STEP,0,0.500000,odom,1.434560,-0.015764,0.066384,0.358051,0.551790,0.500,5.000,1,1
1762884588.535478,STEP,0,0.500000,odom,1.434560,0.000000,0.000000,0.000000,0.551790,0.500,5.000,1,1
1762884588.557159,STEP,0,0.500000,odom,1.434560,0.000000,0.000000,0.000000,0.551790,0.500,5.000,1,1
1762884588.575375,STEP,0,0.500000,odom,1.434560,0.000000,0.000000,0.000000,0.551790,0.500,5.000,1,1
1762884588.595334,STEP,0,0.500000,odom,1.434560,0.000000,0.000000,0.000000,0.551790,0.500,5.000,1,1
1762884588.615429,STEP,0,0.500000,odom,1.434560,0.000000,0.000000,0.000000,0.551790,0.500,5.000,1,1
1762884588.635394,STEP,0,0.500000,odom,1.434560,0.000000,0.000000,0.000000,0.551790,0.500,5.000,1,1
1762884588.655577,STEP,0,0.500000,odom,1.434560,0.000000,0.000000,0.000000,0.551289,0.500,5.000,1,1
1762884588.675354,STEP,0,0.500000,odom,1.433679,-0.012457,0.055560,0.285364,0.549638,0.500,5.000,1,1
1762884588.695386,STEP,0,0.500000,odom,1.433679,-0.008720,0.038892,0.199755,0.549638,0.500,5.000,1,1
1762884588.719321,STEP,0,0.500000,odom,1.433679,0.000000,0.000000,0.000000,0.549638,0.500,5.000,1,1
1762884588.736559,STEP,0,0.500000,odom,1.433679,0.000000,0.000000,0.000000,0.549638,0.500,5.000,1,1
1762884588.755560,STEP,0,0.500000,odom,1.433679,0.000000,0.000000,0.000000,0.549638,0.500,5.000,1,1
1762884588.777909,STEP,0,0.500000,odom,1.433679,0.000000,0.000000,0.000000,0.549638,0.500,5.000,1,1
1762884588.795345,STEP,0,0.500000,odom,1.433679,0.000000,0.000000,0.000000,0.549638,0.500,5.000,1,1
1762884588.815387,STEP,0,0.500000,odom,1.433679,0.000000,0.000000,0.000000,0.549638,0.500,5.000,1,1
1762884588.835608,STEP,0,0.500000,odom,1.433679,0.000000,0.000000,0.000000,0.549638,0.500,5.000,1,1
1762884588.855305,STEP,0,0.500000,odom,1.433679,0.000000,0.000000,0.000000,0.548648,0.500,5.000,1,1
1762884588.875350,STEP,0,0.500000,odom,1.433679,0.000000,0.000000,0.000000,0.548126,0.500,5.000,1,1
1762884588.895326,STEP,0,0.500000,odom,1.432809,-0.030780,0.144766,0.710671,0.548126,0.500,5.000,1,1
1762884588.916476,STEP,0,0.500000,odom,1.432809,0.000000,0.000000,0.000000,0.548126,0.500,5.000,1,1
1762884588.935792,STEP,0,0.500000,odom,1.432809,0.000000,0.000000,0.000000,0.548126,0.500,5.000,1,1
1762884588.955315,STEP,0,0.500000,odom,1.432809,0.000000,0.000000,0.000000,0.548126,0.500,5.000,1,1
1762884588.975322,STEP,0,0.500000,odom,1.432809,0.000000,0.000000,0.000000,0.548126,0.500,5.000,1,1
1762884588.995413,STEP,0,0.500000,odom,1.432809,0.000000,0.000000,0.000000,0.548126,0.500,5.000,1,1
1762884589.015135,STEP,0,0.500000,odom,1.432809,0.000000,0.000000,0.000000,0.546552,0.500,5.000,1,1
1762884589.035298,STEP,0,0.500000,odom,1.432809,0.000000,0.000000,0.000000,0.546059,0.500,5.000,1,1
1762884589.055384,STEP,0,0.500000,odom,1.431947,-0.020315,0.100263,0.471926,0.545521,0.500,5.000,1,1
1762884589.075322,STEP,0,0.500000,odom,1.431947,0.000000,0.000000,0.000000,0.545521,0.500,5.000,1,1
1762884589.095376,STEP,0,0.500000,odom,1.431947,0.000000,0.000000,0.000000,0.545521,0.500,5.000,1,1
1762884589.117602,STEP,0,0.500000,odom,1.431947,0.000000,0.000000,0.000000,0.545521,0.500,5.000,1,1
1762884589.135449,STEP,0,0.500000,odom,1.431947,0.000000,0.000000,0.000000,0.545521,0.500,5.000,1,1
1762884589.155450,STEP,0,0.500000,odom,1.431947,0.000000,0.000000,0.000000,0.545521,0.500,5.000,1,1
1762884589.175382,STEP,0,0.500000,odom,1.431947,0.000000,0.000000,0.000000,0.545521,0.500,5.000,1,1
1762884589.195379,STEP,0,0.500000,odom,1.431947,0.000000,0.000000,0.000000,0.544037,0.500,5.000,1,1
1762884589.215312,STEP,0,0.500000,odom,1.431947,0.000000,0.000000,0.000000,0.543552,0.500,5.000,1,1
1762884589.235346,STEP,0,0.500000,odom,1.431947,0.000000,0.000000,0.000000,0.543552,0.500,5.000,1,1
1762884589.256269,STEP,0,0.500000,odom,1.431947,0.000000,0.000000,0.000000,0.543552,0.500,5.000,1,1
1762884589.275339,STEP,0,0.500000,odom,1.431947,0.000000,0.000000,0.000000,0.543552,0.500,5.000,1,1
1762884589.295372,STEP,0,0.500000,odom,1.431947,0.000000,0.000000,0.000000,0.543552,0.500,5.000,1,1
1762884589.315298,STEP,0,0.500000,odom,1.431947,0.000000,0.000000,0.000000,0.543552,0.500,5.000,1,1
1762884589.335412,STEP,0,0.500000,odom,1.431947,0.000000,0.000000,0.000000,0.543552,0.500,5.000,1,1
1762884589.355496,STEP,0,0.500000,odom,1.431947,0.000000,0.000000,0.000000,0.543552,0.500,5.000,1,1
1762884589.375324,STEP,0,0.500000,odom,1.431947,0.000000,0.000000,0.000000,0.543020,0.500,5.000,1,1
1762884589.395574,STEP,0,0.500000,odom,1.431091,-0.015085,0.077868,0.352561,0.541543,0.500,5.000,1,1
1762884589.415337,STEP,0,0.500000,odom,1.431091,-0.010560,0.054508,0.246793,0.541543,0.500,5.000,1,1
1762884589.435384,STEP,0,0.500000,odom,1.431091,0.000000,0.000000,0.000000,0.541543,0.500,5.000,1,1
1762884589.455325,STEP,0,0.500000,odom,1.431091,0.000000,0.000000,0.000000,0.541543,0.500,5.000,1,1
1762884589.475857,STEP,0,0.500000,odom,1.431091,0.000000,0.000000,0.000000,0.541543,0.500,5.000,1,1
1762884589.497104,STEP,0,0.500000,odom,1.431091,0.000000,0.000000,0.000000,0.541543,0.500,5.000,1,1
1762884589.517892,STEP,0,0.500000,odom,1.431091,0.000000,0.000000,0.000000,0.541543,0.500,5.000,1,1
1762884589.535633,STEP,0,0.500000,odom,1.431091,0.000000,0.000000,0.000000,0.541543,0.500,5.000,1,1
1762884589.557065,STEP,0,0.500000,odom,1.430240,-0.029917,0.160785,0.702438,0.540125,0.500,5.000,1,1
1762884589.576170,STEP,0,0.500000,odom,1.430240,-0.020942,0.112550,0.491707,0.539242,0.500,5.000,1,1
1762884589.595337,STEP,0,0.500000,odom,1.430240,-0.014659,0.078785,0.344195,0.539242,0.500,5.000,1,1
1762884589.616905,STEP,0,0.500000,odom,1.430240,0.000000,0.000000,0.000000,0.539242,0.500,5.000,1,1
1762884589.636708,STEP,0,0.500000,odom,1.430240,0.000000,0.000000,0.000000,0.539242,0.500,5.000,1,1
1762884589.655317,STEP,0,0.500000,odom,1.430240,0.000000,0.000000,0.000000,0.539242,0.500,5.000,1,1
1762884589.675480,STEP,0,0.500000,odom,1.430240,0.000000,0.000000,0.000000,0.539242,0.500,5.000,1,1
1762884589.696164,STEP,0,0.500000,odom,1.430240,0.000000,0.000000,0.000000,0.539242,0.500,5.000,1,1
1762884589.715544,STEP,0,0.500000,odom,1.430240,0.000000,0.000000,0.000000,0.539242,0.500,5.000,1,1
1762884589.735306,STEP,0,0.500000,odom,1.429395,-0.019708,0.110372,0.466576,0.538504,0.500,5.000,1,1
1762884589.755392,STEP,0,0.500000,odom,1.429395,-0.013796,0.077260,0.326603,0.537742,0.500,5.000,1,1
1762884589.775323,STEP,0,0.500000,odom,1.429395,0.000000,0.000000,0.000000,0.537742,0.500,5.000,1,1
1762884589.795980,STEP,0,0.500000,odom,1.429395,0.000000,0.000000,0.000000,0.537742,0.500,5.000,1,1
1762884589.815301,STEP,0,0.500000,odom,1.429395,0.000000,0.000000,0.000000,0.537742,0.500,5.000,1,1
1762884589.835324,STEP,0,0.500000,odom,1.429395,0.000000,0.000000,0.000000,0.537742,0.500,5.000,1,1
1762884589.855305,STEP,0,0.500000,odom,1.429395,0.000000,0.000000,0.000000,0.537742,0.500,5.000,1,1
1762884589.875391,STEP,0,0.500000,odom,1.429395,0.000000,0.000000,0.000000,0.537742,0.500,5.000,1,1
1762884589.895391,STEP,0,0.500000,odom,1.429395,0.000000,0.000000,0.000000,0.537295,0.500,5.000,1,1
1762884589.915417,STEP,0,0.500000,odom,1.428555,-0.011673,0.068019,0.278956,0.536252,0.500,5.000,1,1
1762884589.935312,STEP,0,0.500000,odom,1.428555,-0.008171,0.047613,0.195269,0.536252,0.500,5.000,1,1
1762884589.955370,STEP,0,0.500000,odom,1.428555,0.000000,0.000000,0.000000,0.536252,0.500,5.000,1,1
1762884589.975350,STEP,0,0.500000,odom,1.428555,0.000000,0.000000,0.000000,0.536252,0.500,5.000,1,1
1762884589.998437,STEP,0,0.500000,odom,1.428555,0.000000,0.000000,0.000000,0.536252,0.500,5.000,1,1
1762884590.015340,STEP,0,0.500000,odom,1.428555,0.000000,0.000000,0.000000,0.536252,0.500,5.000,1,1
1762884590.035328,STEP,0,0.500000,odom,1.428555,0.000000,0.000000,0.000000,0.536252,0.500,5.000,1,1
1762884590.055324,STEP,0,0.500000,odom,1.428555,0.000000,0.000000,0.000000,0.536252,0.500,5.000,1,1
1762884590.076043,STEP,0,0.500000,odom,1.428555,0.000000,0.000000,0.000000,0.535506,0.500,5.000,1,1
1762884590.095528,STEP,0,0.500000,odom,1.427722,-0.011500,0.069690,0.278028,0.535139,0.500,5.000,1,1
1762884590.115345,STEP,0,0.500000,odom,1.427722,0.000000,0.000000,0.000000,0.535139,0.500,5.000,1,1
1762884590.135343,STEP,0,0.500000,odom,1.427722,0.000000,0.000000,0.000000,0.535139,0.500,5.000,1,1
1762884590.155305,STEP,0,0.500000,odom,1.427722,0.000000,0.000000,0.000000,0.535139,0.500,5.000,1,1
1762884590.176144,STEP,0,0.500000,odom,1.427722,0.000000,0.000000,0.000000,0.535139,0.500,5.000,1,1
1762884590.195324,STEP,0,0.500000,odom,1.427722,0.000000,0.000000,0.000000,0.535139,0.500,5.000,1,1
1762884590.216695,STEP,0,0.500000,odom,1.427722,0.000000,0.000000,0.000000,0.535139,0.500,5.000,1,1
1762884590.236332,STEP,0,0.500000,odom,1.427722,0.000000,0.000000,0.000000,0.534441,0.500,5.000,1,1
1762884590.255382,STEP,0,0.500000,odom,1.426898,-0.011291,0.071236,0.277171,0.533905,0.500,5.000,1,1
1762884590.275998,STEP,0,0.500000,odom,1.426898,-0.007904,0.049865,0.194019,0.533289,0.500,5.000,1,1
1762884590.295490,STEP,0,0.500000,odom,1.426898,0.000000,0.000000,0.000000,0.533289,0.500,5.000,1,1
1762884590.315358,STEP,0,0.500000,odom,1.426898,0.000000,0.000000,0.000000,0.533289,0.500,5.000,1,1
1762884590.335542,STEP,0,0.500000,odom,1.426898,0.000000,0.000000,0.000000,0.533289,0.500,5.000,1,1
1762884590.357040,STEP,0,0.500000,odom,1.426898,0.000000,0.000000,0.000000,0.533289,0.500,5.000,1,1
1762884590.375292,STEP,0,0.500000,odom,1.426898,0.000000,0.000000,0.000000,0.533289,0.500,5.000,1,1
1762884590.395337,STEP,0,0.500000,odom,1.426898,0.000000,0.000000,0.000000,0.533289,0.500,5.000,1,1
1762884590.415905,STEP,0,0.500000,odom,1.426898,0.000000,0.000000,0.000000,0.532937,0.500,5.000,1,1
1762884590.436836,STEP,0,0.500000,odom,1.426086,-0.013799,0.090855,0.345475,0.532373,0.500,5.000,1,1
1762884590.455284,STEP,0,0.500000,odom,1.426086,-0.009659,0.063598,0.241832,0.532373,0.500,5.000,1,1
1762884590.475409,STEP,0,0.500000,odom,1.426086,0.000000,0.000000,0.000000,0.532373,0.500,5.000,1,1
1762884590.495434,STEP,0,0.500000,odom,1.426086,0.000000,0.000000,0.000000,0.532373,0.500,5.000,1,1
1762884590.515297,STEP,0,0.500000,odom,1.426086,0.000000,0.000000,0.000000,0.532373,0.500,5.000,1,1
1762884590.535345,STEP,0,0.500000,odom,1.426086,0.000000,0.000000,0.000000,0.532373,0.500,5.000,1,1
1762884590.555422,STEP,0,0.500000,odom,1.426086,0.000000,0.000000,0.000000,0.532373,0.500,5.000,1,1
1762884590.575242,STEP,0,0.500000,odom,1.426086,0.000000,0.000000,0.000000,0.531781,0.500,5.000,1,1
1762884590.595277,STEP,0,0.500000,odom,1.426086,0.000000,0.000000,0.000000,0.531370,0.500,5.000,1,1
1762884590.615371,STEP,0,0.500000,odom,1.425283,-0.013526,0.092512,0.344589,0.531370,0.500,5.000,1,1
1762884590.635549,STEP,0,0.500000,odom,1.425283,0.000000,0.000000,0.000000,0.531370,0.500,5.000,1,1
1762884590.655370,STEP,0,0.500000,odom,1.425283,0.000000,0.000000,0.000000,0.531370,0.500,5.000,1,1
1762884590.676057,STEP,0,0.500000,odom,1.425283,0.000000,0.000000,0.000000,0.531370,0.500,5.000,1,1
1762884590.695372,STEP,0,0.500000,odom,1.425283,0.000000,0.000000,0.000000,0.531370,0.500,5.000,1,1
1762884590.715412,STEP,0,0.500000,odom,1.425283,0.000000,0.000000,0.000000,0.531370,0.500,5.000,1,1
1762884590.735363,STEP,0,0.500000,odom,1.425283,0.000000,0.000000,0.000000,0.531370,0.500,5.000,1,1
1762884590.758366,STEP,0,0.500000,odom,1.425283,0.000000,0.000000,0.000000,0.530873,0.500,5.000,1,1
1762884590.775947,STEP,0,0.500000,odom,1.424488,-0.010608,0.075229,0.275035,0.530595,0.500,5.000,1,1
1762884590.795328,STEP,0,0.500000,odom,1.424488,-0.007425,0.052660,0.192524,0.530595,0.500,5.000,1,1
1762884590.815401,STEP,0,0.500000,odom,1.424488,0.000000,0.000000,0.000000,0.530595,0.500,5.000,1,1
1762884590.835315,STEP,0,0.500000,odom,1.424488,0.000000,0.000000,0.000000,0.530595,0.500,5.000,1,1
1762884590.855325,STEP,0,0.500000,odom,1.424488,0.000000,0.000000,0.000000,0.530595,0.500,5.000,1,1
1762884590.875345,STEP,0,0.500000,odom,1.424488,0.000000,0.000000,0.000000,0.530595,0.500,5.000,1,1
1762884590.895583,STEP,0,0.500000,odom,1.424488,0.000000,0.000000,0.000000,0.530595,0.500,5.000,1,1
1762884590.915449,STEP,0,0.500000,odom,1.424488,0.000000,0.000000,0.000000,0.530202,0.500,5.000,1,1
1762884590.935292,STEP,0,0.500000,odom,1.424488,0.000000,0.000000,0.000000,0.529683,0.500,5.000,1,1
1762884590.955365,STEP,0,0.500000,odom,1.423706,-0.012964,0.095418,0.343082,0.529461,0.500,5.000,1,1
1762884590.975320,STEP,0,0.500000,odom,1.423706,0.000000,0.000000,0.000000,0.529461,0.500,5.000,1,1
1762884590.997356,STEP,0,0.500000,odom,1.423706,0.000000,0.000000,0.000000,0.529461,0.500,5.000,1,1
1762884591.015978,STEP,0,0.500000,odom,1.423706,0.000000,0.000000,0.000000,0.529461,0.500,5.000,1,1
1762884591.035317,STEP,0,0.500000,odom,1.423706,0.000000,0.000000,0.000000,0.529461,0.500,5.000,1,1
1762884591.055307,STEP,0,0.500000,odom,1.423706,0.000000,0.000000,0.000000,0.529461,0.500,5.000,1,1
1762884591.075320,STEP,0,0.500000,odom,1.423706,0.000000,0.000000,0.000000,0.529461,0.500,5.000,1,1
1762884591.095352,STEP,0,0.500000,odom,1.423706,0.000000,0.000000,0.000000,0.529082,0.500,5.000,1,1
1762884591.115588,STEP,0,0.500000,odom,1.423706,0.000000,0.000000,0.000000,0.528468,0.500,5.000,1,1
1762884591.135355,STEP,0,0.500000,odom,1.422933,-0.025371,0.193376,0.684943,0.528468,0.500,5.000,1,1
1762884591.155348,STEP,0,0.500000,odom,1.422933,0.000000,0.000000,0.000000,0.528468,0.500,5.000,1,1
1762884591.176099,STEP,0,0.500000,odom,1.422933,0.000000,0.000000,0.000000,0.528468,0.500,5.000,1,1
1762884591.197103,STEP,0,0.500000,odom,1.422933,0.000000,0.000000,0.000000,0.528468,0.500,5.000,1,1
1762884591.215377,STEP,0,0.500000,odom,1.422933,0.000000,0.000000,0.000000,0.528468,0.500,5.000,1,1
1762884591.235351,STEP,0,0.500000,odom,1.422933,0.000000,0.000000,0.000000,0.528468,0.500,5.000,1,1
1762884591.255372,STEP,0,0.500000,odom,1.422933,0.000000,0.000000,0.000000,0.528468,0.500,5.000,1,1
1762884591.275286,STEP,0,0.500000,odom,1.422933,0.000000,0.000000,0.000000,0.528225,0.500,5.000,1,1
1762884591.295286,STEP,0,0.500000,odom,1.422933,0.000000,0.000000,0.000000,0.527896,0.500,5.000,1,1
1762884591.315331,STEP,0,0.500000,odom,1.422933,0.000000,0.000000,0.000000,0.527896,0.500,5.000,1,1
1762884591.335334,STEP,0,0.500000,odom,1.422933,0.000000,0.000000,0.000000,0.527896,0.500,5.000,1,1
1762884591.355351,STEP,0,0.500000,odom,1.422933,0.000000,0.000000,0.000000,0.527896,0.500,5.000,1,1
1762884591.375448,STEP,0,0.500000,odom,1.422933,0.000000,0.000000,0.000000,0.527896,0.500,5.000,1,1
1762884591.397496,STEP,0,0.500000,odom,1.422933,0.000000,0.000000,0.000000,0.527896,0.500,5.000,1,1
1762884591.415590,STEP,0,0.500000,odom,1.422933,0.000000,0.000000,0.000000,0.527896,0.500,5.000,1,1
1762884591.435936,STEP,0,0.500000,odom,1.422933,0.000000,0.000000,0.000000,0.527896,0.500,5.000,1,1
1762884591.455250,STEP,0,0.500000,odom,1.422933,0.000000,0.000000,0.000000,0.527373,0.500,5.000,1,1
1762884591.476427,STEP,0,0.500000,odom,1.422175,-0.009889,0.078266,0.273553,0.527005,0.500,5.000,1,1
1762884591.496832,STEP,0,0.500000,odom,1.422175,-0.006922,0.054786,0.191487,0.527005,0.500,5.000,1,1
1762884591.515753,STEP,0,0.500000,odom,1.422175,0.000000,0.000000,0.000000,0.527005,0.500,5.000,1,1
1762884591.539138,STEP,0,0.500000,odom,1.422175,0.000000,0.000000,0.000000,0.527005,0.500,5.000,1,1
1762884591.555382,STEP,0,0.500000,odom,1.422175,0.000000,0.000000,0.000000,0.527005,0.500,5.000,1,1
1762884591.577064,STEP,0,0.500000,odom,1.422175,0.000000,0.000000,0.000000,0.527005,0.500,5.000,1,1
1762884591.598131,STEP,0,0.500000,odom,1.422175,0.000000,0.000000,0.000000,0.527005,0.500,5.000,1,1
1762884591.615300,STEP,0,0.500000,odom,1.422175,0.000000,0.000000,0.000000,0.527005,0.500,5.000,1,1
1762884591.635400,STEP,0,0.500000,odom,1.422175,0.000000,0.000000,0.000000,0.527005,0.500,5.000,1,1
1762884591.655419,STEP,0,0.500000,odom,1.421431,-0.015999,0.131830,0.455336,0.526537,0.500,5.000,1,1
1762884591.675436,STEP,0,0.500000,odom,1.421431,-0.011199,0.092281,0.318736,0.526413,0.500,5.000,1,1
1762884591.695313,STEP,0,0.500000,odom,1.421431,-0.007840,0.064597,0.223115,0.526413,0.500,5.000,1,1
1762884591.715513,STEP,0,0.500000,odom,1.421431,0.000000,0.000000,0.000000,0.526413,0.500,5.000,1,1
1762884591.735346,STEP,0,0.500000,odom,1.421431,0.000000,0.000000,0.000000,0.526413,0.500,5.000,1,1
1762884591.755328,STEP,0,0.500000,odom,1.421431,0.000000,0.000000,0.000000,0.526413,0.500,5.000,1,1
1762884591.775342,STEP,0,0.500000,odom,1.421431,0.000000,0.000000,0.000000,0.526413,0.500,5.000,1,1
1762884591.795572,STEP,0,0.500000,odom,1.421431,0.000000,0.000000,0.000000,0.526413,0.500,5.000,1,1
1762884591.815506,STEP,0,0.500000,odom,1.421431,0.000000,0.000000,0.000000,0.526413,0.500,5.000,1,1
1762884591.835429,STEP,0,0.500000,odom,1.421431,0.000000,0.000000,0.000000,0.526209,0.500,5.000,1,1
1762884591.855552,STEP,0,0.500000,odom,1.420702,-0.009315,0.079843,0.272906,0.525723,0.500,5.000,1,1
1762884591.875540,STEP,0,0.500000,odom,1.420702,-0.006521,0.055890,0.191034,0.525723,0.500,5.000,1,1
1762884591.895362,STEP,0,0.500000,odom,1.420702,0.000000,0.000000,0.000000,0.525723,0.500,5.000,1,1
1762884591.915365,STEP,0,0.500000,odom,1.420702,0.000000,0.000000,0.000000,0.525723,0.500,5.000,1,1
1762884591.936642,STEP,0,0.500000,odom,1.420702,0.000000,0.000000,0.000000,0.525723,0.500,5.000,1,1
1762884591.955302,STEP,0,0.500000,odom,1.420702,0.000000,0.000000,0.000000,0.525723,0.500,5.000,1,1
1762884591.976427,STEP,0,0.500000,odom,1.420702,0.000000,0.000000,0.000000,0.525723,0.500,5.000,1,1
1762884591.995365,STEP,0,0.500000,odom,1.420702,0.000000,0.000000,0.000000,0.525723,0.500,5.000,1,1
1762884592.015333,STEP,0,0.500000,odom,1.420702,0.000000,0.000000,0.000000,0.525550,0.500,5.000,1,1
1762884592.035399,STEP,0,0.500000,odom,1.419990,-0.011246,0.100647,0.340842,0.525367,0.500,5.000,1,1
1762884592.055377,STEP,0,0.500000,odom,1.419990,-0.007872,0.070453,0.238589,0.525018,0.500,5.000,1,1
1762884592.075395,STEP,0,0.500000,odom,1.419990,0.000000,0.000000,0.000000,0.525018,0.500,5.000,1,1
1762884592.096625,STEP,0,0.500000,odom,1.419990,0.000000,0.000000,0.000000,0.525018,0.500,5.000,1,1
1762884592.115556,STEP,0,0.500000,odom,1.419990,0.000000,0.000000,0.000000,0.525018,0.500,5.000,1,1
1762884592.135354,STEP,0,0.500000,odom,1.419990,0.000000,0.000000,0.000000,0.525018,0.500,5.000,1,1
1762884592.155338,STEP,0,0.500000,odom,1.419990,0.000000,0.000000,0.000000,0.525018,0.500,5.000,1,1
1762884592.175736,STEP,0,0.500000,odom,1.419990,0.000000,0.000000,0.000000,0.525018,0.500,5.000,1,1
1762884592.195674,STEP,0,0.500000,odom,1.419990,0.000000,0.000000,0.000000,0.525018,0.500,5.000,1,1
1762884592.217147,STEP,0,0.500000,odom,1.419298,-0.010807,0.101401,0.340626,0.524687,0.500,5.000,1,1
1762884592.235312,STEP,0,0.500000,odom,1.419298,-0.007565,0.070981,0.238438,0.524532,0.500,5.000,1,1
1762884592.255363,STEP,0,0.500000,odom,1.419298,-0.005296,0.049687,0.166907,0.524532,0.500,5.000,1,1
1762884592.275320,STEP,0,0.500000,odom,1.419298,0.000000,0.000000,0.000000,0.524532,0.500,5.000,1,1
1762884592.298082,STEP,0,0.500000,odom,1.419298,0.000000,0.000000,0.000000,0.524532,0.500,5.000,1,1
1762884592.315515,STEP,0,0.500000,odom,1.419298,0.000000,0.000000,0.000000,0.524532,0.500,5.000,1,1
1762884592.335537,STEP,0,0.500000,odom,1.419298,0.000000,0.000000,0.000000,0.524532,0.500,5.000,1,1
1762884592.355439,STEP,0,0.500000,odom,1.419298,0.000000,0.000000,0.000000,0.524532,0.500,5.000,1,1
1762884592.375387,STEP,0,0.500000,odom,1.419298,0.000000,0.000000,0.000000,0.524532,0.500,5.000,1,1
1762884592.395690,STEP,0,0.500000,odom,1.419298,0.000000,0.000000,0.000000,0.524532,0.500,5.000,1,1
1762884592.415276,STEP,0,0.500000,odom,1.419298,0.000000,0.000000,0.000000,0.524344,0.500,5.000,1,1
1762884592.435305,STEP,0,0.500000,odom,1.418625,-0.010370,0.102079,0.340476,0.524152,0.500,5.000,1,1
1762884592.455678,STEP,0,0.500000,odom,1.418625,-0.007259,0.071455,0.238333,0.524152,0.500,5.000,1,1
1762884592.475422,STEP,0,0.500000,odom,1.418625,0.000000,0.000000,0.000000,0.524152,0.500,5.000,1,1
1762884592.495412,STEP,0,0.500000,odom,1.418625,0.000000,0.000000,0.000000,0.524152,0.500,5.000,1,1
1762884592.515329,STEP,0,0.500000,odom,1.418625,0.000000,0.000000,0.000000,0.524152,0.500,5.000,1,1
1762884592.535909,STEP,0,0.500000,odom,1.418625,0.000000,0.000000,0.000000,0.524152,0.500,5.000,1,1
1762884592.555306,STEP,0,0.500000,odom,1.418625,0.000000,0.000000,0.000000,0.524152,0.500,5.000,1,1
1762884592.575519,STEP,0,0.500000,odom,1.418625,0.000000,0.000000,0.000000,0.523987,0.500,5.000,1,1
1762884592.595318,STEP,0,0.500000,odom,1.418625,0.000000,0.000000,0.000000,0.523587,0.500,5.000,1,1
1762884592.615562,STEP,0,0.500000,odom,1.417973,-0.009948,0.102686,0.340386,0.523522,0.500,5.000,1,1
1762884592.636097,STEP,0,0.500000,odom,1.417973,0.000000,0.000000,0.000000,0.523522,0.500,5.000,1,1
1762884592.655495,STEP,0,0.500000,odom,1.417973,0.000000,0.000000,0.000000,0.523522,0.500,5.000,1,1
1762884592.675544,STEP,0,0.500000,odom,1.417973,0.000000,0.000000,0.000000,0.523522,0.500,5.000,1,1
1762884592.695334,STEP,0,0.500000,odom,1.417973,0.000000,0.000000,0.000000,0.523522,0.500,5.000,1,1
1762884592.718076,STEP,0,0.500000,odom,1.417973,0.000000,0.000000,0.000000,0.523522,0.500,5.000,1,1
1762884592.735329,STEP,0,0.500000,odom,1.417973,0.000000,0.000000,0.000000,0.523522,0.500,5.000,1,1
1762884592.755273,STEP,0,0.500000,odom,1.417973,0.000000,0.000000,0.000000,0.523417,0.500,5.000,1,1
1762884592.777234,STEP,0,0.500000,odom,1.417338,-0.006372,0.068822,0.226903,0.523097,0.500,5.000,1,1
1762884592.795409,STEP,0,0.500000,odom,1.417338,-0.004461,0.048175,0.158832,0.523097,0.500,5.000,1,1
1762884592.816081,STEP,0,0.500000,odom,1.417338,0.000000,0.000000,0.000000,0.523097,0.500,5.000,1,1
1762884592.835446,STEP,0,0.500000,odom,1.417338,0.000000,0.000000,0.000000,0.523097,0.500,5.000,1,1
1762884592.855619,STEP,0,0.500000,odom,1.417338,0.000000,0.000000,0.000000,0.523097,0.500,5.000,1,1
1762884592.875479,STEP,0,0.500000,odom,1.417338,0.000000,0.000000,0.000000,0.523097,0.500,5.000,1,1
1762884592.895317,STEP,0,0.500000,odom,1.417338,0.000000,0.000000,0.000000,0.523097,0.500,5.000,1,1
1762884592.915651,STEP,0,0.500000,odom,1.417338,0.000000,0.000000,0.000000,0.523097,0.500,5.000,1,1
1762884592.935297,STEP,0,0.500000,odom,1.417338,0.000000,0.000000,0.000000,0.522925,0.500,5.000,1,1
1762884592.955411,STEP,0,0.500000,odom,1.417338,0.000000,0.000000,0.000000,0.522679,0.500,5.000,1,1
1762884592.975298,STEP,0,0.500000,odom,1.416717,-0.018464,0.207465,0.680769,0.522679,0.500,5.000,1,1
1762884592.995558,STEP,0,0.500000,odom,1.416717,0.000000,0.000000,0.000000,0.522679,0.500,5.000,1,1
1762884593.017930,STEP,0,0.500000,odom,1.416717,0.000000,0.000000,0.000000,0.522679,0.500,5.000,1,1
1762884593.035851,STEP,0,0.500000,odom,1.416717,0.000000,0.000000,0.000000,0.522679,0.500,5.000,1,1
1762884593.055336,STEP,0,0.500000,odom,1.416717,0.000000,0.000000,0.000000,0.522679,0.500,5.000,1,1
1762884593.075443,STEP,0,0.500000,odom,1.416717,0.000000,0.000000,0.000000,0.522679,0.500,5.000,1,1
1762884593.095793,STEP,0,0.500000,odom,1.416717,0.000000,0.000000,0.000000,0.522613,0.500,5.000,1,1
1762884593.115478,STEP,0,0.500000,odom,1.416717,0.000000,0.000000,0.000000,0.522408,0.500,5.000,1,1
1762884593.135357,STEP,0,0.500000,odom,1.416110,-0.011892,0.138910,0.453950,0.522262,0.500,5.000,1,1
1762884593.155893,STEP,0,0.500000,odom,1.416110,0.000000,0.000000,0.000000,0.522262,0.500,5.000,1,1
1762884593.175398,STEP,0,0.500000,odom,1.416110,0.000000,0.000000,0.000000,0.522262,0.500,5.000,1,1
1762884593.195357,STEP,0,0.500000,odom,1.416110,0.000000,0.000000,0.000000,0.522262,0.500,5.000,1,1
1762884593.215324,STEP,0,0.500000,odom,1.416110,0.000000,0.000000,0.000000,0.522262,0.500,5.000,1,1
1762884593.235281,STEP,0,0.500000,odom,1.416110,0.000000,0.000000,0.000000,0.522262,0.500,5.000,1,1
1762884593.255761,STEP,0,0.500000,odom,1.416110,0.000000,0.000000,0.000000,0.522262,0.500,5.000,1,1
1762884593.275495,STEP,0,0.500000,odom,1.416110,0.000000,0.000000,0.000000,0.522128,0.500,5.000,1,1
1762884593.295307,STEP,0,0.500000,odom,1.415518,-0.005711,0.069729,0.227059,0.522103,0.500,5.000,1,1
1762884593.315439,STEP,0,0.500000,odom,1.415518,0.000000,0.000000,0.000000,0.522103,0.500,5.000,1,1
1762884593.335519,STEP,0,0.500000,odom,1.415518,0.000000,0.000000,0.000000,0.522103,0.500,5.000,1,1
1762884593.355430,STEP,0,0.500000,odom,1.415518,0.000000,0.000000,0.000000,0.522103,0.500,5.000,1,1
1762884593.375415,STEP,0,0.500000,odom,1.415518,0.000000,0.000000,0.000000,0.522103,0.500,5.000,1,1
1762884593.396066,STEP,0,0.500000,odom,1.415518,0.000000,0.000000,0.000000,0.522103,0.500,5.000,1,1
1762884593.415324,STEP,0,0.500000,odom,1.415518,0.000000,0.000000,0.000000,0.522103,0.500,5.000,1,1
1762884593.435342,STEP,0,0.500000,odom,1.415518,0.000000,0.000000,0.000000,0.522103,0.500,5.000,1,1
1762884593.455503,STEP,0,0.500000,odom,1.415518,0.000000,0.000000,0.000000,0.522053,0.500,5.000,1,1
1762884593.475517,STEP,0,0.500000,odom,1.415518,0.000000,0.000000,0.000000,0.521986,0.500,5.000,1,1
1762884593.495423,STEP,0,0.500000,odom,1.415518,0.000000,0.000000,0.000000,0.521986,0.500,5.000,1,1
1762884593.515682,STEP,0,0.500000,odom,1.415518,0.000000,0.000000,0.000000,0.521986,0.500,5.000,1,1
1762884593.535959,STEP,0,0.500000,odom,1.415518,0.000000,0.000000,0.000000,0.521986,0.500,5.000,1,1
1762884593.555298,STEP,0,0.500000,odom,1.415518,0.000000,0.000000,0.000000,0.521986,0.500,5.000,1,1
1762884593.575423,STEP,0,0.500000,odom,1.415518,0.000000,0.000000,0.000000,0.521986,0.500,5.000,1,1
1762884593.595319,STEP,0,0.500000,odom,1.415518,0.000000,0.000000,0.000000,0.521986,0.500,5.000,1,1
1762884593.616109,STEP,0,0.500000,odom,1.415518,0.000000,0.000000,0.000000,0.521964,0.500,5.000,1,1
1762884593.635577,STEP,0,0.500000,odom,1.414942,-0.008217,0.104992,0.340753,0.522001,0.500,5.000,1,1
1762884593.655392,STEP,0,0.500000,odom,1.414942,-0.005752,0.073494,0.238527,0.522001,0.500,5.000,1,1
1762884593.675305,STEP,0,0.500000,odom,1.414942,0.000000,0.000000,0.000000,0.522001,0.500,5.000,1,1
1762884593.695497,STEP,0,0.500000,odom,1.414942,0.000000,0.000000,0.000000,0.522001,0.500,5.000,1,1
1762884593.716009,STEP,0,0.500000,odom,1.414942,0.000000,0.000000,0.000000,0.522001,0.500,5.000,1,1
1762884593.735303,STEP,0,0.500000,odom,1.414942,0.000000,0.000000,0.000000,0.522001,0.500,5.000,1,1
1762884593.755338,STEP,0,0.500000,odom,1.414942,0.000000,0.000000,0.000000,0.522001,0.500,5.000,1,1
1762884593.775493,STEP,0,0.500000,odom,1.414942,0.000000,0.000000,0.000000,0.522001,0.500,5.000,1,1
1762884593.795335,STEP,0,0.500000,odom,1.414942,0.000000,0.000000,0.000000,0.521961,0.500,5.000,1,1
1762884593.815335,STEP,0,0.500000,odom,1.414380,-0.005280,0.070236,0.227300,0.522099,0.500,5.000,1,1
1762884593.835479,STEP,0,0.500000,odom,1.414380,-0.003696,0.049165,0.159110,0.522207,0.500,5.000,1,1
1762884593.855535,STEP,0,0.500000,odom,1.414380,0.000000,0.000000,0.000000,0.522207,0.500,5.000,1,1
1762884593.875311,STEP,0,0.500000,odom,1.414380,0.000000,0.000000,0.000000,0.522207,0.500,5.000,1,1
1762884594.915370,STEP,1,0.000000,odom,1.411563,-0.004302,0.074996,0.237870,0.519566,0.500,5.000,1,1
1762884594.935966,STEP,1,0.000000,odom,1.411563,0.000000,0.000000,0.000000,0.519566,0.500,5.000,1,1
1762884594.956951,STEP,1,0.000000,odom,1.411563,0.000000,0.000000,0.000000,0.519566,0.500,5.000,1,1
1762884594.978453,STEP,1,0.000000,odom,1.411563,0.000000,0.000000,0.000000,0.519566,0.500,5.000,1,1
1762884594.995342,STEP,1,0.000000,odom,1.411563,0.000000,0.000000,0.000000,0.519566,0.500,5.000,1,1
1762884595.015599,STEP,1,0.000000,odom,1.411563,0.000000,0.000000,0.000000,0.519566,0.500,5.000,1,1
1762884595.035405,STEP,1,0.000000,odom,1.411563,0.000000,0.000000,0.000000,0.519566,0.500,5.000,1,1
1762884595.055359,STEP,1,0.000000,odom,1.411563,0.000000,0.000000,0.000000,0.518714,0.500,5.000,1,1
1762884595.075334,STEP,1,0.000000,odom,1.411563,0.000000,0.000000,0.000000,0.515484,0.500,5.000,1,1
1762884595.095382,STEP,1,0.000000,odom,1.411352,-0.010213,0.143145,0.449351,0.515484,0.500,5.000,1,1
1762884595.115375,STEP,1,0.000000,odom,1.411352,0.000000,0.000000,0.000000,0.515484,0.500,5.000,1,1
1762884595.135452,STEP,1,0.000000,odom,1.411352,0.000000,0.000000,0.000000,0.515484,0.500,5.000,1,1
1762884595.155354,STEP,1,0.000000,odom,1.411352,0.000000,0.000000,0.000000,0.515484,0.500,5.000,1,1
1762884595.178124,STEP,1,0.000000,odom,1.411352,0.000000,0.000000,0.000000,0.515484,0.500,5.000,1,1
1762884595.195445,STEP,1,0.000000,odom,1.411352,0.000000,0.000000,0.000000,0.515484,0.500,5.000,1,1
1762884595.215927,STEP,1,0.000000,odom,1.411352,0.000000,0.000000,0.000000,0.515484,0.500,5.000,1,1
1762884595.236690,STEP,1,0.000000,odom,1.411352,0.000000,0.000000,0.000000,0.515484,0.500,5.000,1,1
1762884595.255328,STEP,1,0.000000,odom,1.411352,0.000000,0.000000,0.000000,0.515484,0.500,5.000,1,1
1762884595.275487,STEP,1,0.000000,odom,1.411352,0.000000,0.000000,0.000000,0.510996,0.500,5.000,1,1
1762884595.295395,STEP,1,0.000000,odom,1.411208,-0.010023,0.107582,0.332476,0.509187,0.500,5.000,1,1
1762884595.315690,STEP,1,0.000000,odom,1.411208,-0.007016,0.075307,0.232733,0.509187,0.500,5.000,1,1
1762884595.335494,STEP,1,0.000000,odom,1.411208,0.000000,0.000000,0.000000,0.509187,0.500,5.000,1,1
1762884595.356004,STEP,1,0.000000,odom,1.411208,0.000000,0.000000,0.000000,0.509187,0.500,5.000,1,1
1762884595.375380,STEP,1,0.000000,odom,1.411208,0.000000,0.000000,0.000000,0.509187,0.500,5.000,1,1
1762884595.395410,STEP,1,0.000000,odom,1.411208,0.000000,0.000000,0.000000,0.509187,0.500,5.000,1,1
1762884595.415399,STEP,1,0.000000,odom,1.411208,0.000000,0.000000,0.000000,0.509187,0.500,5.000,1,1
1762884595.435371,STEP,1,0.000000,odom,1.411208,0.000000,0.000000,0.000000,0.509187,0.500,5.000,1,1
1762884595.455506,STEP,1,0.000000,odom,1.411208,0.000000,0.000000,0.000000,0.505079,0.500,5.000,1,1
1762884595.475546,STEP,1,0.000000,odom,1.411208,0.000000,0.000000,0.000000,0.500336,0.500,5.000,1,1
1762884595.495350,STEP,1,0.000000,odom,1.411101,-0.016875,0.143767,0.434307,0.500336,0.500,5.000,1,1
1762884595.516068,STEP,1,0.000000,odom,1.411101,0.000000,0.000000,0.000000,0.500336,0.500,5.000,1,1
1762884595.536040,STEP,1,0.000000,odom,1.411101,0.000000,0.000000,0.000000,0.500336,0.500,5.000,1,1
1762884595.555650,STEP,1,0.000000,odom,1.411101,0.000000,0.000000,0.000000,0.500336,0.500,5.000,1,1
1762884595.575308,STEP,1,0.000000,odom,1.411101,0.000000,0.000000,0.000000,0.500336,0.500,5.000,1,1
1762884595.595316,STEP,1,0.000000,odom,1.411101,0.000000,0.000000,0.000000,0.500336,0.500,5.000,1,1
1762884595.615438,STEP,1,0.000000,odom,1.411101,0.000000,0.000000,0.000000,0.500336,0.500,5.000,1,1
1762884595.635337,STEP,1,0.000000,odom,1.411101,0.000000,0.000000,0.000000,0.500336,0.500,5.000,1,1
1762884595.655617,STEP,1,0.000000,odom,1.411101,0.000000,0.000000,0.000000,0.494806,0.500,5.000,1,1
1762884595.676405,STEP,1,0.000000,odom,1.411101,0.000000,0.000000,0.000000,0.485461,0.500,5.000,1,1
1762884595.695364,STEP,1,0.000000,odom,1.411101,0.000000,0.000000,0.000000,0.485461,0.500,5.000,1,1
1762884595.716211,STEP,1,0.000000,odom,1.411101,0.000000,0.000000,0.000000,0.485461,0.500,5.000,1,1
1762884595.739354,STEP,1,0.000000,odom,1.411101,0.000000,0.000000,0.000000,0.485461,0.500,5.000,1,1
1762884595.755296,STEP,1,0.000000,odom,1.411101,0.000000,0.000000,0.000000,0.485461,0.500,5.000,1,1
1762884595.775389,STEP,1,0.000000,odom,1.411101,0.000000,0.000000,0.000000,0.485461,0.500,5.000,1,1
1762884595.795761,STEP,1,0.000000,odom,1.411101,0.000000,0.000000,0.000000,0.485461,0.500,5.000,1,1
1762884595.815538,STEP,1,0.000000,odom,1.411101,0.000000,0.000000,0.000000,0.485461,0.500,5.000,1,1
1762884595.835607,STEP,1,0.000000,odom,1.411011,-0.030199,0.216203,0.633427,0.481983,0.500,5.000,1,1
1762884595.855336,STEP,1,0.000000,odom,1.411011,-0.021139,0.151342,0.443399,0.470695,0.500,5.000,1,1
1762884595.875311,STEP,1,0.000000,odom,1.411011,-0.014797,0.105939,0.310379,0.470695,0.500,5.000,1,1
1762884595.895476,STEP,1,0.000000,odom,1.411011,0.000000,0.000000,0.000000,0.470695,0.500,5.000,1,1
1762884595.915419,STEP,1,0.000000,odom,1.411011,0.000000,0.000000,0.000000,0.470695,0.500,5.000,1,1
1762884595.935355,STEP,1,0.000000,odom,1.411011,0.000000,0.000000,0.000000,0.470695,0.500,5.000,1,1
1762884595.955364,STEP,1,0.000000,odom,1.411011,0.000000,0.000000,0.000000,0.470695,0.500,5.000,1,1
1762884595.975368,STEP,1,0.000000,odom,1.411011,0.000000,0.000000,0.000000,0.470695,0.500,5.000,1,1
1762884595.995506,STEP,1,0.000000,odom,1.411011,0.000000,0.000000,0.000000,0.470695,0.500,5.000,1,1
1762884596.015514,STEP,1,0.000000,odom,1.410919,-0.017111,0.108412,0.305594,0.462477,0.500,5.000,1,1
1762884596.035414,STEP,1,0.000000,odom,1.410919,-0.011978,0.075889,0.213916,0.453821,0.500,5.000,1,1
1762884596.055303,STEP,1,0.000000,odom,1.410919,-0.008385,0.053122,0.149741,0.453821,0.500,5.000,1,1
1762884596.076089,STEP,1,0.000000,odom,1.410919,0.000000,0.000000,0.000000,0.453821,0.500,5.000,1,1
1762884596.099056,STEP,1,0.000000,odom,1.410919,0.000000,0.000000,0.000000,0.453821,0.500,5.000,1,1
1762884596.115214,STEP,1,0.000000,odom,1.410919,0.000000,0.000000,0.000000,0.453821,0.500,5.000,1,1
1762884596.135411,STEP,1,0.000000,odom,1.410919,0.000000,0.000000,0.000000,0.453821,0.500,5.000,1,1
1762884596.155326,STEP,1,0.000000,odom,1.410919,0.000000,0.000000,0.000000,0.453821,0.500,5.000,1,1
1762884596.175174,STEP,1,0.000000,odom,1.410919,0.000000,0.000000,0.000000,0.444769,0.500,5.000,1,1
1762884596.195274,STEP,1,0.000000,odom,1.410815,-0.018500,0.108753,0.292701,0.435235,0.500,5.000,1,1
1762884596.216094,STEP,1,0.000000,odom,1.410815,-0.012950,0.076127,0.204891,0.435235,0.500,5.000,1,1
1762884596.235344,STEP,1,0.000000,odom,1.410815,0.000000,0.000000,0.000000,0.435235,0.500,5.000,1,1
1762884596.255344,STEP,1,0.000000,odom,1.410815,0.000000,0.000000,0.000000,0.435235,0.500,5.000,1,1
1762884596.278049,STEP,1,0.000000,odom,1.410815,0.000000,0.000000,0.000000,0.435235,0.500,5.000,1,1
1762884596.295299,STEP,1,0.000000,odom,1.410815,0.000000,0.000000,0.000000,0.435235,0.500,5.000,1,1
1762884596.315617,STEP,1,0.000000,odom,1.410815,0.000000,0.000000,0.000000,0.435235,0.500,5.000,1,1
1762884596.335400,STEP,1,0.000000,odom,1.410815,0.000000,0.000000,0.000000,0.435235,0.500,5.000,1,1
1762884596.355436,STEP,1,0.000000,odom,1.410689,-0.019271,0.109124,0.278410,0.420414,0.500,5.000,1,1
1762884596.375591,STEP,1,0.000000,odom,1.410689,-0.013490,0.076387,0.194887,0.415367,0.500,5.000,1,1
1762884596.395330,STEP,1,0.000000,odom,1.410689,-0.009443,0.053471,0.136421,0.415367,0.500,5.000,1,1
1762884596.415275,STEP,1,0.000000,odom,1.410689,0.000000,0.000000,0.000000,0.415367,0.500,5.000,1,1
1762884596.435323,STEP,1,0.000000,odom,1.410689,0.000000,0.000000,0.000000,0.415367,0.500,5.000,1,1
1762884596.457501,STEP,1,0.000000,odom,1.410689,0.000000,0.000000,0.000000,0.415367,0.500,5.000,1,1
1762884596.475332,STEP,1,0.000000,odom,1.410689,0.000000,0.000000,0.000000,0.415367,0.500,5.000,1,1
1762884596.495264,STEP,1,0.000000,odom,1.410689,0.000000,0.000000,0.000000,0.415367,0.500,5.000,1,1
1762884596.515333,STEP,1,0.000000,odom,1.410689,0.000000,0.000000,0.000000,0.415367,0.500,5.000,1,1
1762884596.535437,STEP,1,0.000000,odom,1.410689,0.000000,0.000000,0.000000,0.399750,0.500,5.000,1,1
1762884596.555300,STEP,1,0.000000,odom,1.410542,-0.015524,0.087607,0.210494,0.394467,0.500,5.000,1,1
1762884596.575356,STEP,1,0.000000,odom,1.410542,0.000000,0.000000,0.000000,0.394467,0.500,5.000,1,1
1762884596.595399,STEP,1,0.000000,odom,1.410542,0.000000,0.000000,0.000000,0.394467,0.500,5.000,1,1
1762884596.615477,STEP,1,0.000000,odom,1.410542,0.000000,0.000000,0.000000,0.394467,0.500,5.000,1,1
1762884596.635358,STEP,1,0.000000,odom,1.410542,0.000000,0.000000,0.000000,0.394467,0.500,5.000,1,1
1762884596.655317,STEP,1,0.000000,odom,1.410542,0.000000,0.000000,0.000000,0.394467,0.500,5.000,1,1
1762884596.675319,STEP,1,0.000000,odom,1.410542,0.000000,0.000000,0.000000,0.394467,0.500,5.000,1,1
1762884596.695433,STEP,1,0.000000,odom,1.410542,0.000000,0.000000,0.000000,0.389177,0.500,5.000,1,1
1762884596.715278,STEP,1,0.000000,odom,1.410373,-0.015241,0.087924,0.197783,0.373148,0.500,5.000,1,1
1762884596.735556,STEP,1,0.000000,odom,1.410373,-0.010669,0.061547,0.138448,0.367832,0.500,5.000,1,1
1762884596.755364,STEP,1,0.000000,odom,1.410373,0.000000,0.000000,0.000000,0.367832,0.500,5.000,1,1
1762884596.775371,STEP,1,0.000000,odom,1.410373,0.000000,0.000000,0.000000,0.367832,0.500,5.000,1,1
1762884596.795369,STEP,1,0.000000,odom,1.410373,0.000000,0.000000,0.000000,0.367832,0.500,5.000,1,1
1762884596.815314,STEP,1,0.000000,odom,1.410373,0.000000,0.000000,0.000000,0.367832,0.500,5.000,1,1
1762884596.835289,STEP,1,0.000000,odom,1.410373,0.000000,0.000000,0.000000,0.367832,0.500,5.000,1,1
1762884596.855498,STEP,1,0.000000,odom,1.410373,0.000000,0.000000,0.000000,0.367832,0.500,5.000,1,1
1762884596.875324,STEP,1,0.000000,odom,1.410373,0.000000,0.000000,0.000000,0.351692,0.500,5.000,1,1
1762884596.895306,STEP,1,0.000000,odom,1.410184,-0.018302,0.110303,0.231098,0.346286,0.500,5.000,1,1
1762884596.915489,STEP,1,0.000000,odom,1.410184,-0.012811,0.077212,0.161769,0.346286,0.500,5.000,1,1
1762884596.935359,STEP,1,0.000000,odom,1.410184,0.000000,0.000000,0.000000,0.346286,0.500,5.000,1,1
1762884596.955451,STEP,1,0.000000,odom,1.410184,0.000000,0.000000,0.000000,0.346286,0.500,5.000,1,1
1762884596.979301,STEP,1,0.000000,odom,1.410184,0.000000,0.000000,0.000000,0.346286,0.500,5.000,1,1
1762884596.995308,STEP,1,0.000000,odom,1.410184,0.000000,0.000000,0.000000,0.346286,0.500,5.000,1,1
1762884597.015279,STEP,1,0.000000,odom,1.410184,0.000000,0.000000,0.000000,0.346286,0.500,5.000,1,1
1762884597.035637,STEP,1,0.000000,odom,1.410184,0.000000,0.000000,0.000000,0.346286,0.500,5.000,1,1
1762884597.055581,STEP,1,0.000000,odom,1.410184,0.000000,0.000000,0.000000,0.335494,0.500,5.000,1,1
1762884597.075551,STEP,1,0.000000,odom,1.409976,-0.017318,0.110685,0.215017,0.324948,0.500,5.000,1,1
1762884597.095444,STEP,1,0.000000,odom,1.409976,0.000000,0.000000,0.000000,0.324948,0.500,5.000,1,1
1762884597.115307,STEP,1,0.000000,odom,1.409976,0.000000,0.000000,0.000000,0.324948,0.500,5.000,1,1
1762884597.135387,STEP,1,0.000000,odom,1.409976,0.000000,0.000000,0.000000,0.324948,0.500,5.000,1,1
1762884597.155335,STEP,1,0.000000,odom,1.409976,0.000000,0.000000,0.000000,0.324948,0.500,5.000,1,1
1762884597.175390,STEP,1,0.000000,odom,1.409976,0.000000,0.000000,0.000000,0.324948,0.500,5.000,1,1
1762884597.195292,STEP,1,0.000000,odom,1.409976,0.000000,0.000000,0.000000,0.324948,0.500,5.000,1,1
1762884597.215261,STEP,1,0.000000,odom,1.409976,0.000000,0.000000,0.000000,0.319792,0.500,5.000,1,1
1762884597.235342,STEP,1,0.000000,odom,1.409976,0.000000,0.000000,0.000000,0.304149,0.500,5.000,1,1
1762884597.255438,STEP,1,0.000000,odom,1.409753,-0.016176,0.111052,0.199254,0.304149,0.500,5.000,1,1
1762884597.276262,STEP,1,0.000000,odom,1.409753,0.000000,0.000000,0.000000,0.304149,0.500,5.000,1,1
1762884597.295333,STEP,1,0.000000,odom,1.409753,0.000000,0.000000,0.000000,0.304149,0.500,5.000,1,1
1762884597.318050,STEP,1,0.000000,odom,1.409753,0.000000,0.000000,0.000000,0.304149,0.500,5.000,1,1
1762884597.335391,STEP,1,0.000000,odom,1.409753,0.000000,0.000000,0.000000,0.304149,0.500,5.000,1,1
1762884597.355503,STEP,1,0.000000,odom,1.409753,0.000000,0.000000,0.000000,0.304149,0.500,5.000,1,1
1762884597.375553,STEP,1,0.000000,odom,1.409753,0.000000,0.000000,0.000000,0.304149,0.500,5.000,1,1
1762884597.395467,STEP,1,0.000000,odom,1.409753,0.000000,0.000000,0.000000,0.299040,0.500,5.000,1,1
1762884597.416911,STEP,1,0.000000,odom,1.409753,0.000000,0.000000,0.000000,0.288858,0.500,5.000,1,1
1762884597.435320,STEP,1,0.000000,odom,1.409520,-0.009944,0.074252,0.122662,0.283851,0.500,5.000,1,1
1762884597.456881,STEP,1,0.000000,odom,1.409520,0.000000,0.000000,0.000000,0.283851,0.500,5.000,1,1
1762884597.475975,STEP,1,0.000000,odom,1.409520,0.000000,0.000000,0.000000,0.283851,0.500,5.000,1,1
1762884597.495752,STEP,1,0.000000,odom,1.409520,0.000000,0.000000,0.000000,0.283851,0.500,5.000,1,1
1762884597.515371,STEP,1,0.000000,odom,1.409520,0.000000,0.000000,0.000000,0.283851,0.500,5.000,1,1
1762884597.535404,STEP,1,0.000000,odom,1.409520,0.000000,0.000000,0.000000,0.283851,0.500,5.000,1,1
1762884597.555364,STEP,1,0.000000,odom,1.409520,0.000000,0.000000,0.000000,0.283851,0.500,5.000,1,1
1762884597.575288,STEP,1,0.000000,odom,1.409520,0.000000,0.000000,0.000000,0.273926,0.500,5.000,1,1
1762884597.595441,STEP,1,0.000000,odom,1.409520,0.000000,0.000000,0.000000,0.264295,0.500,5.000,1,1
1762884597.615290,STEP,1,0.000000,odom,1.409284,-0.027191,0.223312,0.338794,0.264295,0.500,5.000,1,1
1762884597.635685,STEP,1,0.000000,odom,1.409284,0.000000,0.000000,0.000000,0.264295,0.500,5.000,1,1
1762884597.655317,STEP,1,0.000000,odom,1.409284,0.000000,0.000000,0.000000,0.264295,0.500,5.000,1,1
1762884597.675680,STEP,1,0.000000,odom,1.409284,0.000000,0.000000,0.000000,0.264295,0.500,5.000,1,1
1762884597.696275,STEP,1,0.000000,odom,1.409284,0.000000,0.000000,0.000000,0.264295,0.500,5.000,1,1
1762884597.715327,STEP,1,0.000000,odom,1.409284,0.000000,0.000000,0.000000,0.264295,0.500,5.000,1,1
1762884597.735385,STEP,1,0.000000,odom,1.409284,0.000000,0.000000,0.000000,0.264295,0.500,5.000,1,1
1762884597.755708,STEP,1,0.000000,odom,1.409284,0.000000,0.000000,0.000000,0.254799,0.500,5.000,1,1
1762884597.776781,STEP,1,0.000000,odom,1.409284,0.000000,0.000000,0.000000,0.245573,0.500,5.000,1,1
1762884597.795350,STEP,1,0.000000,odom,1.409284,0.000000,0.000000,0.000000,0.245573,0.500,5.000,1,1
1762884597.815733,STEP,1,0.000000,odom,1.409284,0.000000,0.000000,0.000000,0.245573,0.500,5.000,1,1
1762884597.835363,STEP,1,0.000000,odom,1.409284,0.000000,0.000000,0.000000,0.245573,0.500,5.000,1,1
1762884597.855326,STEP,1,0.000000,odom,1.409284,0.000000,0.000000,0.000000,0.245573,0.500,5.000,1,1
1762884597.875377,STEP,1,0.000000,odom,1.409284,0.000000,0.000000,0.000000,0.245573,0.500,5.000,1,1
1762884597.895416,STEP,1,0.000000,odom,1.409284,0.000000,0.000000,0.000000,0.245573,0.500,5.000,1,1
1762884597.917304,STEP,1,0.000000,odom,1.409284,0.000000,0.000000,0.000000,0.245573,0.500,5.000,1,1
1762884597.935572,STEP,1,0.000000,odom,1.409047,-0.024631,0.223773,0.311122,0.236599,0.500,5.000,1,1
1762884597.955305,STEP,1,0.000000,odom,1.409047,-0.017242,0.156641,0.217786,0.227888,0.500,5.000,1,1
1762884597.977612,STEP,1,0.000000,odom,1.409047,-0.012069,0.109649,0.152450,0.227888,0.500,5.000,1,1
1762884597.997072,STEP,1,0.000000,odom,1.409047,0.000000,0.000000,0.000000,0.227888,0.500,5.000,1,1
1762884598.018573,STEP,1,0.000000,odom,1.409047,0.000000,0.000000,0.000000,0.227888,0.500,5.000,1,1
1762884598.039169,STEP,1,0.000000,odom,1.409047,0.000000,0.000000,0.000000,0.227888,0.500,5.000,1,1
1762884598.055410,STEP,1,0.000000,odom,1.409047,0.000000,0.000000,0.000000,0.227888,0.500,5.000,1,1
1762884598.075870,STEP,1,0.000000,odom,1.409047,0.000000,0.000000,0.000000,0.227888,0.500,5.000,1,1
1762884598.097180,STEP,1,0.000000,odom,1.409047,0.000000,0.000000,0.000000,0.223603,0.500,5.000,1,1
1762884598.115452,STEP,1,0.000000,odom,1.408812,-0.011137,0.112029,0.142559,0.215236,0.500,5.000,1,1
1762884598.135371,STEP,1,0.000000,odom,1.408812,-0.007796,0.078421,0.099791,0.211133,0.500,5.000,1,1
1762884598.155449,STEP,1,0.000000,odom,1.408812,0.000000,0.000000,0.000000,0.211133,0.500,5.000,1,1
1762884598.175317,STEP,1,0.000000,odom,1.408812,0.000000,0.000000,0.000000,0.211133,0.500,5.000,1,1
1762884598.195344,STEP,1,0.000000,odom,1.408812,0.000000,0.000000,0.000000,0.211133,0.500,5.000,1,1
1762884598.215292,STEP,1,0.000000,odom,1.408812,0.000000,0.000000,0.000000,0.211133,0.500,5.000,1,1
1762884598.235752,STEP,1,0.000000,odom,1.408812,0.000000,0.000000,0.000000,0.211133,0.500,5.000,1,1
1762884598.255467,STEP,1,0.000000,odom,1.408812,0.000000,0.000000,0.000000,0.211133,0.500,5.000,1,1
1762884598.275301,STEP,1,0.000000,odom,1.408579,-0.020138,0.224177,0.260854,0.199194,0.500,5.000,1,1
1762884598.295387,STEP,1,0.000000,odom,1.408579,-0.014096,0.156924,0.182598,0.195380,0.500,5.000,1,1
1762884598.315306,STEP,1,0.000000,odom,1.408579,-0.009867,0.109847,0.127819,0.195380,0.500,5.000,1,1
1762884598.335528,STEP,1,0.000000,odom,1.408579,0.000000,0.000000,0.000000,0.195380,0.500,5.000,1,1
1762884598.355360,STEP,1,0.000000,odom,1.408579,0.000000,0.000000,0.000000,0.195380,0.500,5.000,1,1
1762884598.375453,STEP,1,0.000000,odom,1.408579,0.000000,0.000000,0.000000,0.195380,0.500,5.000,1,1
1762884598.395570,STEP,1,0.000000,odom,1.408579,0.000000,0.000000,0.000000,0.195380,0.500,5.000,1,1
1762884598.415777,STEP,1,0.000000,odom,1.408579,0.000000,0.000000,0.000000,0.195380,0.500,5.000,1,1
1762884598.435938,STEP,1,0.000000,odom,1.408579,0.000000,0.000000,0.000000,0.195380,0.500,5.000,1,1
1762884598.455348,STEP,1,0.000000,odom,1.408355,-0.012039,0.149409,0.158891,0.184288,0.500,5.000,1,1
1762884598.475523,STEP,1,0.000000,odom,1.408355,-0.008427,0.104586,0.111224,0.180739,0.500,5.000,1,1
1762884598.495361,STEP,1,0.000000,odom,1.408355,0.000000,0.000000,0.000000,0.180739,0.500,5.000,1,1
1762884598.515538,STEP,1,0.000000,odom,1.408355,0.000000,0.000000,0.000000,0.180739,0.500,5.000,1,1
1762884598.536419,STEP,1,0.000000,odom,1.408355,0.000000,0.000000,0.000000,0.180739,0.500,5.000,1,1
1762884598.555356,STEP,1,0.000000,odom,1.408355,0.000000,0.000000,0.000000,0.180739,0.500,5.000,1,1
1762884598.575462,STEP,1,0.000000,odom,1.408355,0.000000,0.000000,0.000000,0.180739,0.500,5.000,1,1
1762884598.595290,STEP,1,0.000000,odom,1.408355,0.000000,0.000000,0.000000,0.180739,0.500,5.000,1,1
1762884598.615424,STEP,1,0.000000,odom,1.408355,0.000000,0.000000,0.000000,0.177228,0.500,5.000,1,1
1762884598.635576,STEP,1,0.000000,odom,1.408140,-0.008090,0.111930,0.108762,0.167019,0.500,5.000,1,1
1762884598.655294,STEP,1,0.000000,odom,1.408140,-0.005663,0.078351,0.076134,0.163809,0.500,5.000,1,1
1762884598.675494,STEP,1,0.000000,odom,1.408140,0.000000,0.000000,0.000000,0.163809,0.500,5.000,1,1
1762884598.695590,STEP,1,0.000000,odom,1.408140,0.000000,0.000000,0.000000,0.163809,0.500,5.000,1,1
1762884598.716076,STEP,1,0.000000,odom,1.408140,0.000000,0.000000,0.000000,0.163809,0.500,5.000,1,1
1762884598.739257,STEP,1,0.000000,odom,1.408140,0.000000,0.000000,0.000000,0.163809,0.500,5.000,1,1
1762884598.755326,STEP,1,0.000000,odom,1.408140,0.000000,0.000000,0.000000,0.163809,0.500,5.000,1,1
1762884598.776505,STEP,1,0.000000,odom,1.408140,0.000000,0.000000,0.000000,0.163809,0.500,5.000,1,1
1762884598.795394,STEP,1,0.000000,odom,1.408140,0.000000,0.000000,0.000000,0.163809,0.500,5.000,1,1
1762884598.815711,STEP,1,0.000000,odom,1.407937,-0.005808,0.089344,0.079352,0.154398,0.500,5.000,1,1
1762884598.835585,STEP,1,0.000000,odom,1.407937,-0.004066,0.062541,0.055547,0.151395,0.500,5.000,1,1
1762884598.855479,STEP,1,0.000000,odom,1.407937,-0.002846,0.043779,0.038883,0.151395,0.500,5.000,1,1
1762884598.875417,STEP,1,0.000000,odom,1.407937,0.000000,0.000000,0.000000,0.151395,0.500,5.000,1,1
1762884598.896063,STEP,1,0.000000,odom,1.407937,0.000000,0.000000,0.000000,0.151395,0.500,5.000,1,1
1762884598.918096,STEP,1,0.000000,odom,1.407937,0.000000,0.000000,0.000000,0.151395,0.500,5.000,1,1
1762884598.935313,STEP,1,0.000000,odom,1.407937,0.000000,0.000000,0.000000,0.151395,0.500,5.000,1,1
1762884598.955177,STEP,1,0.000000,odom,1.407937,0.000000,0.000000,0.000000,0.148462,0.500,5.000,1,1
1762884598.975598,STEP,1,0.000000,odom,1.407937,0.000000,0.000000,0.000000,0.139916,0.500,5.000,1,1
1762884598.995343,STEP,1,0.000000,odom,1.407745,-0.006520,0.111315,0.090408,0.139916,0.500,5.000,1,1
1762884599.015476,STEP,1,0.000000,odom,1.407745,0.000000,0.000000,0.000000,0.139916,0.500,5.000,1,1
1762884599.035860,STEP,1,0.000000,odom,1.407745,0.000000,0.000000,0.000000,0.139916,0.500,5.000,1,1
1762884599.055312,STEP,1,0.000000,odom,1.407745,0.000000,0.000000,0.000000,0.139916,0.500,5.000,1,1
1762884599.075306,STEP,1,0.000000,odom,1.407745,0.000000,0.000000,0.000000,0.139916,0.500,5.000,1,1
1762884599.095350,STEP,1,0.000000,odom,1.407745,0.000000,0.000000,0.000000,0.139916,0.500,5.000,1,1
1762884599.115361,STEP,1,0.000000,odom,1.407745,0.000000,0.000000,0.000000,0.139916,0.500,5.000,1,1
1762884599.135268,STEP,1,0.000000,odom,1.407745,0.000000,0.000000,0.000000,0.134579,0.500,5.000,1,1
1762884599.155191,STEP,1,0.000000,odom,1.407568,-0.004647,0.088672,0.065887,0.126839,0.500,5.000,1,1
1762884599.175291,STEP,1,0.000000,odom,1.407568,-0.003253,0.062071,0.046121,0.126839,0.500,5.000,1,1
1762884599.195498,STEP,1,0.000000,odom,1.407568,0.000000,0.000000,0.000000,0.126839,0.500,5.000,1,1
1762884599.215296,STEP,1,0.000000,odom,1.407568,0.000000,0.000000,0.000000,0.126839,0.500,5.000,1,1
1762884599.237081,STEP,1,0.000000,odom,1.407568,0.000000,0.000000,0.000000,0.126839,0.500,5.000,1,1
1762884599.257333,STEP,1,0.000000,odom,1.407568,0.000000,0.000000,0.000000,0.126839,0.500,5.000,1,1
1762884599.275420,STEP,1,0.000000,odom,1.407568,0.000000,0.000000,0.000000,0.126839,0.500,5.000,1,1
1762884599.295615,STEP,1,0.000000,odom,1.407568,0.000000,0.000000,0.000000,0.126839,0.500,5.000,1,1
1762884599.317353,STEP,1,0.000000,odom,1.407568,0.000000,0.000000,0.000000,0.121853,0.500,5.000,1,1
1762884599.335456,STEP,1,0.000000,odom,1.407405,-0.004165,0.088196,0.059992,0.119387,0.500,5.000,1,1
1762884599.355281,STEP,1,0.000000,odom,1.407405,-0.002915,0.061737,0.041994,0.119387,0.500,5.000,1,1
1762884599.375314,STEP,1,0.000000,odom,1.407405,0.000000,0.000000,0.000000,0.119387,0.500,5.000,1,1
1762884599.395390,STEP,1,0.000000,odom,1.407405,0.000000,0.000000,0.000000,0.119387,0.500,5.000,1,1
1762884599.415314,STEP,1,0.000000,odom,1.407405,0.000000,0.000000,0.000000,0.119387,0.500,5.000,1,1
1762884599.435328,STEP,1,0.000000,odom,1.407405,0.000000,0.000000,0.000000,0.119387,0.500,5.000,1,1
1762884599.455354,STEP,1,0.000000,odom,1.407405,0.000000,0.000000,0.000000,0.119387,0.500,5.000,1,1
1762884599.475316,STEP,1,0.000000,odom,1.407405,0.000000,0.000000,0.000000,0.119387,0.500,5.000,1,1
1762884599.495432,STEP,1,0.000000,odom,1.407405,0.000000,0.000000,0.000000,0.119387,0.500,5.000,1,1
1762884599.515432,STEP,1,0.000000,odom,1.407405,0.000000,0.000000,0.000000,0.112377,0.500,5.000,1,1
1762884599.535350,STEP,1,0.000000,odom,1.407405,0.000000,0.000000,0.000000,0.110144,0.500,5.000,1,1
1762884599.555353,STEP,1,0.000000,odom,1.407255,-0.009365,0.219059,0.136492,0.110144,0.500,5.000,1,1
1762884599.575327,STEP,1,0.000000,odom,1.407255,0.000000,0.000000,0.000000,0.110144,0.500,5.000,1,1
1762884599.596529,STEP,1,0.000000,odom,1.407255,0.000000,0.000000,0.000000,0.110144,0.500,5.000,1,1
1762884599.615313,STEP,1,0.000000,odom,1.407255,0.000000,0.000000,0.000000,0.110144,0.500,5.000,1,1
1762884599.635368,STEP,1,0.000000,odom,1.407255,0.000000,0.000000,0.000000,0.110144,0.500,5.000,1,1
1762884599.655376,STEP,1,0.000000,odom,1.407255,0.000000,0.000000,0.000000,0.110144,0.500,5.000,1,1
1762884599.675531,STEP,1,0.000000,odom,1.407255,0.000000,0.000000,0.000000,0.105752,0.500,5.000,1,1
1762884599.695248,STEP,1,0.000000,odom,1.407255,0.000000,0.000000,0.000000,0.101528,0.500,5.000,1,1
1762884599.715364,STEP,1,0.000000,odom,1.407117,-0.005655,0.144910,0.082793,0.099455,0.500,5.000,1,1
1762884599.736875,STEP,1,0.000000,odom,1.407117,0.000000,0.000000,0.000000,0.099455,0.500,5.000,1,1
1762884599.756577,STEP,1,0.000000,odom,1.407117,0.000000,0.000000,0.000000,0.099455,0.500,5.000,1,1
1762884599.775314,STEP,1,0.000000,odom,1.407117,0.000000,0.000000,0.000000,0.099455,0.500,5.000,1,1
1762884599.795310,STEP,1,0.000000,odom,1.407117,0.000000,0.000000,0.000000,0.099455,0.500,5.000,1,1
1762884599.815673,STEP,1,0.000000,odom,1.407117,0.000000,0.000000,0.000000,0.099455,0.500,5.000,1,1
1762884599.835636,STEP,1,0.000000,odom,1.407117,0.000000,0.000000,0.000000,0.099455,0.500,5.000,1,1
1762884599.855238,STEP,1,0.000000,odom,1.407117,0.000000,0.000000,0.000000,0.093493,0.500,5.000,1,1
1762884599.875378,STEP,1,0.000000,odom,1.407117,0.000000,0.000000,0.000000,0.091583,0.500,5.000,1,1
1762884599.895270,STEP,1,0.000000,odom,1.407117,0.000000,0.000000,0.000000,0.091583,0.500,5.000,1,1
1762884599.915312,STEP,1,0.000000,odom,1.407117,0.000000,0.000000,0.000000,0.091583,0.500,5.000,1,1
1762884599.935409,STEP,1,0.000000,odom,1.407117,0.000000,0.000000,0.000000,0.091583,0.500,5.000,1,1
1762884599.955425,STEP,1,0.000000,odom,1.407117,0.000000,0.000000,0.000000,0.091583,0.500,5.000,1,1
1762884599.975649,STEP,1,0.000000,odom,1.407117,0.000000,0.000000,0.000000,0.091583,0.500,5.000,1,1
1762884599.995556,STEP,1,0.000000,odom,1.407117,0.000000,0.000000,0.000000,0.091583,0.500,5.000,1,1
1762884600.015538,STEP,1,0.000000,odom,1.407117,0.000000,0.000000,0.000000,0.091583,0.500,5.000,1,1
1762884600.035317,STEP,1,0.000000,odom,1.406990,-0.007670,0.215445,0.112935,0.087892,0.500,5.000,1,1
1762884600.055308,STEP,1,0.000000,odom,1.406990,-0.005369,0.150811,0.079054,0.084269,0.500,5.000,1,1
1762884600.075352,STEP,1,0.000000,odom,1.406990,-0.003758,0.105568,0.055338,0.084269,0.500,5.000,1,1
1762884600.095385,STEP,1,0.000000,odom,1.406990,0.000000,0.000000,0.000000,0.084269,0.500,5.000,1,1
1762884600.115313,STEP,1,0.000000,odom,1.406990,0.000000,0.000000,0.000000,0.084269,0.500,5.000,1,1
1762884600.135380,STEP,1,0.000000,odom,1.406990,0.000000,0.000000,0.000000,0.084269,0.500,5.000,1,1
1762884600.158062,STEP,1,0.000000,odom,1.406990,0.000000,0.000000,0.000000,0.084269,0.500,5.000,1,1
1762884600.175494,STEP,1,0.000000,odom,1.406990,0.000000,0.000000,0.000000,0.084269,0.500,5.000,1,1
1762884600.195281,STEP,1,0.000000,odom,1.406990,0.000000,0.000000,0.000000,0.082482,0.500,5.000,1,1
1762884600.215202,STEP,1,0.000000,odom,1.406876,-0.002772,0.085315,0.041065,0.079001,0.500,5.000,1,1
1762884600.235368,STEP,1,0.000000,odom,1.406876,-0.001941,0.059720,0.028745,0.075669,0.500,5.000,1,1
1762884600.255515,STEP,1,0.000000,odom,1.406876,0.000000,0.000000,0.000000,0.075669,0.500,5.000,1,1
1762884600.275345,STEP,1,0.000000,odom,1.406876,0.000000,0.000000,0.000000,0.075669,0.500,5.000,1,1
1762884600.296234,STEP,1,0.000000,odom,1.406876,0.000000,0.000000,0.000000,0.075669,0.500,5.000,1,1
1762884600.318612,STEP,1,0.000000,odom,1.406876,0.000000,0.000000,0.000000,0.075669,0.500,5.000,1,1
1762884600.335307,STEP,1,0.000000,odom,1.406876,0.000000,0.000000,0.000000,0.075669,0.500,5.000,1,1
1762884600.355402,STEP,1,0.000000,odom,1.406876,0.000000,0.000000,0.000000,0.075669,0.500,5.000,1,1
1762884600.377642,STEP,1,0.000000,odom,1.406777,-0.006101,0.210918,0.093246,0.074067,0.500,5.000,1,1
1762884600.395319,STEP,1,0.000000,odom,1.406777,-0.004271,0.147642,0.065272,0.069486,0.500,5.000,1,1
1762884600.415392,STEP,1,0.000000,odom,1.406777,-0.002990,0.103350,0.045690,0.069486,0.500,5.000,1,1
1762884600.435370,STEP,1,0.000000,odom,1.406777,0.000000,0.000000,0.000000,0.069486,0.500,5.000,1,1
1762884600.455616,STEP,1,0.000000,odom,1.406777,0.000000,0.000000,0.000000,0.069486,0.500,5.000,1,1
1762884600.478883,STEP,1,0.000000,odom,1.406777,0.000000,0.000000,0.000000,0.069486,0.500,5.000,1,1
1762884600.495297,STEP,1,0.000000,odom,1.406777,0.000000,0.000000,0.000000,0.069486,0.500,5.000,1,1
1762884600.515376,STEP,1,0.000000,odom,1.406777,0.000000,0.000000,0.000000,0.069486,0.500,5.000,1,1
1762884600.535542,STEP,1,0.000000,odom,1.406777,0.000000,0.000000,0.000000,0.068011,0.500,5.000,1,1
1762884600.555628,STEP,1,0.000000,odom,1.406694,-0.002123,0.083326,0.033861,0.065126,0.500,5.000,1,1
1762884600.575301,STEP,1,0.000000,odom,1.406694,-0.001486,0.058328,0.023703,0.065126,0.500,5.000,1,1
1762884600.595593,STEP,1,0.000000,odom,1.406694,0.000000,0.000000,0.000000,0.065126,0.500,5.000,1,1
1762884600.615344,STEP,1,0.000000,odom,1.406694,0.000000,0.000000,0.000000,0.065126,0.500,5.000,1,1
1762884600.637943,STEP,1,0.000000,odom,1.406694,0.000000,0.000000,0.000000,0.065126,0.500,5.000,1,1
1762884600.655385,STEP,1,0.000000,odom,1.406694,0.000000,0.000000,0.000000,0.065126,0.500,5.000,1,1
1762884600.675719,STEP,1,0.000000,odom,1.406694,0.000000,0.000000,0.000000,0.065126,0.500,5.000,1,1
1762884600.695765,STEP,1,0.000000,odom,1.406694,0.000000,0.000000,0.000000,0.065126,0.500,5.000,1,1
1762884600.717450,STEP,1,0.000000,odom,1.406627,-0.002295,0.102767,0.038404,0.060911,0.500,5.000,1,1
1762884600.735393,STEP,1,0.000000,odom,1.406627,-0.001607,0.071937,0.026883,0.059548,0.500,5.000,1,1
1762884600.756080,STEP,1,0.000000,odom,1.406627,0.000000,0.000000,0.000000,0.059548,0.500,5.000,1,1
1762884600.775484,STEP,1,0.000000,odom,1.406627,0.000000,0.000000,0.000000,0.059548,0.500,5.000,1,1
1762884600.795415,STEP,1,0.000000,odom,1.406627,0.000000,0.000000,0.000000,0.059548,0.500,5.000,1,1
1762884600.815368,STEP,1,0.000000,odom,1.406627,0.000000,0.000000,0.000000,0.059548,0.500,5.000,1,1
1762884600.837227,STEP,1,0.000000,odom,1.406627,0.000000,0.000000,0.000000,0.059548,0.500,5.000,1,1
1762884600.855372,STEP,1,0.000000,odom,1.406627,0.000000,0.000000,0.000000,0.059548,0.500,5.000,1,1
1762884600.877806,STEP,1,0.000000,odom,1.406627,0.000000,0.000000,0.000000,0.058159,0.500,5.000,1,1
1762884600.895515,STEP,1,0.000000,odom,1.406571,-0.002005,0.101284,0.034808,0.054342,0.500,5.000,1,1
1762884600.915646,STEP,1,0.000000,odom,1.406571,-0.001403,0.070899,0.024366,0.053089,0.500,5.000,1,1
1762884600.938275,STEP,1,0.000000,odom,1.406571,0.000000,0.000000,0.000000,0.053089,0.500,5.000,1,1
1762884600.955407,STEP,1,0.000000,odom,1.406571,0.000000,0.000000,0.000000,0.053089,0.500,5.000,1,1
1762884600.975348,STEP,1,0.000000,odom,1.406571,0.000000,0.000000,0.000000,0.053089,0.500,5.000,1,1
1762884600.995297,STEP,1,0.000000,odom,1.406571,0.000000,0.000000,0.000000,0.053089,0.500,5.000,1,1
1762884601.015362,STEP,1,0.000000,odom,1.406571,0.000000,0.000000,0.000000,0.053089,0.500,5.000,1,1
1762884601.035580,STEP,1,0.000000,odom,1.406571,0.000000,0.000000,0.000000,0.053089,0.500,5.000,1,1
1762884601.055469,STEP,1,0.000000,odom,1.406571,0.000000,0.000000,0.000000,0.051815,0.500,5.000,1,1
1762884601.075414,STEP,1,0.000000,odom,1.406527,-0.001392,0.079789,0.025214,0.048178,0.500,5.000,1,1
1762884601.095380,STEP,1,0.000000,odom,1.406527,-0.000974,0.055852,0.017650,0.048178,0.500,5.000,1,1
1762884601.116445,STEP,1,0.000000,odom,1.406527,0.000000,0.000000,0.000000,0.048178,0.500,5.000,1,1
1762884601.135406,STEP,1,0.000000,odom,1.406527,0.000000,0.000000,0.000000,0.048178,0.500,5.000,1,1
1762884601.155298,STEP,1,0.000000,odom,1.406527,0.000000,0.000000,0.000000,0.048178,0.500,5.000,1,1
1762884601.175277,STEP,1,0.000000,odom,1.406527,0.000000,0.000000,0.000000,0.048178,0.500,5.000,1,1
1762884601.195422,STEP,1,0.000000,odom,1.406527,0.000000,0.000000,0.000000,0.048178,0.500,5.000,1,1
1762884601.215566,STEP,1,0.000000,odom,1.406527,0.000000,0.000000,0.000000,0.045867,0.500,5.000,1,1
1762884601.235301,STEP,1,0.000000,odom,1.406495,-0.001445,0.098127,0.028506,0.044705,0.500,5.000,1,1
1762884601.255558,STEP,1,0.000000,odom,1.406495,-0.001012,0.068689,0.019954,0.044705,0.500,5.000,1,1
1762884601.275311,STEP,1,0.000000,odom,1.406495,0.000000,0.000000,0.000000,0.044705,0.500,5.000,1,1
1762884601.295305,STEP,1,0.000000,odom,1.406495,0.000000,0.000000,0.000000,0.044705,0.500,5.000,1,1
1762884601.315346,STEP,1,0.000000,odom,1.406495,0.000000,0.000000,0.000000,0.044705,0.500,5.000,1,1
1762884601.335969,STEP,1,0.000000,odom,1.406495,0.000000,0.000000,0.000000,0.044705,0.500,5.000,1,1
1762884601.355424,STEP,1,0.000000,odom,1.406495,0.000000,0.000000,0.000000,0.044705,0.500,5.000,1,1
1762884601.375466,STEP,1,0.000000,odom,1.406495,0.000000,0.000000,0.000000,0.042470,0.500,5.000,1,1
1762884601.395303,STEP,1,0.000000,odom,1.406495,0.000000,0.000000,0.000000,0.040303,0.500,5.000,1,1
1762884601.415314,STEP,1,0.000000,odom,1.406480,-0.001095,0.096470,0.025757,0.040303,0.500,5.000,1,1
1762884601.435468,STEP,1,0.000000,odom,1.406480,0.000000,0.000000,0.000000,0.040303,0.500,5.000,1,1
1762884601.455921,STEP,1,0.000000,odom,1.406480,0.000000,0.000000,0.000000,0.040303,0.500,5.000,1,1
1762884601.478067,STEP,1,0.000000,odom,1.406480,0.000000,0.000000,0.000000,0.040303,0.500,5.000,1,1
1762884601.495351,STEP,1,0.000000,odom,1.406480,0.000000,0.000000,0.000000,0.040303,0.500,5.000,1,1
1762884601.515444,STEP,1,0.000000,odom,1.406480,0.000000,0.000000,0.000000,0.040303,0.500,5.000,1,1
1762884601.535580,STEP,1,0.000000,odom,1.406480,0.000000,0.000000,0.000000,0.040303,0.500,5.000,1,1
1762884601.555266,STEP,1,0.000000,odom,1.406480,0.000000,0.000000,0.000000,0.037238,0.500,5.000,1,1
1762884601.575269,STEP,1,0.000000,odom,1.406480,0.000000,0.000000,0.000000,0.035221,0.500,5.000,1,1
1762884601.595426,STEP,1,0.000000,odom,1.406480,-0.000745,0.094773,0.023246,0.035221,0.500,5.000,1,1
1762884601.615325,STEP,1,0.000000,odom,1.406480,0.000000,0.000000,0.000000,0.035221,0.500,5.000,1,1
1762884601.635299,STEP,1,0.000000,odom,1.406480,0.000000,0.000000,0.000000,0.035221,0.500,5.000,1,1
1762884601.655495,STEP,1,0.000000,odom,1.406480,0.000000,0.000000,0.000000,0.035221,0.500,5.000,1,1
1762884601.675472,STEP,1,0.000000,odom,1.406480,0.000000,0.000000,0.000000,0.035221,0.500,5.000,1,1
1762884601.695525,STEP,1,0.000000,odom,1.406480,0.000000,0.000000,0.000000,0.035221,0.500,5.000,1,1
1762884601.715350,STEP,1,0.000000,odom,1.406480,0.000000,0.000000,0.000000,0.033358,0.500,5.000,1,1
1762884601.735187,STEP,1,0.000000,odom,1.406480,0.000000,0.000000,0.000000,0.031518,0.500,5.000,1,1
1762884601.755441,STEP,1,0.000000,odom,1.406498,-0.000392,0.093053,0.020965,0.031518,0.500,5.000,1,1
1762884601.775306,STEP,1,0.000000,odom,1.406498,0.000000,0.000000,0.000000,0.031518,0.500,5.000,1,1
1762884601.795499,STEP,1,0.000000,odom,1.406498,0.000000,0.000000,0.000000,0.031518,0.500,5.000,1,1
1762884601.815650,STEP,1,0.000000,odom,1.406498,0.000000,0.000000,0.000000,0.031518,0.500,5.000,1,1
1762884601.835304,STEP,1,0.000000,odom,1.406498,0.000000,0.000000,0.000000,0.031518,0.500,5.000,1,1
1762884601.855415,STEP,1,0.000000,odom,1.406498,0.000000,0.000000,0.000000,0.031518,0.500,5.000,1,1
1762884601.875471,STEP,1,0.000000,odom,1.406498,0.000000,0.000000,0.000000,0.031518,0.500,5.000,1,1
1762884601.895249,STEP,1,0.000000,odom,1.406498,0.000000,0.000000,0.000000,0.029739,0.500,5.000,1,1
1762884601.915349,STEP,1,0.000000,odom,1.406498,0.000000,0.000000,0.000000,0.028115,0.500,5.000,1,1
1762884601.935316,STEP,1,0.000000,odom,1.406498,0.000000,0.000000,0.000000,0.028115,0.500,5.000,1,1
1762884601.955316,STEP,1,0.000000,odom,1.406498,0.000000,0.000000,0.000000,0.028115,0.500,5.000,1,1
1762884601.979101,STEP,1,0.000000,odom,1.406498,0.000000,0.000000,0.000000,0.028115,0.500,5.000,1,1
1762884601.995392,STEP,1,0.000000,odom,1.406498,0.000000,0.000000,0.000000,0.028115,0.500,5.000,1,1
1762884602.017014,STEP,1,0.000000,odom,1.406498,0.000000,0.000000,0.000000,0.028115,0.500,5.000,1,1
1762884602.035279,STEP,1,0.000000,odom,1.406498,0.000000,0.000000,0.000000,0.028115,0.500,5.000,1,1
1762884602.055346,STEP,1,0.000000,odom,1.406530,-0.000143,0.182621,0.037793,0.026523,0.500,5.000,1,1
1762884602.075314,STEP,1,0.000000,odom,1.406530,-0.000100,0.127835,0.026455,0.024300,0.500,5.000,1,1
1762884602.095395,STEP,1,0.000000,odom,1.406530,-0.000070,0.089484,0.018518,0.024300,0.500,5.000,1,1
1762884602.115818,STEP,1,0.000000,odom,1.406530,0.000000,0.000000,0.000000,0.024300,0.500,5.000,1,1
1762884602.135307,STEP,1,0.000000,odom,1.406530,0.000000,0.000000,0.000000,0.024300,0.500,5.000,1,1
1762884602.155418,STEP,1,0.000000,odom,1.406530,0.000000,0.000000,0.000000,0.024300,0.500,5.000,1,1
1762884602.175590,STEP,1,0.000000,odom,1.406530,0.000000,0.000000,0.000000,0.024300,0.500,5.000,1,1
1762884602.195664,STEP,1,0.000000,odom,1.406530,0.000000,0.000000,0.000000,0.024300,0.500,5.000,1,1
1762884602.217484,STEP,1,0.000000,odom,1.406530,0.000000,0.000000,0.000000,0.023609,0.500,5.000,1,1
1762884602.235346,STEP,1,0.000000,odom,1.406577,0.000191,0.071653,0.013622,0.022279,0.500,5.000,1,1
1762884602.255300,STEP,1,0.000000,odom,1.406577,0.000134,0.050157,0.009536,0.022279,0.500,5.000,1,1
1762884602.276308,STEP,1,0.000000,odom,1.406577,0.000000,0.000000,0.000000,0.022279,0.500,5.000,1,1
1762884602.295360,STEP,1,0.000000,odom,1.406577,0.000000,0.000000,0.000000,0.022279,0.500,5.000,1,1
1762884602.315445,STEP,1,0.000000,odom,1.406577,0.000000,0.000000,0.000000,0.022279,0.500,5.000,1,1
1762884602.335486,STEP,1,0.000000,odom,1.406577,0.000000,0.000000,0.000000,0.022279,0.500,5.000,1,1
1762884602.355331,STEP,1,0.000000,odom,1.406577,0.000000,0.000000,0.000000,0.022279,0.500,5.000,1,1
1762884602.375435,STEP,1,0.000000,odom,1.406577,0.000000,0.000000,0.000000,0.022279,0.500,5.000,1,1
1762884602.395695,STEP,1,0.000000,odom,1.406642,0.001181,0.175654,0.030689,0.020385,0.500,5.000,1,1
1762884602.415327,STEP,1,0.000000,odom,1.406642,0.000827,0.122958,0.021482,0.019807,0.500,5.000,1,1
1762884602.436945,STEP,1,0.000000,odom,1.406642,0.000579,0.086070,0.015038,0.019807,0.500,5.000,1,1
1762884602.455390,STEP,1,0.000000,odom,1.406642,0.000000,0.000000,0.000000,0.019807,0.500,5.000,1,1
1762884602.475392,STEP,1,0.000000,odom,1.406642,0.000000,0.000000,0.000000,0.019807,0.500,5.000,1,1
1762884602.495306,STEP,1,0.000000,odom,1.406642,0.000000,0.000000,0.000000,0.019807,0.500,5.000,1,1
1762884602.515401,STEP,1,0.000000,odom,1.406642,0.000000,0.000000,0.000000,0.019807,0.500,5.000,1,1
1762884602.535304,STEP,1,0.000000,odom,1.406642,0.000000,0.000000,0.000000,0.019807,0.500,5.000,1,1
1762884602.555329,STEP,1,0.000000,odom,1.406642,0.000000,0.000000,0.000000,0.018633,0.500,5.000,1,1
1762884602.575324,STEP,1,0.000000,odom,1.406721,0.000906,0.086080,0.013843,0.017541,0.500,5.000,1,1
1762884602.595328,STEP,1,0.000000,odom,1.406721,0.000634,0.060256,0.009690,0.017000,0.500,5.000,1,1
1762884602.615676,STEP,1,0.000000,odom,1.406721,0.000000,0.000000,0.000000,0.017000,0.500,5.000,1,1
1762884602.637124,STEP,1,0.000000,odom,1.406721,0.000000,0.000000,0.000000,0.017000,0.500,5.000,1,1
1762884602.655493,STEP,1,0.000000,odom,1.406721,0.000000,0.000000,0.000000,0.017000,0.500,5.000,1,1
1762884602.675249,STEP,1,0.000000,odom,1.406721,0.000000,0.000000,0.000000,0.017000,0.500,5.000,1,1
1762884602.695303,STEP,1,0.000000,odom,1.406721,0.000000,0.000000,0.000000,0.017000,0.500,5.000,1,1
1762884602.715604,STEP,1,0.000000,odom,1.406721,0.000000,0.000000,0.000000,0.017000,0.500,5.000,1,1
1762884602.735254,STEP,1,0.000000,odom,1.406721,0.000000,0.000000,0.000000,0.015440,0.500,5.000,1,1
1762884602.755301,STEP,1,0.000000,odom,1.406812,0.001157,0.084340,0.012501,0.014947,0.500,5.000,1,1
1762884602.775536,STEP,1,0.000000,odom,1.406812,0.000000,0.000000,0.000000,0.014947,0.500,5.000,1,1
1762884602.796105,STEP,1,0.000000,odom,1.406812,0.000000,0.000000,0.000000,0.014947,0.500,5.000,1,1
1762884602.818206,STEP,1,0.000000,odom,1.406812,0.000000,0.000000,0.000000,0.014947,0.500,5.000,1,1
1762884602.835398,STEP,1,0.000000,odom,1.406812,0.000000,0.000000,0.000000,0.014947,0.500,5.000,1,1
1762884602.855345,STEP,1,0.000000,odom,1.406812,0.000000,0.000000,0.000000,0.014947,0.500,5.000,1,1
1762884602.875342,STEP,1,0.000000,odom,1.406812,0.000000,0.000000,0.000000,0.014947,0.500,5.000,1,1
1762884602.895328,STEP,1,0.000000,odom,1.406812,0.000000,0.000000,0.000000,0.014464,0.500,5.000,1,1
1762884602.915334,STEP,1,0.000000,odom,1.406914,0.001090,0.066090,0.009047,0.013064,0.500,5.000,1,1
1762884602.935322,STEP,1,0.000000,odom,1.406914,0.000763,0.046263,0.006333,0.013064,0.500,5.000,1,1
1762884602.955365,STEP,1,0.000000,odom,1.406914,0.000000,0.000000,0.000000,0.013064,0.500,5.000,1,1
1762884602.975409,STEP,1,0.000000,odom,1.406914,0.000000,0.000000,0.000000,0.013064,0.500,5.000,1,1
1762884602.995313,STEP,1,0.000000,odom,1.406914,0.000000,0.000000,0.000000,0.013064,0.500,5.000,1,1
1762884603.015300,STEP,1,0.000000,odom,1.406914,0.000000,0.000000,0.000000,0.013064,0.500,5.000,1,1
1762884603.036000,STEP,1,0.000000,odom,1.406914,0.000000,0.000000,0.000000,0.013064,0.500,5.000,1,1
1762884603.055536,STEP,1,0.000000,odom,1.406914,0.000000,0.000000,0.000000,0.012624,0.500,5.000,1,1
1762884603.075211,STEP,1,0.000000,odom,1.406914,0.000000,0.000000,0.000000,0.011690,0.500,5.000,1,1
1762884603.095321,STEP,1,0.000000,odom,1.407025,0.001571,0.080897,0.010253,0.010725,0.500,5.000,1,1
1762884603.115260,STEP,1,0.000000,odom,1.407025,0.000000,0.000000,0.000000,0.010725,0.500,5.000,1,1
1762884603.135319,STEP,1,0.000000,odom,1.407025,0.000000,0.000000,0.000000,0.010725,0.500,5.000,1,1
1762884603.155346,STEP,1,0.000000,odom,1.407025,0.000000,0.000000,0.000000,0.010725,0.500,5.000,1,1
1762884603.178941,STEP,1,0.000000,odom,1.407025,0.000000,0.000000,0.000000,0.010725,0.500,5.000,1,1
1762884603.195730,STEP,1,0.000000,odom,1.407025,0.000000,0.000000,0.000000,0.010725,0.500,5.000,1,1
1762884603.215387,STEP,1,0.000000,odom,1.407025,0.000000,0.000000,0.000000,0.010725,0.500,5.000,1,1
1762884603.235277,STEP,1,0.000000,odom,1.407025,0.000000,0.000000,0.000000,0.009845,0.500,5.000,1,1
1762884603.255359,STEP,1,0.000000,odom,1.407146,0.001784,0.079193,0.009314,0.009444,0.500,5.000,1,1
1762884603.275322,STEP,1,0.000000,odom,1.407146,0.000000,0.000000,0.000000,0.009444,0.500,5.000,1,1
1762884603.296052,STEP,1,0.000000,odom,1.407146,0.000000,0.000000,0.000000,0.009444,0.500,5.000,1,1
1762884603.315307,STEP,1,0.000000,odom,1.407146,0.000000,0.000000,0.000000,0.009444,0.500,5.000,1,1
1762884603.335471,STEP,1,0.000000,odom,1.407146,0.000000,0.000000,0.000000,0.009444,0.500,5.000,1,1
1762884603.355545,STEP,1,0.000000,odom,1.407146,0.000000,0.000000,0.000000,0.009444,0.500,5.000,1,1
1762884603.375336,STEP,1,0.000000,odom,1.407146,0.000000,0.000000,0.000000,0.009444,0.500,5.000,1,1
1762884603.395245,STEP,1,0.000000,odom,1.407146,0.000000,0.000000,0.000000,0.008617,0.500,5.000,1,1
1762884603.415423,STEP,1,0.000000,odom,1.407146,0.000000,0.000000,0.000000,0.007894,0.500,5.000,1,1
1762884603.435319,STEP,1,0.000000,odom,1.407277,0.002646,0.103340,0.011322,0.007894,0.500,5.000,1,1
1762884603.455393,STEP,1,0.000000,odom,1.407277,0.000000,0.000000,0.000000,0.007894,0.500,5.000,1,1
1762884603.475432,STEP,1,0.000000,odom,1.407277,0.000000,0.000000,0.000000,0.007894,0.500,5.000,1,1
1762884603.495360,STEP,1,0.000000,odom,1.407277,0.000000,0.000000,0.000000,0.007894,0.500,5.000,1,1
1762884603.515506,STEP,1,0.000000,odom,1.407277,0.000000,0.000000,0.000000,0.007894,0.500,5.000,1,1
1762884603.535321,STEP,1,0.000000,odom,1.407277,0.000000,0.000000,0.000000,0.007894,0.500,5.000,1,1
1762884603.555362,STEP,1,0.000000,odom,1.407277,0.000000,0.000000,0.000000,0.007894,0.500,5.000,1,1
1762884603.575264,STEP,1,0.000000,odom,1.407277,0.000000,0.000000,0.000000,0.006720,0.500,5.000,1,1
1762884603.595318,STEP,1,0.000000,odom,1.407277,0.000000,0.000000,0.000000,0.006323,0.500,5.000,1,1
1762884603.615476,STEP,1,0.000000,odom,1.407417,0.004345,0.151669,0.015550,0.005956,0.500,5.000,1,1
1762884603.635302,STEP,1,0.000000,odom,1.407417,0.000000,0.000000,0.000000,0.005956,0.500,5.000,1,1
1762884603.656728,STEP,1,0.000000,odom,1.407417,0.000000,0.000000,0.000000,0.005956,0.500,5.000,1,1
1762884603.675306,STEP,1,0.000000,odom,1.407417,0.000000,0.000000,0.000000,0.005956,0.500,5.000,1,1
1762884603.695370,STEP,1,0.000000,odom,1.407417,0.000000,0.000000,0.000000,0.005956,0.500,5.000,1,1
1762884603.715324,STEP,1,0.000000,odom,1.407417,0.000000,0.000000,0.000000,0.005956,0.500,5.000,1,1
1762884603.735431,STEP,1,0.000000,odom,1.407417,0.000000,0.000000,0.000000,0.005602,0.500,5.000,1,1
1762884603.755247,STEP,1,0.000000,odom,1.407417,0.000000,0.000000,0.000000,0.004490,0.500,5.000,1,1
1762884603.775289,STEP,1,0.000000,odom,1.407563,0.004605,0.148341,0.014266,0.004490,0.500,5.000,1,1
1762884603.795489,STEP,1,0.000000,odom,1.407563,0.000000,0.000000,0.000000,0.004490,0.500,5.000,1,1
1762884603.815340,STEP,1,0.000000,odom,1.407563,0.000000,0.000000,0.000000,0.004490,0.500,5.000,1,1
1762884603.837652,STEP,1,0.000000,odom,1.407563,0.000000,0.000000,0.000000,0.004490,0.500,5.000,1,1
1762884603.855422,STEP,1,0.000000,odom,1.407563,0.000000,0.000000,0.000000,0.004490,0.500,5.000,1,1
1762884603.875384,STEP,1,0.000000,odom,1.407563,0.000000,0.000000,0.000000,0.004490,0.500,5.000,1,1
1762884603.895475,STEP,1,0.000000,odom,1.407563,0.000000,0.000000,0.000000,0.004490,0.500,5.000,1,1
1762884603.915334,STEP,1,0.000000,odom,1.407563,0.000000,0.000000,0.000000,0.003803,0.500,5.000,1,1
1762884603.935585,STEP,1,0.000000,odom,1.407563,0.000000,0.000000,0.000000,0.003178,0.500,5.000,1,1
1762884603.955340,STEP,1,0.000000,odom,1.407563,0.000000,0.000000,0.000000,0.003178,0.500,5.000,1,1
1762884603.975355,STEP,1,0.000000,odom,1.407563,0.000000,0.000000,0.000000,0.003178,0.500,5.000,1,1
1762884603.995365,STEP,1,0.000000,odom,1.407563,0.000000,0.000000,0.000000,0.003178,0.500,5.000,1,1
1762884604.015288,STEP,1,0.000000,odom,1.407563,0.000000,0.000000,0.000000,0.003178,0.500,5.000,1,1
1762884604.035321,STEP,1,0.000000,odom,1.407563,0.000000,0.000000,0.000000,0.003178,0.500,5.000,1,1
1762884604.055349,STEP,1,0.000000,odom,1.407563,0.000000,0.000000,0.000000,0.003178,0.500,5.000,1,1
1762884604.075270,STEP,1,0.000000,odom,1.407715,0.002421,0.072517,0.006569,0.002564,0.500,5.000,1,1
1762884604.095311,STEP,1,0.000000,odom,1.407715,0.001695,0.050762,0.004598,0.002270,0.500,5.000,1,1
1762884604.115325,STEP,1,0.000000,odom,1.407715,0.000000,0.000000,0.000000,0.002270,0.500,5.000,1,1
1762884604.135735,STEP,1,0.000000,odom,1.407715,0.000000,0.000000,0.000000,0.002270,0.500,5.000,1,1
1762884604.155423,STEP,1,0.000000,odom,1.407715,0.000000,0.000000,0.000000,0.002270,0.500,5.000,1,1
1762884604.179170,STEP,1,0.000000,odom,1.407715,0.000000,0.000000,0.000000,0.002270,0.500,5.000,1,1
1762884604.195347,STEP,1,0.000000,odom,1.407715,0.000000,0.000000,0.000000,0.002270,0.500,5.000,1,1
1762884604.215483,STEP,1,0.000000,odom,1.407715,0.000000,0.000000,0.000000,0.002270,0.500,5.000,1,1
1762884604.235276,STEP,1,0.000000,odom,1.407871,0.005035,0.141783,0.012157,0.001355,0.500,5.000,1,1
1762884604.255515,STEP,1,0.000000,odom,1.407871,0.003524,0.099248,0.008510,0.001094,0.500,5.000,1,1
1762884604.275288,STEP,1,0.000000,odom,1.407871,0.002467,0.069474,0.005957,0.000591,0.500,5.000,1,1
1762884604.295291,STEP,1,0.000000,odom,1.407871,0.000000,0.000000,0.000000,0.000591,0.500,5.000,1,1
1762884604.315501,STEP,1,0.000000,odom,1.407871,0.000000,0.000000,0.000000,0.000591,0.500,5.000,1,1
1762884604.336573,STEP,1,0.000000,odom,1.407871,0.000000,0.000000,0.000000,0.000591,0.500,5.000,1,1
1762884604.355383,STEP,1,0.000000,odom,1.407871,0.000000,0.000000,0.000000,0.000591,0.500,5.000,1,1
1762884604.375444,STEP,1,0.000000,odom,1.407871,0.000000,0.000000,0.000000,0.000591,0.500,5.000,1,1
1762884604.395324,STEP,1,0.000000,odom,1.407871,0.000000,0.000000,0.000000,0.000591,0.500,5.000,1,1
1762884604.415522,STEP,1,0.000000,odom,1.408032,0.003496,0.092361,0.007524,0.000115,0.500,5.000,1,1
1762884604.435281,STEP,1,0.000000,odom,1.408032,0.002447,0.064653,0.005267,-0.000090,0.500,5.000,1,1
1762884604.455310,STEP,1,0.000000,odom,1.408032,0.001713,0.045257,0.003687,-0.000090,0.500,5.000,1,1
1762884604.475488,STEP,1,0.000000,odom,1.408032,0.000000,0.000000,0.000000,-0.000090,0.500,5.000,1,1
1762884604.499121,STEP,1,0.000000,odom,1.408032,0.000000,0.000000,0.000000,-0.000090,0.500,5.000,1,1
1762884604.515325,STEP,1,0.000000,odom,1.408032,0.000000,0.000000,0.000000,-0.000090,0.500,5.000,1,1
1762884604.535411,STEP,1,0.000000,odom,1.408032,0.000000,0.000000,0.000000,-0.000090,0.500,5.000,1,1
1762884604.555732,STEP,1,0.000000,odom,1.408032,0.000000,0.000000,0.000000,-0.000090,0.500,5.000,1,1
1762884604.575358,STEP,1,0.000000,odom,1.408032,0.000000,0.000000,0.000000,-0.000090,0.500,5.000,1,1
1762884604.595273,STEP,1,0.000000,odom,1.408032,0.000000,0.000000,0.000000,-0.000421,0.500,5.000,1,1
1762884604.615553,STEP,1,0.000000,odom,1.408196,0.002680,0.067667,0.005250,-0.000744,0.500,5.000,1,1
1762884604.636913,STEP,1,0.000000,odom,1.408196,0.001876,0.047367,0.003675,-0.000744,0.500,5.000,1,1
1762884604.655368,STEP,1,0.000000,odom,1.408196,0.000000,0.000000,0.000000,-0.000744,0.500,5.000,1,1
1762884604.675419,STEP,1,0.000000,odom,1.408196,0.000000,0.000000,0.000000,-0.000744,0.500,5.000,1,1
1762884604.697095,STEP,1,0.000000,odom,1.408196,0.000000,0.000000,0.000000,-0.000744,0.500,5.000,1,1
1762884604.715334,STEP,1,0.000000,odom,1.408196,0.000000,0.000000,0.000000,-0.000744,0.500,5.000,1,1
1762884604.737758,STEP,1,0.000000,odom,1.408196,0.000000,0.000000,0.000000,-0.000744,0.500,5.000,1,1
1762884604.758073,STEP,1,0.000000,odom,1.408196,0.000000,0.000000,0.000000,-0.000744,0.500,5.000,1,1
1762884604.775569,STEP,1,0.000000,odom,1.408196,0.000000,0.000000,0.000000,-0.000744,0.500,5.000,1,1
1762884604.795547,STEP,1,0.000000,odom,1.408196,0.000000,0.000000,0.000000,-0.000968,0.500,5.000,1,1
1762884604.815314,STEP,1,0.000000,odom,1.408361,0.002736,0.066072,0.004898,-0.001245,0.500,5.000,1,1
1762884604.835599,STEP,1,0.000000,odom,1.408361,0.001915,0.046251,0.003429,-0.001245,0.500,5.000,1,1
1762884604.855323,STEP,1,0.000000,odom,1.408361,0.000000,0.000000,0.000000,-0.001245,0.500,5.000,1,1
1762884604.878909,STEP,1,0.000000,odom,1.408361,0.000000,0.000000,0.000000,-0.001245,0.500,5.000,1,1
1762884604.898043,STEP,1,0.000000,odom,1.408361,0.000000,0.000000,0.000000,-0.001245,0.500,5.000,1,1
1762884604.916139,STEP,1,0.000000,odom,1.408361,0.000000,0.000000,0.000000,-0.001245,0.500,5.000,1,1
1762884604.935468,STEP,1,0.000000,odom,1.408361,0.000000,0.000000,0.000000,-0.001245,0.500,5.000,1,1
1762884604.955141,STEP,1,0.000000,odom,1.408361,0.000000,0.000000,0.000000,-0.001505,0.500,5.000,1,1
1762884604.975172,STEP,1,0.000000,odom,1.408527,0.001827,0.042996,0.003051,-0.001854,0.500,5.000,1,1
1762884604.996214,STEP,1,0.000000,odom,1.408527,0.001279,0.030097,0.002136,-0.001854,0.500,5.000,1,1
1762884605.015595,STEP,1,0.000000,odom,1.408527,0.000000,0.000000,0.000000,-0.001854,0.500,5.000,1,1
1762884605.035333,STEP,1,0.000000,odom,1.408527,0.000000,0.000000,0.000000,-0.001854,0.500,5.000,1,1
1762884605.055326,STEP,1,0.000000,odom,1.408527,0.000000,0.000000,0.000000,-0.001854,0.500,5.000,1,1
1762884605.075456,STEP,1,0.000000,odom,1.408527,0.000000,0.000000,0.000000,-0.001854,0.500,5.000,1,1
1762884605.098046,STEP,1,0.000000,odom,1.408527,0.000000,0.000000,0.000000,-0.001854,0.500,5.000,1,1
1762884605.115731,STEP,1,0.000000,odom,1.408527,0.000000,0.000000,0.000000,-0.001854,0.500,5.000,1,1
1762884605.135338,STEP,1,0.000000,odom,1.408527,0.000000,0.000000,0.000000,-0.001950,0.500,5.000,1,1
1762884605.155314,STEP,1,0.000000,odom,1.408693,0.002216,0.050354,0.003429,-0.002170,0.500,5.000,1,1
1762884605.175350,STEP,1,0.000000,odom,1.408693,0.001551,0.035247,0.002400,-0.002170,0.500,5.000,1,1
1762884605.195343,STEP,1,0.000000,odom,1.408693,0.000000,0.000000,0.000000,-0.002170,0.500,5.000,1,1
1762884605.215934,STEP,1,0.000000,odom,1.408693,0.000000,0.000000,0.000000,-0.002170,0.500,5.000,1,1
1762884605.238137,STEP,1,0.000000,odom,1.408693,0.000000,0.000000,0.000000,-0.002170,0.500,5.000,1,1
1762884605.257061,STEP,1,0.000000,odom,1.408693,0.000000,0.000000,0.000000,-0.002170,0.500,5.000,1,1
1762884605.277662,STEP,1,0.000000,odom,1.408693,0.000000,0.000000,0.000000,-0.002170,0.500,5.000,1,1
1762884605.295318,STEP,1,0.000000,odom,1.408693,0.000000,0.000000,0.000000,-0.002300,0.500,5.000,1,1
1762884605.315445,STEP,1,0.000000,odom,1.408860,0.002237,0.049118,0.003212,-0.002448,0.500,5.000,1,1
1762884605.335606,STEP,1,0.000000,odom,1.408860,0.001566,0.034383,0.002248,-0.002448,0.500,5.000,1,1
1762884605.355391,STEP,1,0.000000,odom,1.408860,0.000000,0.000000,0.000000,-0.002448,0.500,5.000,1,1
1762884605.376178,STEP,1,0.000000,odom,1.408860,0.000000,0.000000,0.000000,-0.002448,0.500,5.000,1,1
1762884605.395437,STEP,1,0.000000,odom,1.408860,0.000000,0.000000,0.000000,-0.002448,0.500,5.000,1,1
1762884605.415709,STEP,1,0.000000,odom,1.408860,0.000000,0.000000,0.000000,-0.002448,0.500,5.000,1,1
1762884605.435337,STEP,1,0.000000,odom,1.408860,0.000000,0.000000,0.000000,-0.002448,0.500,5.000,1,1
1762884605.455363,STEP,1,0.000000,odom,1.408860,0.000000,0.000000,0.000000,-0.002448,0.500,5.000,1,1
1762884605.475174,STEP,1,0.000000,odom,1.408860,0.000000,0.000000,0.000000,-0.002643,0.500,5.000,1,1
1762884605.495374,STEP,1,0.000000,odom,1.409032,0.002318,0.047896,0.003005,-0.002664,0.500,5.000,1,1
1762884605.515711,STEP,1,0.000000,odom,1.409032,0.000000,0.000000,0.000000,-0.002664,0.500,5.000,1,1
1762884605.535698,STEP,1,0.000000,odom,1.409032,0.000000,0.000000,0.000000,-0.002664,0.500,5.000,1,1
1762884605.555758,STEP,1,0.000000,odom,1.409032,0.000000,0.000000,0.000000,-0.002664,0.500,5.000,1,1
1762884605.575366,STEP,1,0.000000,odom,1.409032,0.000000,0.000000,0.000000,-0.002664,0.500,5.000,1,1
1762884605.595434,STEP,1,0.000000,odom,1.409032,0.000000,0.000000,0.000000,-0.002664,0.500,5.000,1,1
1762884605.615356,STEP,1,0.000000,odom,1.409032,0.000000,0.000000,0.000000,-0.002664,0.500,5.000,1,1
1762884605.635724,STEP,1,0.000000,odom,1.409032,0.000000,0.000000,0.000000,-0.002664,0.500,5.000,1,1
1762884605.655354,STEP,1,0.000000,odom,1.409032,0.000000,0.000000,0.000000,-0.002764,0.500,5.000,1,1
1762884605.675311,STEP,1,0.000000,odom,1.409032,0.000000,0.000000,0.000000,-0.002756,0.500,5.000,1,1
1762884605.695330,STEP,1,0.000000,odom,1.409207,0.005950,0.116714,0.007022,-0.002756,0.500,5.000,1,1
1762884605.716069,STEP,1,0.000000,odom,1.409207,0.000000,0.000000,0.000000,-0.002756,0.500,5.000,1,1
1762884605.735461,STEP,1,0.000000,odom,1.409207,0.000000,0.000000,0.000000,-0.002756,0.500,5.000,1,1
1762884605.755287,STEP,1,0.000000,odom,1.409207,0.000000,0.000000,0.000000,-0.002756,0.500,5.000,1,1
1762884605.775352,STEP,1,0.000000,odom,1.409207,0.000000,0.000000,0.000000,-0.002756,0.500,5.000,1,1
1762884605.795425,STEP,1,0.000000,odom,1.409207,0.000000,0.000000,0.000000,-0.002756,0.500,5.000,1,1
1762884605.815324,STEP,1,0.000000,odom,1.409207,0.000000,0.000000,0.000000,-0.002831,0.500,5.000,1,1
1762884605.835361,STEP,1,0.000000,odom,1.409207,0.000000,0.000000,0.000000,-0.002898,0.500,5.000,1,1
1762884605.855392,STEP,1,0.000000,odom,1.409384,0.012086,0.227447,0.013080,-0.002898,0.500,5.000,1,1
1762884605.875985,STEP,1,0.000000,odom,1.409384,0.000000,0.000000,0.000000,-0.002898,0.500,5.000,1,1
1762884605.895682,STEP,1,0.000000,odom,1.409384,0.000000,0.000000,0.000000,-0.002898,0.500,5.000,1,1
1762884605.915327,STEP,1,0.000000,odom,1.409384,0.000000,0.000000,0.000000,-0.002898,0.500,5.000,1,1
1762884605.935318,STEP,1,0.000000,odom,1.409384,0.000000,0.000000,0.000000,-0.002898,0.500,5.000,1,1
1762884605.955426,STEP,1,0.000000,odom,1.409384,0.000000,0.000000,0.000000,-0.002898,0.500,5.000,1,1
1762884605.975281,STEP,1,0.000000,odom,1.409384,0.000000,0.000000,0.000000,-0.002910,0.500,5.000,1,1
1762884605.996216,STEP,1,0.000000,odom,1.409384,0.000000,0.000000,0.000000,-0.002900,0.500,5.000,1,1
1762884606.015369,STEP,1,0.000000,odom,1.409384,0.000000,0.000000,0.000000,-0.002900,0.500,5.000,1,1
1762884606.035330,STEP,1,0.000000,odom,1.409384,0.000000,0.000000,0.000000,-0.002900,0.500,5.000,1,1
1762884606.055359,STEP,1,0.000000,odom,1.409384,0.000000,0.000000,0.000000,-0.002900,0.500,5.000,1,1
1762884606.075388,STEP,1,0.000000,odom,1.409384,0.000000,0.000000,0.000000,-0.002900,0.500,5.000,1,1
1762884606.095325,STEP,1,0.000000,odom,1.409384,0.000000,0.000000,0.000000,-0.002900,0.500,5.000,1,1
1762884606.115453,STEP,1,0.000000,odom,1.409384,0.000000,0.000000,0.000000,-0.002900,0.500,5.000,1,1
1762884606.136362,STEP,1,0.000000,odom,1.409384,0.000000,0.000000,0.000000,-0.002900,0.500,5.000,1,1
1762884606.155549,STEP,1,0.000000,odom,1.409560,0.002995,0.055362,0.003022,-0.002959,0.500,5.000,1,1
1762884606.175348,STEP,1,0.000000,odom,1.409560,0.002097,0.038753,0.002116,-0.003025,0.500,5.000,1,1
1762884606.197115,STEP,1,0.000000,odom,1.409560,0.000000,0.000000,0.000000,-0.003025,0.500,5.000,1,1
1762884606.218080,STEP,1,0.000000,odom,1.409560,0.000000,0.000000,0.000000,-0.003025,0.500,5.000,1,1
1762884606.235382,STEP,1,0.000000,odom,1.409560,0.000000,0.000000,0.000000,-0.003025,0.500,5.000,1,1
1762884606.255332,STEP,1,0.000000,odom,1.409560,0.000000,0.000000,0.000000,-0.003025,0.500,5.000,1,1
1762884606.275386,STEP,1,0.000000,odom,1.409560,0.000000,0.000000,0.000000,-0.003025,0.500,5.000,1,1
1762884606.295259,STEP,1,0.000000,odom,1.409560,0.000000,0.000000,0.000000,-0.003025,0.500,5.000,1,1
1762884606.315351,STEP,1,0.000000,odom,1.409734,0.002974,0.053883,0.002756,-0.003115,0.500,5.000,1,1
1762884606.335443,STEP,1,0.000000,odom,1.409734,0.002082,0.037718,0.001929,-0.003141,0.500,5.000,1,1
1762884606.355664,STEP,1,0.000000,odom,1.409734,0.001457,0.026402,0.001351,-0.003141,0.500,5.000,1,1
1762884606.377481,STEP,1,0.000000,odom,1.409734,0.000000,0.000000,0.000000,-0.003141,0.500,5.000,1,1
1762884606.395488,STEP,1,0.000000,odom,1.409734,0.000000,0.000000,0.000000,-0.003141,0.500,5.000,1,1
1762884606.415764,STEP,1,0.000000,odom,1.409734,0.000000,0.000000,0.000000,-0.003141,0.500,5.000,1,1
1762884606.435624,STEP,1,0.000000,odom,1.409734,0.000000,0.000000,0.000000,-0.003141,0.500,5.000,1,1
1762884606.455569,STEP,1,0.000000,odom,1.409734,0.000000,0.000000,0.000000,-0.003141,0.500,5.000,1,1
1762884606.476465,STEP,1,0.000000,odom,1.409911,0.004044,0.069869,0.003309,-0.003204,0.500,5.000,1,1
1762884606.495314,STEP,1,0.000000,odom,1.409911,0.002831,0.048908,0.002316,-0.003190,0.500,5.000,1,1
1762884606.515402,STEP,1,0.000000,odom,1.409911,0.000000,0.000000,0.000000,-0.003190,0.500,5.000,1,1
1762884606.535381,STEP,1,0.000000,odom,1.409911,0.000000,0.000000,0.000000,-0.003190,0.500,5.000,1,1
1762884606.556780,STEP,1,0.000000,odom,1.409911,0.000000,0.000000,0.000000,-0.003190,0.500,5.000,1,1
1762884606.575857,STEP,1,0.000000,odom,1.409911,0.000000,0.000000,0.000000,-0.003190,0.500,5.000,1,1
1762884606.595329,STEP,1,0.000000,odom,1.409911,0.000000,0.000000,0.000000,-0.003190,0.500,5.000,1,1
1762884606.615478,STEP,1,0.000000,odom,1.409911,0.000000,0.000000,0.000000,-0.003190,0.500,5.000,1,1
1762884606.635486,STEP,1,0.000000,odom,1.409911,0.000000,0.000000,0.000000,-0.003190,0.500,5.000,1,1
1762884606.655490,STEP,1,0.000000,odom,1.409911,0.000000,0.000000,0.000000,-0.003190,0.500,5.000,1,1
1762884606.675587,STEP,1,0.000000,odom,1.409911,0.000000,0.000000,0.000000,-0.003190,0.500,5.000,1,1
1762884606.695416,STEP,1,0.000000,odom,1.409911,0.000000,0.000000,0.000000,-0.003186,0.500,5.000,1,1
1762884606.715360,STEP,1,0.000000,odom,1.410089,0.002451,0.040753,0.001750,-0.003161,0.500,5.000,1,1
1762884606.735415,STEP,1,0.000000,odom,1.410089,0.001716,0.028527,0.001225,-0.003161,0.500,5.000,1,1
1762884606.756052,STEP,1,0.000000,odom,1.410089,0.000000,0.000000,0.000000,-0.003161,0.500,5.000,1,1
1762884606.775342,STEP,1,0.000000,odom,1.410089,0.000000,0.000000,0.000000,-0.003161,0.500,5.000,1,1
1762884606.796086,STEP,1,0.000000,odom,1.410089,0.000000,0.000000,0.000000,-0.003161,0.500,5.000,1,1
1762884606.815348,STEP,1,0.000000,odom,1.410089,0.000000,0.000000,0.000000,-0.003161,0.500,5.000,1,1
1762884606.835402,STEP,1,0.000000,odom,1.410089,0.000000,0.000000,0.000000,-0.003161,0.500,5.000,1,1
1762884606.856103,STEP,1,0.000000,odom,1.410089,0.000000,0.000000,0.000000,-0.003120,0.500,5.000,1,1
1762884606.875294,STEP,1,0.000000,odom,1.410271,0.003150,0.049475,0.001857,-0.003156,0.500,5.000,1,1
1762884606.895267,STEP,1,0.000000,odom,1.410271,0.002205,0.034632,0.001300,-0.003156,0.500,5.000,1,1
1762884606.915459,STEP,1,0.000000,odom,1.410271,0.000000,0.000000,0.000000,-0.003156,0.500,5.000,1,1
1762884606.935544,STEP,1,0.000000,odom,1.410271,0.000000,0.000000,0.000000,-0.003156,0.500,5.000,1,1
1762884606.955548,STEP,1,0.000000,odom,1.410271,0.000000,0.000000,0.000000,-0.003156,0.500,5.000,1,1
1762884606.975337,STEP,1,0.000000,odom,1.410271,0.000000,0.000000,0.000000,-0.003156,0.500,5.000,1,1
1762884606.995373,STEP,1,0.000000,odom,1.410271,0.000000,0.000000,0.000000,-0.003156,0.500,5.000,1,1
1762884607.015326,STEP,1,0.000000,odom,1.410271,0.000000,0.000000,0.000000,-0.003174,0.500,5.000,1,1
1762884607.035512,STEP,1,0.000000,odom,1.410457,0.002154,0.032017,0.001002,-0.003136,0.500,5.000,1,1
1762884607.055284,STEP,1,0.000000,odom,1.410457,0.001508,0.022412,0.000701,-0.003127,0.500,5.000,1,1
1762884607.075277,STEP,1,0.000000,odom,1.410457,0.000000,0.000000,0.000000,-0.003127,0.500,5.000,1,1
1762884607.099140,STEP,1,0.000000,odom,1.410457,0.000000,0.000000,0.000000,-0.003127,0.500,5.000,1,1
1762884607.115446,STEP,1,0.000000,odom,1.410457,0.000000,0.000000,0.000000,-0.003127,0.500,5.000,1,1
1762884607.135334,STEP,1,0.000000,odom,1.410457,0.000000,0.000000,0.000000,-0.003127,0.500,5.000,1,1
1762884607.155549,STEP,1,0.000000,odom,1.410457,0.000000,0.000000,0.000000,-0.003127,0.500,5.000,1,1
1762884607.175297,STEP,1,0.000000,odom,1.410457,0.000000,0.000000,0.000000,-0.003127,0.500,5.000,1,1
1762884607.197395,STEP,1,0.000000,odom,1.410644,0.002612,0.037269,0.000894,-0.003123,0.500,5.000,1,1
1762884607.215549,STEP,1,0.000000,odom,1.410644,0.001828,0.026088,0.000626,-0.003142,0.500,5.000,1,1
1762884607.235498,STEP,1,0.000000,odom,1.410644,0.000000,0.000000,0.000000,-0.003142,0.500,5.000,1,1
1762884607.255453,STEP,1,0.000000,odom,1.410644,0.000000,0.000000,0.000000,-0.003142,0.500,5.000,1,1
1762884607.275301,STEP,1,0.000000,odom,1.410644,0.000000,0.000000,0.000000,-0.003142,0.500,5.000,1,1
1762884607.295695,STEP,1,0.000000,odom,1.410644,0.000000,0.000000,0.000000,-0.003142,0.500,5.000,1,1
1762884607.315319,STEP,1,0.000000,odom,1.410644,0.000000,0.000000,0.000000,-0.003142,0.500,5.000,1,1
1762884607.335428,STEP,1,0.000000,odom,1.410644,0.000000,0.000000,0.000000,-0.003260,0.500,5.000,1,1
1762884607.357529,STEP,1,0.000000,odom,1.410644,0.000000,0.000000,0.000000,-0.003384,0.500,5.000,1,1
1762884607.375607,STEP,1,0.000000,odom,1.410834,0.004441,0.060222,0.000928,-0.003384,0.500,5.000,1,1
1762884607.395327,STEP,1,0.000000,odom,1.410834,0.000000,0.000000,0.000000,-0.003384,0.500,5.000,1,1
1762884607.415458,STEP,1,0.000000,odom,1.410834,0.000000,0.000000,0.000000,-0.003384,0.500,5.000,1,1
1762884607.435316,STEP,1,0.000000,odom,1.410834,0.000000,0.000000,0.000000,-0.003384,0.500,5.000,1,1
1762884607.455416,STEP,1,0.000000,odom,1.410834,0.000000,0.000000,0.000000,-0.003384,0.500,5.000,1,1
1762884607.475280,STEP,1,0.000000,odom,1.410834,0.000000,0.000000,0.000000,-0.003384,0.500,5.000,1,1
1762884607.495334,STEP,1,0.000000,odom,1.410834,0.000000,0.000000,0.000000,-0.003384,0.500,5.000,1,1
1762884607.515407,STEP,1,0.000000,odom,1.410834,0.000000,0.000000,0.000000,-0.003504,0.500,5.000,1,1
1762884607.535294,STEP,1,0.000000,odom,1.411028,0.003410,0.043756,0.000254,-0.003508,0.500,5.000,1,1
1762884607.556762,STEP,1,0.000000,odom,1.411028,0.000000,0.000000,0.000000,-0.003508,0.500,5.000,1,1
1762884607.575542,STEP,1,0.000000,odom,1.411028,0.000000,0.000000,0.000000,-0.003508,0.500,5.000,1,1
1762884607.595321,STEP,1,0.000000,odom,1.411028,0.000000,0.000000,0.000000,-0.003508,0.500,5.000,1,1
1762884607.615532,STEP,1,0.000000,odom,1.411028,0.000000,0.000000,0.000000,-0.003508,0.500,5.000,1,1
1762884607.635324,STEP,1,0.000000,odom,1.411028,0.000000,0.000000,0.000000,-0.003508,0.500,5.000,1,1
1762884607.655357,STEP,1,0.000000,odom,1.411028,0.000000,0.000000,0.000000,-0.003508,0.500,5.000,1,1
1762884607.676539,STEP,1,0.000000,odom,1.411028,0.000000,0.000000,0.000000,-0.003527,0.500,5.000,1,1
1762884607.695292,STEP,1,0.000000,odom,1.411028,0.000000,0.000000,0.000000,-0.003711,0.500,5.000,1,1
1762884607.715339,STEP,1,0.000000,odom,1.411224,0.003458,0.042355,-0.000220,-0.003855,0.500,5.000,1,1
1762884607.735670,STEP,1,0.000000,odom,1.411224,0.000000,0.000000,0.000000,-0.003855,0.500,5.000,1,1
1762884607.755358,STEP,1,0.000000,odom,1.411224,0.000000,0.000000,0.000000,-0.003855,0.500,5.000,1,1
1762884607.775328,STEP,1,0.000000,odom,1.411224,0.000000,0.000000,0.000000,-0.003855,0.500,5.000,1,1
1762884607.795387,STEP,1,0.000000,odom,1.411224,0.000000,0.000000,0.000000,-0.003855,0.500,5.000,1,1
1762884607.815495,STEP,1,0.000000,odom,1.411224,0.000000,0.000000,0.000000,-0.003855,0.500,5.000,1,1
1762884607.835318,STEP,1,0.000000,odom,1.411224,0.000000,0.000000,0.000000,-0.003947,0.500,5.000,1,1
1762884607.855263,STEP,1,0.000000,odom,1.411224,0.000000,0.000000,0.000000,-0.004376,0.500,5.000,1,1
1762884607.875566,STEP,1,0.000000,odom,1.411424,0.003536,0.040967,-0.000728,-0.004376,0.500,5.000,1,1
1762884607.895525,STEP,1,0.000000,odom,1.411424,0.000000,0.000000,0.000000,-0.004376,0.500,5.000,1,1
1762884607.915649,STEP,1,0.000000,odom,1.411424,0.000000,0.000000,0.000000,-0.004376,0.500,5.000,1,1
1762884607.935344,STEP,1,0.000000,odom,1.411424,0.000000,0.000000,0.000000,-0.004376,0.500,5.000,1,1
1762884607.955314,STEP,1,0.000000,odom,1.411424,0.000000,0.000000,0.000000,-0.004376,0.500,5.000,1,1
1762884607.975341,STEP,1,0.000000,odom,1.411424,0.000000,0.000000,0.000000,-0.004376,0.500,5.000,1,1
1762884607.996764,STEP,1,0.000000,odom,1.411424,0.000000,0.000000,0.000000,-0.004376,0.500,5.000,1,1
1762884608.015259,STEP,1,0.000000,odom,1.411424,0.000000,0.000000,0.000000,-0.004587,0.500,5.000,1,1
1762884608.035318,STEP,1,0.000000,odom,1.411424,0.000000,0.000000,0.000000,-0.004787,0.500,5.000,1,1
1762884608.055656,STEP,1,0.000000,odom,1.411424,0.000000,0.000000,0.000000,-0.004787,0.500,5.000,1,1
1762884608.075497,STEP,1,0.000000,odom,1.411424,0.000000,0.000000,0.000000,-0.004787,0.500,5.000,1,1
1762884608.096912,STEP,1,0.000000,odom,1.411424,0.000000,0.000000,0.000000,-0.004787,0.500,5.000,1,1
1762884608.115435,STEP,1,0.000000,odom,1.411424,0.000000,0.000000,0.000000,-0.004787,0.500,5.000,1,1
1762884608.135313,STEP,1,0.000000,odom,1.411424,0.000000,0.000000,0.000000,-0.004787,0.500,5.000,1,1
1762884608.155424,STEP,1,0.000000,odom,1.411424,0.000000,0.000000,0.000000,-0.004787,0.500,5.000,1,1
1762884608.175429,STEP,1,0.000000,odom,1.411424,0.000000,0.000000,0.000000,-0.004898,0.500,5.000,1,1
1762884608.195335,STEP,1,0.000000,odom,1.411627,0.004801,0.052796,-0.001677,-0.005178,0.500,5.000,1,1
1762884608.215400,STEP,1,0.000000,odom,1.411627,0.003361,0.036957,-0.001174,-0.005178,0.500,5.000,1,1
1762884608.235344,STEP,1,0.000000,odom,1.411627,0.000000,0.000000,0.000000,-0.005178,0.500,5.000,1,1
1762884608.255481,STEP,1,0.000000,odom,1.411627,0.000000,0.000000,0.000000,-0.005178,0.500,5.000,1,1
1762884608.275296,STEP,1,0.000000,odom,1.411627,0.000000,0.000000,0.000000,-0.005178,0.500,5.000,1,1
1762884608.295290,STEP,1,0.000000,odom,1.411627,0.000000,0.000000,0.000000,-0.005178,0.500,5.000,1,1
1762884608.315350,STEP,1,0.000000,odom,1.411627,0.000000,0.000000,0.000000,-0.005178,0.500,5.000,1,1
1762884608.335328,STEP,1,0.000000,odom,1.411627,0.000000,0.000000,0.000000,-0.005178,0.500,5.000,1,1
1762884608.355305,STEP,1,0.000000,odom,1.411830,0.007249,0.076476,-0.003576,-0.005600,0.500,5.000,1,1
1762884608.375261,STEP,1,0.000000,odom,1.411830,0.005074,0.053533,-0.002504,-0.005860,0.500,5.000,1,1
1762884608.395327,STEP,1,0.000000,odom,1.411830,0.003552,0.037473,-0.001752,-0.005860,0.500,5.000,1,1
1762884608.415390,STEP,1,0.000000,odom,1.411830,0.000000,0.000000,0.000000,-0.005860,0.500,5.000,1,1
1762884608.435381,STEP,1,0.000000,odom,1.411830,0.000000,0.000000,0.000000,-0.005860,0.500,5.000,1,1
1762884608.455335,STEP,1,0.000000,odom,1.411830,0.000000,0.000000,0.000000,-0.005860,0.500,5.000,1,1
1762884608.475456,STEP,1,0.000000,odom,1.411830,0.000000,0.000000,0.000000,-0.005860,0.500,5.000,1,1
1762884608.495505,STEP,1,0.000000,odom,1.411830,0.000000,0.000000,0.000000,-0.005860,0.500,5.000,1,1
1762884608.515387,STEP,1,0.000000,odom,1.412037,0.007413,0.073784,-0.004674,-0.006382,0.500,5.000,1,1
1762884608.535487,STEP,1,0.000000,odom,1.412037,0.005189,0.051649,-0.003272,-0.006539,0.500,5.000,1,1
1762884608.555583,STEP,1,0.000000,odom,1.412037,0.003633,0.036154,-0.002290,-0.006539,0.500,5.000,1,1
1762884608.577109,STEP,1,0.000000,odom,1.412037,0.000000,0.000000,0.000000,-0.006539,0.500,5.000,1,1
1762884608.596261,STEP,1,0.000000,odom,1.412037,0.000000,0.000000,0.000000,-0.006539,0.500,5.000,1,1
1762884608.616089,STEP,1,0.000000,odom,1.412037,0.000000,0.000000,0.000000,-0.006539,0.500,5.000,1,1
1762884608.635304,STEP,1,0.000000,odom,1.412037,0.000000,0.000000,0.000000,-0.006539,0.500,5.000,1,1
1762884608.655510,STEP,1,0.000000,odom,1.412037,0.000000,0.000000,0.000000,-0.006539,0.500,5.000,1,1
1762884608.675390,STEP,1,0.000000,odom,1.412037,0.000000,0.000000,0.000000,-0.006539,0.500,5.000,1,1
1762884608.695287,STEP,1,0.000000,odom,1.412248,0.005050,0.047421,-0.003847,-0.007038,0.500,5.000,1,1
1762884608.715287,STEP,1,0.000000,odom,1.412248,0.003535,0.033195,-0.002693,-0.007038,0.500,5.000,1,1
1762884608.736408,STEP,1,0.000000,odom,1.412248,0.000000,0.000000,0.000000,-0.007038,0.500,5.000,1,1
1762884608.755327,STEP,1,0.000000,odom,1.412248,0.000000,0.000000,0.000000,-0.007038,0.500,5.000,1,1
1762884608.775342,STEP,1,0.000000,odom,1.412248,0.000000,0.000000,0.000000,-0.007038,0.500,5.000,1,1
1762884608.795420,STEP,1,0.000000,odom,1.412248,0.000000,0.000000,0.000000,-0.007038,0.500,5.000,1,1
1762884608.816591,STEP,1,0.000000,odom,1.412248,0.000000,0.000000,0.000000,-0.007038,0.500,5.000,1,1
1762884608.835671,STEP,1,0.000000,odom,1.412248,0.000000,0.000000,0.000000,-0.007038,0.500,5.000,1,1
1762884608.855544,STEP,1,0.000000,odom,1.412248,0.000000,0.000000,0.000000,-0.007310,0.500,5.000,1,1
1762884608.875253,STEP,1,0.000000,odom,1.412458,0.003017,0.027409,-0.002737,-0.007735,0.500,5.000,1,1
1762884608.895324,STEP,1,0.000000,odom,1.412458,0.002112,0.019186,-0.001916,-0.007735,0.500,5.000,1,1
1762884608.915463,STEP,1,0.000000,odom,1.412458,0.000000,0.000000,0.000000,-0.007735,0.500,5.000,1,1
1762884608.935301,STEP,1,0.000000,odom,1.412458,0.000000,0.000000,0.000000,-0.007735,0.500,5.000,1,1
1762884608.957039,STEP,1,0.000000,odom,1.412458,0.000000,0.000000,0.000000,-0.007735,0.500,5.000,1,1
1762884608.975305,STEP,1,0.000000,odom,1.412458,0.000000,0.000000,0.000000,-0.007735,0.500,5.000,1,1
1762884608.995329,STEP,1,0.000000,odom,1.412458,0.000000,0.000000,0.000000,-0.007735,0.500,5.000,1,1
1762884609.015550,STEP,1,0.000000,odom,1.412458,0.000000,0.000000,0.000000,-0.007880,0.500,5.000,1,1
1762884609.035317,STEP,1,0.000000,odom,1.412660,0.003650,0.032975,-0.003944,-0.008005,0.500,5.000,1,1
1762884609.055720,STEP,1,0.000000,odom,1.412660,0.002555,0.023082,-0.002761,-0.008061,0.500,5.000,1,1
1762884609.075407,STEP,1,0.000000,odom,1.412660,0.000000,0.000000,0.000000,-0.008061,0.500,5.000,1,1
1762884609.096054,STEP,1,0.000000,odom,1.412660,0.000000,0.000000,0.000000,-0.008061,0.500,5.000,1,1
1762884609.115370,STEP,1,0.000000,odom,1.412660,0.000000,0.000000,0.000000,-0.008061,0.500,5.000,1,1
1762884609.137339,STEP,1,0.000000,odom,1.412660,0.000000,0.000000,0.000000,-0.008061,0.500,5.000,1,1
1762884609.157779,STEP,1,0.000000,odom,1.412660,0.000000,0.000000,0.000000,-0.008061,0.500,5.000,1,1
1762884609.175424,STEP,1,0.000000,odom,1.412660,0.000000,0.000000,0.000000,-0.008061,0.500,5.000,1,1
1762884609.195264,STEP,1,0.000000,odom,1.412660,0.000000,0.000000,0.000000,-0.008454,0.500,5.000,1,1
1762884609.215369,STEP,1,0.000000,odom,1.412860,0.002890,0.025364,-0.003551,-0.008629,0.500,5.000,1,1
1762884609.235283,STEP,1,0.000000,odom,1.412860,0.000000,0.000000,0.000000,-0.008629,0.500,5.000,1,1
1762884609.257301,STEP,1,0.000000,odom,1.412860,0.000000,0.000000,0.000000,-0.008629,0.500,5.000,1,1
1762884609.276686,STEP,1,0.000000,odom,1.412860,0.000000,0.000000,0.000000,-0.008629,0.500,5.000,1,1
1762884609.296263,STEP,1,0.000000,odom,1.412860,0.000000,0.000000,0.000000,-0.008629,0.500,5.000,1,1
1762884609.315337,STEP,1,0.000000,odom,1.412860,0.000000,0.000000,0.000000,-0.008629,0.500,5.000,1,1
1762884609.335451,STEP,1,0.000000,odom,1.412860,0.000000,0.000000,0.000000,-0.008629,0.500,5.000,1,1
1762884609.355597,STEP,1,0.000000,odom,1.412860,0.000000,0.000000,0.000000,-0.008629,0.500,5.000,1,1
1762884609.376427,STEP,1,0.000000,odom,1.412860,0.000000,0.000000,0.000000,-0.008977,0.500,5.000,1,1
1762884609.395360,STEP,1,0.000000,odom,1.412860,0.000000,0.000000,0.000000,-0.009466,0.500,5.000,1,1
1762884609.415313,STEP,1,0.000000,odom,1.413062,0.004876,0.040619,-0.006565,-0.009466,0.500,5.000,1,1
1762884609.435365,STEP,1,0.000000,odom,1.413062,0.000000,0.000000,0.000000,-0.009466,0.500,5.000,1,1
1762884609.455500,STEP,1,0.000000,odom,1.413062,0.000000,0.000000,0.000000,-0.009466,0.500,5.000,1,1
1762884609.475372,STEP,1,0.000000,odom,1.413062,0.000000,0.000000,0.000000,-0.009466,0.500,5.000,1,1
1762884609.495282,STEP,1,0.000000,odom,1.413062,0.000000,0.000000,0.000000,-0.009466,0.500,5.000,1,1
1762884609.515417,STEP,1,0.000000,odom,1.413062,0.000000,0.000000,0.000000,-0.009466,0.500,5.000,1,1
1762884609.536767,STEP,1,0.000000,odom,1.413062,0.000000,0.000000,0.000000,-0.009466,0.500,5.000,1,1
1762884609.555388,STEP,1,0.000000,odom,1.413062,0.000000,0.000000,0.000000,-0.009466,0.500,5.000,1,1
1762884609.575765,STEP,1,0.000000,odom,1.413062,0.000000,0.000000,0.000000,-0.009635,0.500,5.000,1,1
1762884609.595978,STEP,1,0.000000,odom,1.413266,0.002956,0.023386,-0.004310,-0.010047,0.500,5.000,1,1
1762884609.615310,STEP,1,0.000000,odom,1.413266,0.002069,0.016371,-0.003017,-0.010047,0.500,5.000,1,1
1762884609.635400,STEP,1,0.000000,odom,1.413266,0.000000,0.000000,0.000000,-0.010047,0.500,5.000,1,1
1762884609.655949,STEP,1,0.000000,odom,1.413266,0.000000,0.000000,0.000000,-0.010047,0.500,5.000,1,1
1762884609.675409,STEP,1,0.000000,odom,1.413266,0.000000,0.000000,0.000000,-0.010047,0.500,5.000,1,1
1762884609.695971,STEP,1,0.000000,odom,1.413266,0.000000,0.000000,0.000000,-0.010047,0.500,5.000,1,1
1762884609.718042,STEP,1,0.000000,odom,1.413266,0.000000,0.000000,0.000000,-0.010047,0.500,5.000,1,1
1762884609.737258,STEP,1,0.000000,odom,1.413266,0.000000,0.000000,0.000000,-0.010047,0.500,5.000,1,1
1762884609.755648,STEP,1,0.000000,odom,1.413266,0.000000,0.000000,0.000000,-0.010190,0.500,5.000,1,1
1762884609.775213,STEP,1,0.000000,odom,1.413266,0.000000,0.000000,0.000000,-0.010538,0.500,5.000,1,1
1762884609.795585,STEP,1,0.000000,odom,1.413469,0.003682,0.028024,-0.005821,-0.010538,0.500,5.000,1,1
1762884609.815407,STEP,1,0.000000,odom,1.413469,0.000000,0.000000,0.000000,-0.010538,0.500,5.000,1,1
1762884609.835950,STEP,1,0.000000,odom,1.413469,0.000000,0.000000,0.000000,-0.010538,0.500,5.000,1,1
1762884609.855398,STEP,1,0.000000,odom,1.413469,0.000000,0.000000,0.000000,-0.010538,0.500,5.000,1,1
1762884609.875297,STEP,1,0.000000,odom,1.413469,0.000000,0.000000,0.000000,-0.010538,0.500,5.000,1,1
1762884609.895356,STEP,1,0.000000,odom,1.413469,0.000000,0.000000,0.000000,-0.010538,0.500,5.000,1,1
1762884609.917233,STEP,1,0.000000,odom,1.413469,0.000000,0.000000,0.000000,-0.010538,0.500,5.000,1,1
1762884609.935311,STEP,1,0.000000,odom,1.413469,0.000000,0.000000,0.000000,-0.010732,0.500,5.000,1,1
1762884609.955222,STEP,1,0.000000,odom,1.413469,0.000000,0.000000,0.000000,-0.011007,0.500,5.000,1,1
1762884609.976985,STEP,1,0.000000,odom,1.413668,0.004833,0.035765,-0.008320,-0.011007,0.500,5.000,1,1
1762884609.995330,STEP,1,0.000000,odom,1.413668,0.000000,0.000000,0.000000,-0.011007,0.500,5.000,1,1
1762884610.015393,STEP,1,0.000000,odom,1.413668,0.000000,0.000000,0.000000,-0.011007,0.500,5.000,1,1
1762884610.035308,STEP,1,0.000000,odom,1.413668,0.000000,0.000000,0.000000,-0.011007,0.500,5.000,1,1
1762884610.055460,STEP,1,0.000000,odom,1.413668,0.000000,0.000000,0.000000,-0.011007,0.500,5.000,1,1
1762884610.075491,STEP,1,0.000000,odom,1.413668,0.000000,0.000000,0.000000,-0.011007,0.500,5.000,1,1
1762884610.095332,STEP,1,0.000000,odom,1.413668,0.000000,0.000000,0.000000,-0.011007,0.500,5.000,1,1
1762884610.115485,STEP,1,0.000000,odom,1.413668,0.000000,0.000000,0.000000,-0.011461,0.500,5.000,1,1
1762884610.135369,STEP,1,0.000000,odom,1.413668,0.000000,0.000000,0.000000,-0.011605,0.500,5.000,1,1
1762884610.155510,STEP,1,0.000000,odom,1.413668,0.000000,0.000000,0.000000,-0.011605,0.500,5.000,1,1
1762884610.175348,STEP,1,0.000000,odom,1.413668,0.000000,0.000000,0.000000,-0.011605,0.500,5.000,1,1
1762884610.195282,STEP,1,0.000000,odom,1.413668,0.000000,0.000000,0.000000,-0.011605,0.500,5.000,1,1
1762884610.215627,STEP,1,0.000000,odom,1.413668,0.000000,0.000000,0.000000,-0.011605,0.500,5.000,1,1
1762884610.236252,STEP,1,0.000000,odom,1.413668,0.000000,0.000000,0.000000,-0.011605,0.500,5.000,1,1
1762884610.255438,STEP,1,0.000000,odom,1.413867,0.014497,0.102595,-0.026563,-0.011836,0.500,5.000,1,1
1762884610.275330,STEP,1,0.000000,odom,1.413867,0.010148,0.071817,-0.018594,-0.012147,0.500,5.000,1,1
1762884610.295522,STEP,1,0.000000,odom,1.413867,0.007103,0.050272,-0.013016,-0.012147,0.500,5.000,1,1
1762884610.319219,STEP,1,0.000000,odom,1.413867,0.000000,0.000000,0.000000,-0.012147,0.500,5.000,1,1
1762884610.335340,STEP,1,0.000000,odom,1.413867,0.000000,0.000000,0.000000,-0.012147,0.500,5.000,1,1
1762884610.355302,STEP,1,0.000000,odom,1.413867,0.000000,0.000000,0.000000,-0.012147,0.500,5.000,1,1
1762884610.376608,STEP,1,0.000000,odom,1.413867,0.000000,0.000000,0.000000,-0.012147,0.500,5.000,1,1
1762884610.395337,STEP,1,0.000000,odom,1.413867,0.000000,0.000000,0.000000,-0.012147,0.500,5.000,1,1
1762884610.416903,STEP,1,0.000000,odom,1.414065,0.007229,0.048963,-0.014011,-0.012552,0.500,5.000,1,1
1762884610.435199,STEP,1,0.000000,odom,1.414065,0.005060,0.034274,-0.009808,-0.012796,0.500,5.000,1,1
1762884610.456936,STEP,1,0.000000,odom,1.414065,0.003542,0.023992,-0.006865,-0.012796,0.500,5.000,1,1
1762884610.475307,STEP,1,0.000000,odom,1.414065,0.000000,0.000000,0.000000,-0.012796,0.500,5.000,1,1
1762884610.495321,STEP,1,0.000000,odom,1.414065,0.000000,0.000000,0.000000,-0.012796,0.500,5.000,1,1
1762884610.519056,STEP,1,0.000000,odom,1.414065,0.000000,0.000000,0.000000,-0.012796,0.500,5.000,1,1
1762884610.535777,STEP,1,0.000000,odom,1.414065,0.000000,0.000000,0.000000,-0.012796,0.500,5.000,1,1
1762884610.555506,STEP,1,0.000000,odom,1.414065,0.000000,0.000000,0.000000,-0.012796,0.500,5.000,1,1
1762884610.575238,STEP,1,0.000000,odom,1.414065,0.000000,0.000000,0.000000,-0.012965,0.500,5.000,1,1
1762884610.595351,STEP,1,0.000000,odom,1.414265,0.002938,0.018657,-0.005892,-0.013433,0.500,5.000,1,1
1762884610.615678,STEP,1,0.000000,odom,1.414265,0.002057,0.013060,-0.004124,-0.013433,0.500,5.000,1,1
1762884610.635417,STEP,1,0.000000,odom,1.414265,0.000000,0.000000,0.000000,-0.013433,0.500,5.000,1,1
1762884610.656150,STEP,1,0.000000,odom,1.414265,0.000000,0.000000,0.000000,-0.013433,0.500,5.000,1,1
1762884610.675365,STEP,1,0.000000,odom,1.414265,0.000000,0.000000,0.000000,-0.013433,0.500,5.000,1,1
1762884610.695310,STEP,1,0.000000,odom,1.414265,0.000000,0.000000,0.000000,-0.013433,0.500,5.000,1,1
1762884610.715347,STEP,1,0.000000,odom,1.414265,0.000000,0.000000,0.000000,-0.013433,0.500,5.000,1,1
1762884610.735325,STEP,1,0.000000,odom,1.414265,0.000000,0.000000,0.000000,-0.013433,0.500,5.000,1,1
1762884610.755219,STEP,1,0.000000,odom,1.414265,0.000000,0.000000,0.000000,-0.013776,0.500,5.000,1,1
1762884610.775323,STEP,1,0.000000,odom,1.414469,0.002487,0.014786,-0.005134,-0.014089,0.500,5.000,1,1
1762884610.795329,STEP,1,0.000000,odom,1.414469,0.000000,0.000000,0.000000,-0.014089,0.500,5.000,1,1
1762884610.815372,STEP,1,0.000000,odom,1.414469,0.000000,0.000000,0.000000,-0.014089,0.500,5.000,1,1
1762884610.835320,STEP,1,0.000000,odom,1.414469,0.000000,0.000000,0.000000,-0.014089,0.500,5.000,1,1
1762884610.855313,STEP,1,0.000000,odom,1.414469,0.000000,0.000000,0.000000,-0.014089,0.500,5.000,1,1
1762884610.875324,STEP,1,0.000000,odom,1.414469,0.000000,0.000000,0.000000,-0.014089,0.500,5.000,1,1
1762884610.895378,STEP,1,0.000000,odom,1.414469,0.000000,0.000000,0.000000,-0.014089,0.500,5.000,1,1
1762884610.915221,STEP,1,0.000000,odom,1.414469,0.000000,0.000000,0.000000,-0.014305,0.500,5.000,1,1
1762884610.936909,STEP,1,0.000000,odom,1.414674,0.003768,0.021052,-0.008007,-0.014439,0.500,5.000,1,1
1762884610.955483,STEP,1,0.000000,odom,1.414674,0.002637,0.014736,-0.005605,-0.014439,0.500,5.000,1,1
1762884610.975474,STEP,1,0.000000,odom,1.414674,0.000000,0.000000,0.000000,-0.014439,0.500,5.000,1,1
1762884610.995279,STEP,1,0.000000,odom,1.414674,0.000000,0.000000,0.000000,-0.014439,0.500,5.000,1,1
1762884611.015350,STEP,1,0.000000,odom,1.414674,0.000000,0.000000,0.000000,-0.014439,0.500,5.000,1,1
1762884611.035445,STEP,1,0.000000,odom,1.414674,0.000000,0.000000,0.000000,-0.014439,0.500,5.000,1,1
1762884611.055327,STEP,1,0.000000,odom,1.414674,0.000000,0.000000,0.000000,-0.014439,0.500,5.000,1,1
1762884611.075600,STEP,1,0.000000,odom,1.414674,0.000000,0.000000,0.000000,-0.014862,0.500,5.000,1,1
1762884611.095319,STEP,1,0.000000,odom,1.414880,0.003024,0.015956,-0.006638,-0.015215,0.500,5.000,1,1
1762884611.115327,STEP,1,0.000000,odom,1.414880,0.002117,0.011169,-0.004646,-0.015215,0.500,5.000,1,1
1762884611.135382,STEP,1,0.000000,odom,1.414880,0.000000,0.000000,0.000000,-0.015215,0.500,5.000,1,1
1762884611.155749,STEP,1,0.000000,odom,1.414880,0.000000,0.000000,0.000000,-0.015215,0.500,5.000,1,1
1762884611.177336,STEP,1,0.000000,odom,1.414880,0.000000,0.000000,0.000000,-0.015215,0.500,5.000,1,1
1762884611.196154,STEP,1,0.000000,odom,1.414880,0.000000,0.000000,0.000000,-0.015215,0.500,5.000,1,1
1762884611.216055,STEP,1,0.000000,odom,1.414880,0.000000,0.000000,0.000000,-0.015215,0.500,5.000,1,1
1762884611.235568,STEP,1,0.000000,odom,1.414880,0.000000,0.000000,0.000000,-0.015215,0.500,5.000,1,1
1762884611.255418,STEP,1,0.000000,odom,1.414880,0.000000,0.000000,0.000000,-0.015412,0.500,5.000,1,1
1762884611.275288,STEP,1,0.000000,odom,1.415084,0.003014,0.015073,-0.006843,-0.015549,0.500,5.000,1,1
1762884611.295387,STEP,1,0.000000,odom,1.415084,0.000000,0.000000,0.000000,-0.015549,0.500,5.000,1,1
1762884611.315763,STEP,1,0.000000,odom,1.415084,0.000000,0.000000,0.000000,-0.015549,0.500,5.000,1,1
1762884611.335408,STEP,1,0.000000,odom,1.415084,0.000000,0.000000,0.000000,-0.015549,0.500,5.000,1,1
1762884611.355654,STEP,1,0.000000,odom,1.415084,0.000000,0.000000,0.000000,-0.015549,0.500,5.000,1,1
1762884611.375454,STEP,1,0.000000,odom,1.415084,0.000000,0.000000,0.000000,-0.015549,0.500,5.000,1,1
1762884611.395314,STEP,1,0.000000,odom,1.415084,0.000000,0.000000,0.000000,-0.015549,0.500,5.000,1,1
1762884611.415397,STEP,1,0.000000,odom,1.415084,0.000000,0.000000,0.000000,-0.015674,0.500,5.000,1,1
1762884611.435647,STEP,1,0.000000,odom,1.415288,0.002993,0.014204,-0.007030,-0.016113,0.500,5.000,1,1
1762884611.455418,STEP,1,0.000000,odom,1.415288,0.002095,0.009943,-0.004921,-0.016113,0.500,5.000,1,1
1762884611.475516,STEP,1,0.000000,odom,1.415288,0.000000,0.000000,0.000000,-0.016113,0.500,5.000,1,1
1762884611.495525,STEP,1,0.000000,odom,1.415288,0.000000,0.000000,0.000000,-0.016113,0.500,5.000,1,1
1762884611.515477,STEP,1,0.000000,odom,1.415288,0.000000,0.000000,0.000000,-0.016113,0.500,5.000,1,1
1762884611.535335,STEP,1,0.000000,odom,1.415288,0.000000,0.000000,0.000000,-0.016113,0.500,5.000,1,1
1762884611.556296,STEP,1,0.000000,odom,1.415288,0.000000,0.000000,0.000000,-0.016113,0.500,5.000,1,1
1762884611.575877,STEP,1,0.000000,odom,1.415288,0.000000,0.000000,0.000000,-0.016331,0.500,5.000,1,1
1762884611.595336,STEP,1,0.000000,odom,1.415288,0.000000,0.000000,0.000000,-0.016483,0.500,5.000,1,1
1762884611.615400,STEP,1,0.000000,odom,1.415486,0.007316,0.033377,-0.017994,-0.016483,0.500,5.000,1,1
1762884611.635473,STEP,1,0.000000,odom,1.415486,0.000000,0.000000,0.000000,-0.016483,0.500,5.000,1,1
1762884611.655309,STEP,1,0.000000,odom,1.415486,0.000000,0.000000,0.000000,-0.016483,0.500,5.000,1,1
1762884611.675752,STEP,1,0.000000,odom,1.415486,0.000000,0.000000,0.000000,-0.016483,0.500,5.000,1,1
1762884611.695296,STEP,1,0.000000,odom,1.415486,0.000000,0.000000,0.000000,-0.016483,0.500,5.000,1,1
1762884611.715305,STEP,1,0.000000,odom,1.415486,0.000000,0.000000,0.000000,-0.016483,0.500,5.000,1,1
1762884611.735358,STEP,1,0.000000,odom,1.415486,0.000000,0.000000,0.000000,-0.016483,0.500,5.000,1,1
1762884611.755559,STEP,1,0.000000,odom,1.415486,0.000000,0.000000,0.000000,-0.016705,0.500,5.000,1,1
1762884611.775831,STEP,1,0.000000,odom,1.415676,0.002804,0.012512,-0.007334,-0.016959,0.500,5.000,1,1
1762884611.795348,STEP,1,0.000000,odom,1.415676,0.001963,0.008758,-0.005134,-0.016959,0.500,5.000,1,1
1762884611.815440,STEP,1,0.000000,odom,1.415676,0.000000,0.000000,0.000000,-0.016959,0.500,5.000,1,1
1762884611.837143,STEP,1,0.000000,odom,1.415676,0.000000,0.000000,0.000000,-0.016959,0.500,5.000,1,1
1762884611.855312,STEP,1,0.000000,odom,1.415676,0.000000,0.000000,0.000000,-0.016959,0.500,5.000,1,1
1762884611.875334,STEP,1,0.000000,odom,1.415676,0.000000,0.000000,0.000000,-0.016959,0.500,5.000,1,1
1762884611.895369,STEP,1,0.000000,odom,1.415676,0.000000,0.000000,0.000000,-0.016959,0.500,5.000,1,1
1762884611.915218,STEP,1,0.000000,odom,1.415676,0.000000,0.000000,0.000000,-0.017017,0.500,5.000,1,1
1762884611.935476,STEP,1,0.000000,odom,1.415676,0.000000,0.000000,0.000000,-0.017102,0.500,5.000,1,1
1762884611.955270,STEP,1,0.000000,odom,1.415857,0.004456,0.019477,-0.012415,-0.017102,0.500,5.000,1,1
1762884611.975419,STEP,1,0.000000,odom,1.415857,0.000000,0.000000,0.000000,-0.017102,0.500,5.000,1,1
1762884611.995302,STEP,1,0.000000,odom,1.415857,0.000000,0.000000,0.000000,-0.017102,0.500,5.000,1,1
1762884612.015331,STEP,1,0.000000,odom,1.415857,0.000000,0.000000,0.000000,-0.017102,0.500,5.000,1,1
1762884612.035284,STEP,1,0.000000,odom,1.415857,0.000000,0.000000,0.000000,-0.017102,0.500,5.000,1,1
1762884612.055370,STEP,1,0.000000,odom,1.415857,0.000000,0.000000,0.000000,-0.017102,0.500,5.000,1,1
1762884612.075415,STEP,1,0.000000,odom,1.415857,0.000000,0.000000,0.000000,-0.017164,0.500,5.000,1,1
1762884612.095405,STEP,1,0.000000,odom,1.415857,0.000000,0.000000,0.000000,-0.017248,0.500,5.000,1,1
1762884612.116908,STEP,1,0.000000,odom,1.415857,0.000000,0.000000,0.000000,-0.017248,0.500,5.000,1,1
1762884612.135561,STEP,1,0.000000,odom,1.415857,0.000000,0.000000,0.000000,-0.017248,0.500,5.000,1,1
1762884612.159112,STEP,1,0.000000,odom,1.415857,0.000000,0.000000,0.000000,-0.017248,0.500,5.000,1,1
1762884612.175624,STEP,1,0.000000,odom,1.415857,0.000000,0.000000,0.000000,-0.017248,0.500,5.000,1,1
1762884612.195345,STEP,1,0.000000,odom,1.415857,0.000000,0.000000,0.000000,-0.017248,0.500,5.000,1,1
1762884612.219340,STEP,1,0.000000,odom,1.415857,0.000000,0.000000,0.000000,-0.017248,0.500,5.000,1,1
1762884612.235416,STEP,1,0.000000,odom,1.415857,0.000000,0.000000,0.000000,-0.017248,0.500,5.000,1,1
1762884612.255312,STEP,1,0.000000,odom,1.416032,0.012934,0.054343,-0.037745,-0.017328,0.500,5.000,1,1
1762884612.275248,STEP,1,0.000000,odom,1.416032,0.009054,0.038040,-0.026421,-0.017253,0.500,5.000,1,1
1762884612.295420,STEP,1,0.000000,odom,1.416032,0.006338,0.026628,-0.018495,-0.017253,0.500,5.000,1,1
1762884612.315808,STEP,1,0.000000,odom,1.416032,0.000000,0.000000,0.000000,-0.017253,0.500,5.000,1,1
1762884612.335377,STEP,1,0.000000,odom,1.416032,0.000000,0.000000,0.000000,-0.017253,0.500,5.000,1,1
1762884612.358236,STEP,1,0.000000,odom,1.416032,0.000000,0.000000,0.000000,-0.017253,0.500,5.000,1,1
1762884612.375330,STEP,1,0.000000,odom,1.416032,0.000000,0.000000,0.000000,-0.017253,0.500,5.000,1,1
1762884612.395353,STEP,1,0.000000,odom,1.416032,0.000000,0.000000,0.000000,-0.017253,0.500,5.000,1,1
1762884612.415421,STEP,1,0.000000,odom,1.416032,0.000000,0.000000,0.000000,-0.017253,0.500,5.000,1,1
1762884612.435320,STEP,1,0.000000,odom,1.416204,0.002549,0.010077,-0.007619,-0.017205,0.500,5.000,1,1
1762884612.455485,STEP,1,0.000000,odom,1.416204,0.001784,0.007054,-0.005333,-0.017205,0.500,5.000,1,1
1762884612.476654,STEP,1,0.000000,odom,1.416204,0.000000,0.000000,0.000000,-0.017205,0.500,5.000,1,1
1762884612.495426,STEP,1,0.000000,odom,1.416204,0.000000,0.000000,0.000000,-0.017205,0.500,5.000,1,1
1762884612.516142,STEP,1,0.000000,odom,1.416204,0.000000,0.000000,0.000000,-0.017205,0.500,5.000,1,1
1762884612.535344,STEP,1,0.000000,odom,1.416204,0.000000,0.000000,0.000000,-0.017205,0.500,5.000,1,1
1762884612.555321,STEP,1,0.000000,odom,1.416204,0.000000,0.000000,0.000000,-0.017205,0.500,5.000,1,1
1762884612.577107,STEP,1,0.000000,odom,1.416204,0.000000,0.000000,0.000000,-0.017169,0.500,5.000,1,1
1762884612.595353,STEP,1,0.000000,odom,1.416376,0.003176,0.011617,-0.009602,-0.017114,0.500,5.000,1,1
1762884612.615268,STEP,1,0.000000,odom,1.416376,0.002223,0.008132,-0.006722,-0.017114,0.500,5.000,1,1
1762884612.639368,STEP,1,0.000000,odom,1.416376,0.000000,0.000000,0.000000,-0.017114,0.500,5.000,1,1
1762884612.655331,STEP,1,0.000000,odom,1.416376,0.000000,0.000000,0.000000,-0.017114,0.500,5.000,1,1
1762884612.675663,STEP,1,0.000000,odom,1.416376,0.000000,0.000000,0.000000,-0.017114,0.500,5.000,1,1
1762884612.695499,STEP,1,0.000000,odom,1.416376,0.000000,0.000000,0.000000,-0.017114,0.500,5.000,1,1
1762884612.715513,STEP,1,0.000000,odom,1.416376,0.000000,0.000000,0.000000,-0.017114,0.500,5.000,1,1
1762884612.735338,STEP,1,0.000000,odom,1.416376,0.000000,0.000000,0.000000,-0.017114,0.500,5.000,1,1
1762884612.755503,STEP,1,0.000000,odom,1.416376,0.000000,0.000000,0.000000,-0.016950,0.500,5.000,1,1
1762884612.775301,STEP,1,0.000000,odom,1.416546,0.002528,0.008541,-0.007723,-0.016891,0.500,5.000,1,1
1762884612.795348,STEP,1,0.000000,odom,1.416546,0.001770,0.005979,-0.005406,-0.016891,0.500,5.000,1,1
1762884612.819234,STEP,1,0.000000,odom,1.416546,0.000000,0.000000,0.000000,-0.016891,0.500,5.000,1,1
1762884612.835567,STEP,1,0.000000,odom,1.416546,0.000000,0.000000,0.000000,-0.016891,0.500,5.000,1,1
1762884612.855329,STEP,1,0.000000,odom,1.416546,0.000000,0.000000,0.000000,-0.016891,0.500,5.000,1,1
1762884612.875306,STEP,1,0.000000,odom,1.416546,0.000000,0.000000,0.000000,-0.016891,0.500,5.000,1,1
1762884612.895486,STEP,1,0.000000,odom,1.416546,0.000000,0.000000,0.000000,-0.016891,0.500,5.000,1,1
1762884612.915302,STEP,1,0.000000,odom,1.416546,0.000000,0.000000,0.000000,-0.016827,0.500,5.000,1,1
1762884612.935196,STEP,1,0.000000,odom,1.416714,0.002481,0.007799,-0.007751,-0.016658,0.500,5.000,1,1
1762884612.955335,STEP,1,0.000000,odom,1.416714,0.001737,0.005459,-0.005426,-0.016658,0.500,5.000,1,1
1762884612.975257,STEP,1,0.000000,odom,1.416714,0.000000,0.000000,0.000000,-0.016658,0.500,5.000,1,1
1762884612.996417,STEP,1,0.000000,odom,1.416714,0.000000,0.000000,0.000000,-0.016658,0.500,5.000,1,1
1762884613.018138,STEP,1,0.000000,odom,1.416714,0.000000,0.000000,0.000000,-0.016658,0.500,5.000,1,1
1762884613.035274,STEP,1,0.000000,odom,1.416714,0.000000,0.000000,0.000000,-0.016658,0.500,5.000,1,1
1762884613.055399,STEP,1,0.000000,odom,1.416714,0.000000,0.000000,0.000000,-0.016658,0.500,5.000,1,1
1762884613.075135,STEP,1,0.000000,odom,1.416714,0.000000,0.000000,0.000000,-0.016594,0.500,5.000,1,1
1762884613.095315,STEP,1,0.000000,odom,1.416714,0.000000,0.000000,0.000000,-0.016421,0.500,5.000,1,1
1762884613.115409,STEP,1,0.000000,odom,1.416875,0.002401,0.007089,-0.007776,-0.016253,0.500,5.000,1,1
1762884613.135418,STEP,1,0.000000,odom,1.416875,0.000000,0.000000,0.000000,-0.016253,0.500,5.000,1,1
1762884613.155517,STEP,1,0.000000,odom,1.416875,0.000000,0.000000,0.000000,-0.016253,0.500,5.000,1,1
1762884613.175274,STEP,1,0.000000,odom,1.416875,0.000000,0.000000,0.000000,-0.016253,0.500,5.000,1,1
1762884613.195288,STEP,1,0.000000,odom,1.416875,0.000000,0.000000,0.000000,-0.016253,0.500,5.000,1,1
1762884613.215428,STEP,1,0.000000,odom,1.416875,0.000000,0.000000,0.000000,-0.016253,0.500,5.000,1,1
1762884613.235332,STEP,1,0.000000,odom,1.416875,0.000000,0.000000,0.000000,-0.016253,0.500,5.000,1,1
1762884613.255476,STEP,1,0.000000,odom,1.416875,0.000000,0.000000,0.000000,-0.016134,0.500,5.000,1,1
1762884613.275331,STEP,1,0.000000,odom,1.416875,0.000000,0.000000,0.000000,-0.015782,0.500,5.000,1,1
1762884613.295275,STEP,1,0.000000,odom,1.417029,0.002854,0.008010,-0.009728,-0.015458,0.500,5.000,1,1
1762884613.315388,STEP,1,0.000000,odom,1.417029,0.000000,0.000000,0.000000,-0.015458,0.500,5.000,1,1
1762884613.336126,STEP,1,0.000000,odom,1.417029,0.000000,0.000000,0.000000,-0.015458,0.500,5.000,1,1
1762884613.358047,STEP,1,0.000000,odom,1.417029,0.000000,0.000000,0.000000,-0.015458,0.500,5.000,1,1
1762884613.375750,STEP,1,0.000000,odom,1.417029,0.000000,0.000000,0.000000,-0.015458,0.500,5.000,1,1
1762884613.395456,STEP,1,0.000000,odom,1.417029,0.000000,0.000000,0.000000,-0.015458,0.500,5.000,1,1
1762884613.415489,STEP,1,0.000000,odom,1.417029,0.000000,0.000000,0.000000,-0.015458,0.500,5.000,1,1
1762884613.435327,STEP,1,0.000000,odom,1.417029,0.000000,0.000000,0.000000,-0.015129,0.500,5.000,1,1
1762884613.455509,STEP,1,0.000000,odom,1.417174,0.002169,0.005749,-0.007793,-0.014950,0.500,5.000,1,1
1762884613.475293,STEP,1,0.000000,odom,1.417174,0.001519,0.004024,-0.005455,-0.014950,0.500,5.000,1,1
1762884613.495341,STEP,1,0.000000,odom,1.417174,0.000000,0.000000,0.000000,-0.014950,0.500,5.000,1,1
1762884613.516764,STEP,1,0.000000,odom,1.417174,0.000000,0.000000,0.000000,-0.014950,0.500,5.000,1,1
1762884613.535420,STEP,1,0.000000,odom,1.417174,0.000000,0.000000,0.000000,-0.014950,0.500,5.000,1,1
1762884613.555578,STEP,1,0.000000,odom,1.417174,0.000000,0.000000,0.000000,-0.014950,0.500,5.000,1,1
1762884613.576487,STEP,1,0.000000,odom,1.417174,0.000000,0.000000,0.000000,-0.014950,0.500,5.000,1,1
1762884613.595333,STEP,1,0.000000,odom,1.417174,0.000000,0.000000,0.000000,-0.014474,0.500,5.000,1,1
1762884613.615312,STEP,1,0.000000,odom,1.417315,0.002627,0.006390,-0.009765,-0.014305,0.500,5.000,1,1
1762884613.635436,STEP,1,0.000000,odom,1.417315,0.001839,0.004473,-0.006835,-0.014305,0.500,5.000,1,1
1762884613.659276,STEP,1,0.000000,odom,1.417315,0.000000,0.000000,0.000000,-0.014305,0.500,5.000,1,1
1762884613.675414,STEP,1,0.000000,odom,1.417315,0.000000,0.000000,0.000000,-0.014305,0.500,5.000,1,1
1762884613.697090,STEP,1,0.000000,odom,1.417315,0.000000,0.000000,0.000000,-0.014305,0.500,5.000,1,1
1762884613.715359,STEP,1,0.000000,odom,1.417315,0.000000,0.000000,0.000000,-0.014305,0.500,5.000,1,1
1762884613.735448,STEP,1,0.000000,odom,1.417315,0.000000,0.000000,0.000000,-0.014305,0.500,5.000,1,1
1762884613.755331,STEP,1,0.000000,odom,1.417315,0.000000,0.000000,0.000000,-0.014305,0.500,5.000,1,1
1762884613.775207,STEP,1,0.000000,odom,1.417315,0.000000,0.000000,0.000000,-0.013945,0.500,5.000,1,1
1762884613.795386,STEP,1,0.000000,odom,1.417315,0.000000,0.000000,0.000000,-0.013725,0.500,5.000,1,1
1762884613.815338,STEP,1,0.000000,odom,1.417449,0.001990,0.004504,-0.007830,-0.013581,0.500,5.000,1,1
1762884613.835447,STEP,1,0.000000,odom,1.417449,0.000000,0.000000,0.000000,-0.013581,0.500,5.000,1,1
1762884613.855630,STEP,1,0.000000,odom,1.417449,0.000000,0.000000,0.000000,-0.013581,0.500,5.000,1,1
1762884613.875330,STEP,1,0.000000,odom,1.417449,0.000000,0.000000,0.000000,-0.013581,0.500,5.000,1,1
1762884614.935343,STEP,2,-0.500000,odom,1.418192,0.000000,0.000000,0.000000,-0.017307,0.500,5.000,1,1
1762884614.955349,STEP,2,-0.500000,odom,1.418192,0.000000,0.000000,0.000000,-0.017307,0.500,5.000,1,1
1762884614.975343,STEP,2,-0.500000,odom,1.418192,0.000000,0.000000,0.000000,-0.017307,0.500,5.000,1,1
1762884614.995350,STEP,2,-0.500000,odom,1.418192,0.000000,0.000000,0.000000,-0.017307,0.500,5.000,1,1
1762884615.018309,STEP,2,-0.500000,odom,1.418192,0.000000,0.000000,0.000000,-0.018263,0.500,5.000,1,1
1762884615.035726,STEP,2,-0.500000,odom,1.418526,0.004362,0.000955,-0.010503,-0.021967,0.500,5.000,1,1
1762884615.055370,STEP,2,-0.500000,odom,1.418526,0.003053,0.000668,-0.007352,-0.021967,0.500,5.000,1,1
1762884615.075332,STEP,2,-0.500000,odom,1.418526,0.000000,0.000000,0.000000,-0.021967,0.500,5.000,1,1
1762884615.098142,STEP,2,-0.500000,odom,1.418526,0.000000,0.000000,0.000000,-0.021967,0.500,5.000,1,1
1762884615.115386,STEP,2,-0.500000,odom,1.418526,0.000000,0.000000,0.000000,-0.021967,0.500,5.000,1,1
1762884615.135738,STEP,2,-0.500000,odom,1.418526,0.000000,0.000000,0.000000,-0.021967,0.500,5.000,1,1
1762884615.159132,STEP,2,-0.500000,odom,1.418526,0.000000,0.000000,0.000000,-0.021967,0.500,5.000,1,1
1762884615.175681,STEP,2,-0.500000,odom,1.418526,0.000000,0.000000,0.000000,-0.021967,0.500,5.000,1,1
1762884615.195704,STEP,2,-0.500000,odom,1.418526,0.000000,0.000000,0.000000,-0.023475,0.500,5.000,1,1
1762884615.216094,STEP,2,-0.500000,odom,1.418526,0.000000,0.000000,0.000000,-0.025125,0.500,5.000,1,1
1762884615.237956,STEP,2,-0.500000,odom,1.418912,0.006273,0.000642,-0.016312,-0.029033,0.500,5.000,1,1
1762884615.255387,STEP,2,-0.500000,odom,1.418912,0.004391,0.000450,-0.011418,-0.029033,0.500,5.000,1,1
1762884615.275308,STEP,2,-0.500000,odom,1.418912,0.000000,0.000000,0.000000,-0.029033,0.500,5.000,1,1
1762884615.295459,STEP,2,-0.500000,odom,1.418912,0.000000,0.000000,0.000000,-0.029033,0.500,5.000,1,1
1762884615.315396,STEP,2,-0.500000,odom,1.418912,0.000000,0.000000,0.000000,-0.029033,0.500,5.000,1,1
1762884615.337032,STEP,2,-0.500000,odom,1.418912,0.000000,0.000000,0.000000,-0.029033,0.500,5.000,1,1
1762884615.355393,STEP,2,-0.500000,odom,1.418912,0.000000,0.000000,0.000000,-0.029033,0.500,5.000,1,1
1762884615.375621,STEP,2,-0.500000,odom,1.418912,0.000000,0.000000,0.000000,-0.029033,0.500,5.000,1,1
1762884615.395325,STEP,2,-0.500000,odom,1.418912,0.000000,0.000000,0.000000,-0.036159,0.500,5.000,1,1
1762884615.415483,STEP,2,-0.500000,odom,1.419314,0.006922,0.000166,-0.021742,-0.038908,0.500,5.000,1,1
1762884615.435544,STEP,2,-0.500000,odom,1.419314,0.004845,0.000116,-0.015219,-0.038908,0.500,5.000,1,1
1762884615.456145,STEP,2,-0.500000,odom,1.419314,0.000000,0.000000,0.000000,-0.038908,0.500,5.000,1,1
1762884615.477873,STEP,2,-0.500000,odom,1.419314,0.000000,0.000000,0.000000,-0.038908,0.500,5.000,1,1
1762884615.497298,STEP,2,-0.500000,odom,1.419314,0.000000,0.000000,0.000000,-0.038908,0.500,5.000,1,1
1762884615.515311,STEP,2,-0.500000,odom,1.419314,0.000000,0.000000,0.000000,-0.038908,0.500,5.000,1,1
1762884615.535450,STEP,2,-0.500000,odom,1.419314,0.000000,0.000000,0.000000,-0.038908,0.500,5.000,1,1
1762884615.555783,STEP,2,-0.500000,odom,1.419314,0.000000,0.000000,0.000000,-0.038908,0.500,5.000,1,1
1762884615.575769,STEP,2,-0.500000,odom,1.419314,0.000000,0.000000,0.000000,-0.038908,0.500,5.000,1,1
1762884615.595622,STEP,2,-0.500000,odom,1.419314,0.000000,0.000000,0.000000,-0.048038,0.500,5.000,1,1
1762884615.618629,STEP,2,-0.500000,odom,1.419706,0.007347,-0.000292,-0.028988,-0.051373,0.500,5.000,1,1
1762884615.635504,STEP,2,-0.500000,odom,1.419706,0.000000,0.000000,0.000000,-0.051373,0.500,5.000,1,1
1762884615.655530,STEP,2,-0.500000,odom,1.419706,0.000000,0.000000,0.000000,-0.051373,0.500,5.000,1,1
1762884615.676742,STEP,2,-0.500000,odom,1.419706,0.000000,0.000000,0.000000,-0.051373,0.500,5.000,1,1
1762884615.695323,STEP,2,-0.500000,odom,1.419706,0.000000,0.000000,0.000000,-0.051373,0.500,5.000,1,1
1762884615.715348,STEP,2,-0.500000,odom,1.419706,0.000000,0.000000,0.000000,-0.051373,0.500,5.000,1,1
1762884615.735384,STEP,2,-0.500000,odom,1.419706,0.000000,0.000000,0.000000,-0.051373,0.500,5.000,1,1
1762884615.755479,STEP,2,-0.500000,odom,1.419706,0.000000,0.000000,0.000000,-0.051373,0.500,5.000,1,1
1762884615.776507,STEP,2,-0.500000,odom,1.419706,0.000000,0.000000,0.000000,-0.058434,0.500,5.000,1,1
1762884615.795281,STEP,2,-0.500000,odom,1.419706,0.000000,0.000000,0.000000,-0.070212,0.500,5.000,1,1
1762884615.815426,STEP,2,-0.500000,odom,1.420068,0.019191,-0.001825,-0.094860,-0.070212,0.500,5.000,1,1
1762884615.835404,STEP,2,-0.500000,odom,1.420068,0.000000,0.000000,0.000000,-0.070212,0.500,5.000,1,1
1762884615.855372,STEP,2,-0.500000,odom,1.420068,0.000000,0.000000,0.000000,-0.070212,0.500,5.000,1,1
1762884615.875260,STEP,2,-0.500000,odom,1.420068,0.000000,0.000000,0.000000,-0.070212,0.500,5.000,1,1
1762884615.895291,STEP,2,-0.500000,odom,1.420068,0.000000,0.000000,0.000000,-0.070212,0.500,5.000,1,1
1762884615.915649,STEP,2,-0.500000,odom,1.420068,0.000000,0.000000,0.000000,-0.070212,0.500,5.000,1,1
1762884615.935343,STEP,2,-0.500000,odom,1.420068,0.000000,0.000000,0.000000,-0.074389,0.500,5.000,1,1
1762884615.955366,STEP,2,-0.500000,odom,1.420068,0.000000,0.000000,0.000000,-0.087673,0.500,5.000,1,1
1762884615.975303,STEP,2,-0.500000,odom,1.420387,0.013240,-0.001911,-0.080624,-0.087673,0.500,5.000,1,1
1762884615.995352,STEP,2,-0.500000,odom,1.420387,0.000000,0.000000,0.000000,-0.087673,0.500,5.000,1,1
1762884616.015344,STEP,2,-0.500000,odom,1.420387,0.000000,0.000000,0.000000,-0.087673,0.500,5.000,1,1
1762884616.035501,STEP,2,-0.500000,odom,1.420387,0.000000,0.000000,0.000000,-0.087673,0.500,5.000,1,1
1762884616.055286,STEP,2,-0.500000,odom,1.420387,0.000000,0.000000,0.000000,-0.087673,0.500,5.000,1,1
1762884616.075310,STEP,2,-0.500000,odom,1.420387,0.000000,0.000000,0.000000,-0.087673,0.500,5.000,1,1
1762884616.095316,STEP,2,-0.500000,odom,1.420387,0.000000,0.000000,0.000000,-0.087673,0.500,5.000,1,1
1762884616.115495,STEP,2,-0.500000,odom,1.420387,0.000000,0.000000,0.000000,-0.097134,0.500,5.000,1,1
1762884616.135272,STEP,2,-0.500000,odom,1.420387,0.000000,0.000000,0.000000,-0.106909,0.500,5.000,1,1
1762884616.155329,STEP,2,-0.500000,odom,1.420653,0.020444,-0.003862,-0.149953,-0.106909,0.500,5.000,1,1
1762884616.175375,STEP,2,-0.500000,odom,1.420653,0.000000,0.000000,0.000000,-0.106909,0.500,5.000,1,1
1762884616.195594,STEP,2,-0.500000,odom,1.420653,0.000000,0.000000,0.000000,-0.106909,0.500,5.000,1,1
1762884616.215324,STEP,2,-0.500000,odom,1.420653,0.000000,0.000000,0.000000,-0.106909,0.500,5.000,1,1
1762884616.235873,STEP,2,-0.500000,odom,1.420653,0.000000,0.000000,0.000000,-0.106909,0.500,5.000,1,1
1762884616.255335,STEP,2,-0.500000,odom,1.420653,0.000000,0.000000,0.000000,-0.106909,0.500,5.000,1,1
1762884616.275183,STEP,2,-0.500000,odom,1.420653,0.000000,0.000000,0.000000,-0.116971,0.500,5.000,1,1
1762884616.295286,STEP,2,-0.500000,odom,1.420653,0.000000,0.000000,0.000000,-0.127368,0.500,5.000,1,1
1762884616.315334,STEP,2,-0.500000,odom,1.420653,0.000000,0.000000,0.000000,-0.127368,0.500,5.000,1,1
1762884616.335300,STEP,2,-0.500000,odom,1.420653,0.000000,0.000000,0.000000,-0.127368,0.500,5.000,1,1
1762884616.355896,STEP,2,-0.500000,odom,1.420653,0.000000,0.000000,0.000000,-0.127368,0.500,5.000,1,1
1762884616.375307,STEP,2,-0.500000,odom,1.420653,0.000000,0.000000,0.000000,-0.127368,0.500,5.000,1,1
1762884616.395365,STEP,2,-0.500000,odom,1.420653,0.000000,0.000000,0.000000,-0.127368,0.500,5.000,1,1
1762884616.415431,STEP,2,-0.500000,odom,1.420653,0.000000,0.000000,0.000000,-0.127368,0.500,5.000,1,1
1762884616.435456,STEP,2,-0.500000,odom,1.420653,0.000000,0.000000,0.000000,-0.127368,0.500,5.000,1,1
1762884616.455579,STEP,2,-0.500000,odom,1.420864,0.010528,-0.002413,-0.090545,-0.143406,0.500,5.000,1,1
1762884616.475302,STEP,2,-0.500000,odom,1.420864,0.007370,-0.001689,-0.063382,-0.148834,0.500,5.000,1,1
1762884616.495268,STEP,2,-0.500000,odom,1.420864,0.000000,0.000000,0.000000,-0.148834,0.500,5.000,1,1
1762884616.515670,STEP,2,-0.500000,odom,1.420864,0.000000,0.000000,0.000000,-0.148834,0.500,5.000,1,1
1762884616.535316,STEP,2,-0.500000,odom,1.420864,0.000000,0.000000,0.000000,-0.148834,0.500,5.000,1,1
1762884616.555325,STEP,2,-0.500000,odom,1.420864,0.000000,0.000000,0.000000,-0.148834,0.500,5.000,1,1
1762884616.575298,STEP,2,-0.500000,odom,1.420864,0.000000,0.000000,0.000000,-0.148834,0.500,5.000,1,1
1762884616.595290,STEP,2,-0.500000,odom,1.420864,0.000000,0.000000,0.000000,-0.148834,0.500,5.000,1,1
1762884616.615473,STEP,2,-0.500000,odom,1.420864,0.000000,0.000000,0.000000,-0.148834,0.500,5.000,1,1
1762884616.635390,STEP,2,-0.500000,odom,1.421023,0.014411,-0.003846,-0.142362,-0.165221,0.500,5.000,1,1
1762884616.655384,STEP,2,-0.500000,odom,1.421023,0.010088,-0.002692,-0.099653,-0.170745,0.500,5.000,1,1
1762884616.677071,STEP,2,-0.500000,odom,1.421023,0.007062,-0.001884,-0.069757,-0.170745,0.500,5.000,1,1
1762884616.695331,STEP,2,-0.500000,odom,1.421023,0.000000,0.000000,0.000000,-0.170745,0.500,5.000,1,1
1762884616.718049,STEP,2,-0.500000,odom,1.421023,0.000000,0.000000,0.000000,-0.170745,0.500,5.000,1,1
1762884616.737261,STEP,2,-0.500000,odom,1.421023,0.000000,0.000000,0.000000,-0.170745,0.500,5.000,1,1
1762884616.755340,STEP,2,-0.500000,odom,1.421023,0.000000,0.000000,0.000000,-0.170745,0.500,5.000,1,1
1762884616.775321,STEP,2,-0.500000,odom,1.421023,0.000000,0.000000,0.000000,-0.170745,0.500,5.000,1,1
1762884616.795453,STEP,2,-0.500000,odom,1.421023,0.000000,0.000000,0.000000,-0.187342,0.500,5.000,1,1
1762884616.815329,STEP,2,-0.500000,odom,1.421127,0.007307,-0.002221,-0.082181,-0.198418,0.500,5.000,1,1
1762884616.835332,STEP,2,-0.500000,odom,1.421127,0.005115,-0.001555,-0.057527,-0.198418,0.500,5.000,1,1
1762884616.855339,STEP,2,-0.500000,odom,1.421127,0.000000,0.000000,0.000000,-0.198418,0.500,5.000,1,1
1762884616.875447,STEP,2,-0.500000,odom,1.421127,0.000000,0.000000,0.000000,-0.198418,0.500,5.000,1,1
1762884616.895869,STEP,2,-0.500000,odom,1.421127,0.000000,0.000000,0.000000,-0.198418,0.500,5.000,1,1
1762884616.915404,STEP,2,-0.500000,odom,1.421127,0.000000,0.000000,0.000000,-0.198418,0.500,5.000,1,1
1762884616.935340,STEP,2,-0.500000,odom,1.421127,0.000000,0.000000,0.000000,-0.198418,0.500,5.000,1,1
1762884616.955456,STEP,2,-0.500000,odom,1.421127,0.000000,0.000000,0.000000,-0.198418,0.500,5.000,1,1
1762884616.975331,STEP,2,-0.500000,odom,1.421184,0.014762,-0.005035,-0.186305,-0.215028,0.500,5.000,1,1
1762884616.997917,STEP,2,-0.500000,odom,1.421184,0.010333,-0.003524,-0.130413,-0.220479,0.500,5.000,1,1
1762884617.015436,STEP,2,-0.500000,odom,1.421184,0.000000,0.000000,0.000000,-0.220479,0.500,5.000,1,1
1762884617.035371,STEP,2,-0.500000,odom,1.421184,0.000000,0.000000,0.000000,-0.220479,0.500,5.000,1,1
1762884617.055341,STEP,2,-0.500000,odom,1.421184,0.000000,0.000000,0.000000,-0.220479,0.500,5.000,1,1
1762884617.075205,STEP,2,-0.500000,odom,1.421184,0.000000,0.000000,0.000000,-0.220479,0.500,5.000,1,1
1762884617.095356,STEP,2,-0.500000,odom,1.421184,0.000000,0.000000,0.000000,-0.220479,0.500,5.000,1,1
1762884617.116004,STEP,2,-0.500000,odom,1.421184,0.000000,0.000000,0.000000,-0.220479,0.500,5.000,1,1
1762884617.135359,STEP,2,-0.500000,odom,1.421184,0.000000,0.000000,0.000000,-0.225896,0.500,5.000,1,1
1762884617.155259,STEP,2,-0.500000,odom,1.421198,0.008829,-0.003362,-0.124687,-0.236727,0.500,5.000,1,1
1762884617.176562,STEP,2,-0.500000,odom,1.421198,0.006180,-0.002354,-0.087281,-0.236727,0.500,5.000,1,1
1762884617.196046,STEP,2,-0.500000,odom,1.421198,0.000000,0.000000,0.000000,-0.236727,0.500,5.000,1,1
1762884617.216588,STEP,2,-0.500000,odom,1.421198,0.000000,0.000000,0.000000,-0.236727,0.500,5.000,1,1
1762884617.235302,STEP,2,-0.500000,odom,1.421198,0.000000,0.000000,0.000000,-0.236727,0.500,5.000,1,1
1762884617.255316,STEP,2,-0.500000,odom,1.421198,0.000000,0.000000,0.000000,-0.236727,0.500,5.000,1,1
1762884617.275337,STEP,2,-0.500000,odom,1.421198,0.000000,0.000000,0.000000,-0.236727,0.500,5.000,1,1
1762884617.295273,STEP,2,-0.500000,odom,1.421198,0.000000,0.000000,0.000000,-0.247327,0.500,5.000,1,1
1762884617.315376,STEP,2,-0.500000,odom,1.421198,0.000000,0.000000,0.000000,-0.257899,0.500,5.000,1,1
1762884617.335470,STEP,2,-0.500000,odom,1.421173,0.008696,-0.003705,-0.137166,-0.263066,0.500,5.000,1,1
1762884617.355377,STEP,2,-0.500000,odom,1.421173,0.000000,0.000000,0.000000,-0.263066,0.500,5.000,1,1
1762884617.375321,STEP,2,-0.500000,odom,1.421173,0.000000,0.000000,0.000000,-0.263066,0.500,5.000,1,1
1762884617.398153,STEP,2,-0.500000,odom,1.421173,0.000000,0.000000,0.000000,-0.263066,0.500,5.000,1,1
1762884617.415417,STEP,2,-0.500000,odom,1.421173,0.000000,0.000000,0.000000,-0.263066,0.500,5.000,1,1
1762884617.435704,STEP,2,-0.500000,odom,1.421173,0.000000,0.000000,0.000000,-0.263066,0.500,5.000,1,1
1762884617.455316,STEP,2,-0.500000,odom,1.421173,0.000000,0.000000,0.000000,-0.263066,0.500,5.000,1,1
1762884617.475457,STEP,2,-0.500000,odom,1.421173,0.000000,0.000000,0.000000,-0.278299,0.500,5.000,1,1
1762884617.495337,STEP,2,-0.500000,odom,1.421117,0.010621,-0.005046,-0.186355,-0.283217,0.500,5.000,1,1
1762884617.515534,STEP,2,-0.500000,odom,1.421117,0.000000,0.000000,0.000000,-0.283217,0.500,5.000,1,1
1762884617.535484,STEP,2,-0.500000,odom,1.421117,0.000000,0.000000,0.000000,-0.283217,0.500,5.000,1,1
1762884617.555300,STEP,2,-0.500000,odom,1.421117,0.000000,0.000000,0.000000,-0.283217,0.500,5.000,1,1
1762884617.575334,STEP,2,-0.500000,odom,1.421117,0.000000,0.000000,0.000000,-0.283217,0.500,5.000,1,1
1762884617.595322,STEP,2,-0.500000,odom,1.421117,0.000000,0.000000,0.000000,-0.283217,0.500,5.000,1,1
1762884617.615463,STEP,2,-0.500000,odom,1.421117,0.000000,0.000000,0.000000,-0.283217,0.500,5.000,1,1
1762884617.635617,STEP,2,-0.500000,odom,1.421117,0.000000,0.000000,0.000000,-0.292994,0.500,5.000,1,1
1762884617.655283,STEP,2,-0.500000,odom,1.421117,0.000000,0.000000,0.000000,-0.302589,0.500,5.000,1,1
1762884617.675511,STEP,2,-0.500000,odom,1.421040,0.013800,-0.007285,-0.267225,-0.302589,0.500,5.000,1,1
1762884617.696192,STEP,2,-0.500000,odom,1.421040,0.000000,0.000000,0.000000,-0.302589,0.500,5.000,1,1
1762884617.715257,STEP,2,-0.500000,odom,1.421040,0.000000,0.000000,0.000000,-0.302589,0.500,5.000,1,1
1762884617.735354,STEP,2,-0.500000,odom,1.421040,0.000000,0.000000,0.000000,-0.302589,0.500,5.000,1,1
1762884617.755301,STEP,2,-0.500000,odom,1.421040,0.000000,0.000000,0.000000,-0.302589,0.500,5.000,1,1
1762884617.775326,STEP,2,-0.500000,odom,1.421040,0.000000,0.000000,0.000000,-0.302589,0.500,5.000,1,1
1762884617.795421,STEP,2,-0.500000,odom,1.421040,0.000000,0.000000,0.000000,-0.302589,0.500,5.000,1,1
1762884617.815316,STEP,2,-0.500000,odom,1.421040,0.000000,0.000000,0.000000,-0.307219,0.500,5.000,1,1
1762884617.835395,STEP,2,-0.500000,odom,1.421040,0.000000,0.000000,0.000000,-0.320837,0.500,5.000,1,1
1762884617.855524,STEP,2,-0.500000,odom,1.420948,0.013323,-0.007829,-0.284782,-0.320837,0.500,5.000,1,1
1762884617.876394,STEP,2,-0.500000,odom,1.420948,0.000000,0.000000,0.000000,-0.320837,0.500,5.000,1,1
1762884617.895321,STEP,2,-0.500000,odom,1.420948,0.000000,0.000000,0.000000,-0.320837,0.500,5.000,1,1
1762884617.915547,STEP,2,-0.500000,odom,1.420948,0.000000,0.000000,0.000000,-0.320837,0.500,5.000,1,1
1762884617.936064,STEP,2,-0.500000,odom,1.420948,0.000000,0.000000,0.000000,-0.320837,0.500,5.000,1,1
1762884617.955313,STEP,2,-0.500000,odom,1.420948,0.000000,0.000000,0.000000,-0.320837,0.500,5.000,1,1
1762884617.975278,STEP,2,-0.500000,odom,1.420948,0.000000,0.000000,0.000000,-0.325217,0.500,5.000,1,1
1762884617.996045,STEP,2,-0.500000,odom,1.420948,0.000000,0.000000,0.000000,-0.337830,0.500,5.000,1,1
1762884618.015527,STEP,2,-0.500000,odom,1.420841,0.009517,-0.006280,-0.225818,-0.341900,0.500,5.000,1,1
1762884618.035410,STEP,2,-0.500000,odom,1.420841,0.000000,0.000000,0.000000,-0.341900,0.500,5.000,1,1
1762884618.055354,STEP,2,-0.500000,odom,1.420841,0.000000,0.000000,0.000000,-0.341900,0.500,5.000,1,1
1762884618.075612,STEP,2,-0.500000,odom,1.420841,0.000000,0.000000,0.000000,-0.341900,0.500,5.000,1,1
1762884618.095765,STEP,2,-0.500000,odom,1.420841,0.000000,0.000000,0.000000,-0.341900,0.500,5.000,1,1
1762884618.115390,STEP,2,-0.500000,odom,1.420841,0.000000,0.000000,0.000000,-0.341900,0.500,5.000,1,1
1762884618.136053,STEP,2,-0.500000,odom,1.420841,0.000000,0.000000,0.000000,-0.341900,0.500,5.000,1,1
1762884618.155142,STEP,2,-0.500000,odom,1.420841,0.000000,0.000000,0.000000,-0.345934,0.500,5.000,1,1
1762884618.175140,STEP,2,-0.500000,odom,1.420841,0.000000,0.000000,0.000000,-0.353758,0.500,5.000,1,1
1762884618.195272,STEP,2,-0.500000,odom,1.420726,0.009033,-0.006694,-0.237103,-0.353758,0.500,5.000,1,1
1762884618.215819,STEP,2,-0.500000,odom,1.420726,0.000000,0.000000,0.000000,-0.353758,0.500,5.000,1,1
1762884618.237087,STEP,2,-0.500000,odom,1.420726,0.000000,0.000000,0.000000,-0.353758,0.500,5.000,1,1
1762884618.256105,STEP,2,-0.500000,odom,1.420726,0.000000,0.000000,0.000000,-0.353758,0.500,5.000,1,1
1762884618.275400,STEP,2,-0.500000,odom,1.420726,0.000000,0.000000,0.000000,-0.353758,0.500,5.000,1,1
1762884618.295370,STEP,2,-0.500000,odom,1.420726,0.000000,0.000000,0.000000,-0.353758,0.500,5.000,1,1
1762884618.315424,STEP,2,-0.500000,odom,1.420726,0.000000,0.000000,0.000000,-0.353758,0.500,5.000,1,1
1762884618.335269,STEP,2,-0.500000,odom,1.420726,0.000000,0.000000,0.000000,-0.364798,0.500,5.000,1,1
1762884618.355282,STEP,2,-0.500000,odom,1.420726,0.000000,0.000000,0.000000,-0.368399,0.500,5.000,1,1
1762884618.375617,STEP,2,-0.500000,odom,1.420726,0.000000,0.000000,0.000000,-0.368399,0.500,5.000,1,1
1762884618.395427,STEP,2,-0.500000,odom,1.420726,0.000000,0.000000,0.000000,-0.368399,0.500,5.000,1,1
1762884618.416097,STEP,2,-0.500000,odom,1.420726,0.000000,0.000000,0.000000,-0.368399,0.500,5.000,1,1
1762884618.435335,STEP,2,-0.500000,odom,1.420726,0.000000,0.000000,0.000000,-0.368399,0.500,5.000,1,1
1762884618.456257,STEP,2,-0.500000,odom,1.420726,0.000000,0.000000,0.000000,-0.368399,0.500,5.000,1,1
1762884618.475390,STEP,2,-0.500000,odom,1.420726,0.000000,0.000000,0.000000,-0.368399,0.500,5.000,1,1
1762884618.495400,STEP,2,-0.500000,odom,1.420726,0.000000,0.000000,0.000000,-0.375342,0.500,5.000,1,1
1762884618.515403,STEP,2,-0.500000,odom,1.420609,0.006862,-0.005688,-0.197965,-0.382205,0.500,5.000,1,1
1762884618.535340,STEP,2,-0.500000,odom,1.420609,0.004803,-0.003981,-0.138575,-0.382205,0.500,5.000,1,1
1762884618.555445,STEP,2,-0.500000,odom,1.420609,0.000000,0.000000,0.000000,-0.382205,0.500,5.000,1,1
1762884618.575457,STEP,2,-0.500000,odom,1.420609,0.000000,0.000000,0.000000,-0.382205,0.500,5.000,1,1
1762884618.596581,STEP,2,-0.500000,odom,1.420609,0.000000,0.000000,0.000000,-0.382205,0.500,5.000,1,1
1762884618.615508,STEP,2,-0.500000,odom,1.420609,0.000000,0.000000,0.000000,-0.382205,0.500,5.000,1,1
1762884618.635327,STEP,2,-0.500000,odom,1.420609,0.000000,0.000000,0.000000,-0.382205,0.500,5.000,1,1
1762884618.655372,STEP,2,-0.500000,odom,1.420609,0.000000,0.000000,0.000000,-0.382205,0.500,5.000,1,1
1762884618.675664,STEP,2,-0.500000,odom,1.420609,0.000000,0.000000,0.000000,-0.382205,0.500,5.000,1,1
1762884618.695317,STEP,2,-0.500000,odom,1.420490,0.016137,-0.015054,-0.513849,-0.391858,0.500,5.000,1,1
1762884618.716344,STEP,2,-0.500000,odom,1.420490,0.011296,-0.010538,-0.359695,-0.397939,0.500,5.000,1,1
1762884618.735653,STEP,2,-0.500000,odom,1.420490,0.007907,-0.007377,-0.251786,-0.397939,0.500,5.000,1,1
1762884618.755300,STEP,2,-0.500000,odom,1.420490,0.000000,0.000000,0.000000,-0.397939,0.500,5.000,1,1
1762884618.775696,STEP,2,-0.500000,odom,1.420490,0.000000,0.000000,0.000000,-0.397939,0.500,5.000,1,1
1762884618.797667,STEP,2,-0.500000,odom,1.420490,0.000000,0.000000,0.000000,-0.397939,0.500,5.000,1,1
1762884618.815318,STEP,2,-0.500000,odom,1.420490,0.000000,0.000000,0.000000,-0.397939,0.500,5.000,1,1
1762884618.835847,STEP,2,-0.500000,odom,1.420490,0.000000,0.000000,0.000000,-0.397939,0.500,5.000,1,1
1762884618.855824,STEP,2,-0.500000,odom,1.420490,0.000000,0.000000,0.000000,-0.397939,0.500,5.000,1,1
1762884618.875346,STEP,2,-0.500000,odom,1.420368,0.010065,-0.010588,-0.354060,-0.403832,0.500,5.000,1,1
1762884618.895369,STEP,2,-0.500000,odom,1.420368,0.007046,-0.007412,-0.247842,-0.409524,0.500,5.000,1,1
1762884618.915472,STEP,2,-0.500000,odom,1.420368,0.004932,-0.005188,-0.173489,-0.409524,0.500,5.000,1,1
1762884618.936118,STEP,2,-0.500000,odom,1.420368,0.000000,0.000000,0.000000,-0.409524,0.500,5.000,1,1
1762884618.955514,STEP,2,-0.500000,odom,1.420368,0.000000,0.000000,0.000000,-0.409524,0.500,5.000,1,1
1762884618.977397,STEP,2,-0.500000,odom,1.420368,0.000000,0.000000,0.000000,-0.409524,0.500,5.000,1,1
1762884618.995320,STEP,2,-0.500000,odom,1.420368,0.000000,0.000000,0.000000,-0.409524,0.500,5.000,1,1
1762884619.015433,STEP,2,-0.500000,odom,1.420368,0.000000,0.000000,0.000000,-0.409524,0.500,5.000,1,1
1762884619.035386,STEP,2,-0.500000,odom,1.420368,0.000000,0.000000,0.000000,-0.412243,0.500,5.000,1,1
1762884619.058553,STEP,2,-0.500000,odom,1.420247,0.007034,-0.008378,-0.273374,-0.420165,0.500,5.000,1,1
1762884619.075553,STEP,2,-0.500000,odom,1.420247,0.004924,-0.005865,-0.191362,-0.420165,0.500,5.000,1,1
1762884619.095447,STEP,2,-0.500000,odom,1.420247,0.000000,0.000000,0.000000,-0.420165,0.500,5.000,1,1
1762884619.115317,STEP,2,-0.500000,odom,1.420247,0.000000,0.000000,0.000000,-0.420165,0.500,5.000,1,1
1762884619.136062,STEP,2,-0.500000,odom,1.420247,0.000000,0.000000,0.000000,-0.420165,0.500,5.000,1,1
1762884619.158566,STEP,2,-0.500000,odom,1.420247,0.000000,0.000000,0.000000,-0.420165,0.500,5.000,1,1
1762884619.175321,STEP,2,-0.500000,odom,1.420247,0.000000,0.000000,0.000000,-0.420165,0.500,5.000,1,1
1762884619.195556,STEP,2,-0.500000,odom,1.420247,0.000000,0.000000,0.000000,-0.420165,0.500,5.000,1,1
1762884619.215389,STEP,2,-0.500000,odom,1.420247,0.000000,0.000000,0.000000,-0.427601,0.500,5.000,1,1
1762884619.235336,STEP,2,-0.500000,odom,1.420128,0.005270,-0.007043,-0.224392,-0.432218,0.500,5.000,1,1
1762884619.255536,STEP,2,-0.500000,odom,1.420128,0.000000,0.000000,0.000000,-0.432218,0.500,5.000,1,1
1762884619.279336,STEP,2,-0.500000,odom,1.420128,0.000000,0.000000,0.000000,-0.432218,0.500,5.000,1,1
1762884619.295447,STEP,2,-0.500000,odom,1.420128,0.000000,0.000000,0.000000,-0.432218,0.500,5.000,1,1
1762884619.316250,STEP,2,-0.500000,odom,1.420128,0.000000,0.000000,0.000000,-0.432218,0.500,5.000,1,1
1762884619.335362,STEP,2,-0.500000,odom,1.420128,0.000000,0.000000,0.000000,-0.432218,0.500,5.000,1,1
1762884619.355310,STEP,2,-0.500000,odom,1.420128,0.000000,0.000000,0.000000,-0.432218,0.500,5.000,1,1
1762884619.375422,STEP,2,-0.500000,odom,1.420128,0.000000,0.000000,0.000000,-0.432218,0.500,5.000,1,1
1762884619.395348,STEP,2,-0.500000,odom,1.420128,0.000000,0.000000,0.000000,-0.436718,0.500,5.000,1,1
1762884619.415362,STEP,2,-0.500000,odom,1.420014,0.006192,-0.009225,-0.286927,-0.438951,0.500,5.000,1,1
1762884619.435411,STEP,2,-0.500000,odom,1.420014,0.004335,-0.006458,-0.200849,-0.438951,0.500,5.000,1,1
1762884619.455408,STEP,2,-0.500000,odom,1.420014,0.000000,0.000000,0.000000,-0.438951,0.500,5.000,1,1
1762884619.475301,STEP,2,-0.500000,odom,1.420014,0.000000,0.000000,0.000000,-0.438951,0.500,5.000,1,1
1762884619.495335,STEP,2,-0.500000,odom,1.420014,0.000000,0.000000,0.000000,-0.438951,0.500,5.000,1,1
1762884619.515382,STEP,2,-0.500000,odom,1.420014,0.000000,0.000000,0.000000,-0.438951,0.500,5.000,1,1
1762884619.535480,STEP,2,-0.500000,odom,1.420014,0.000000,0.000000,0.000000,-0.438951,0.500,5.000,1,1
1762884619.555508,STEP,2,-0.500000,odom,1.420014,0.000000,0.000000,0.000000,-0.441128,0.500,5.000,1,1
1762884619.575406,STEP,2,-0.500000,odom,1.419906,0.004678,-0.007728,-0.234213,-0.447365,0.500,5.000,1,1
1762884619.595452,STEP,2,-0.500000,odom,1.419906,0.003275,-0.005410,-0.163949,-0.447365,0.500,5.000,1,1
1762884619.615597,STEP,2,-0.500000,odom,1.419906,0.000000,0.000000,0.000000,-0.447365,0.500,5.000,1,1
1762884619.635333,STEP,2,-0.500000,odom,1.419906,0.000000,0.000000,0.000000,-0.447365,0.500,5.000,1,1
1762884619.655321,STEP,2,-0.500000,odom,1.419906,0.000000,0.000000,0.000000,-0.447365,0.500,5.000,1,1
1762884619.675493,STEP,2,-0.500000,odom,1.419906,0.000000,0.000000,0.000000,-0.447365,0.500,5.000,1,1
1762884619.695310,STEP,2,-0.500000,odom,1.419906,0.000000,0.000000,0.000000,-0.447365,0.500,5.000,1,1
1762884619.715313,STEP,2,-0.500000,odom,1.419906,0.000000,0.000000,0.000000,-0.447365,0.500,5.000,1,1
1762884619.735341,STEP,2,-0.500000,odom,1.419906,0.000000,0.000000,0.000000,-0.449366,0.500,5.000,1,1
1762884619.755203,STEP,2,-0.500000,odom,1.419906,0.000000,0.000000,0.000000,-0.455119,0.500,5.000,1,1
1762884619.775578,STEP,2,-0.500000,odom,1.419805,0.004419,-0.008068,-0.238454,-0.456916,0.500,5.000,1,1
1762884619.795312,STEP,2,-0.500000,odom,1.419805,0.000000,0.000000,0.000000,-0.456916,0.500,5.000,1,1
1762884619.815311,STEP,2,-0.500000,odom,1.419805,0.000000,0.000000,0.000000,-0.456916,0.500,5.000,1,1
1762884619.835676,STEP,2,-0.500000,odom,1.419805,0.000000,0.000000,0.000000,-0.456916,0.500,5.000,1,1
1762884619.855300,STEP,2,-0.500000,odom,1.419805,0.000000,0.000000,0.000000,-0.456916,0.500,5.000,1,1
1762884619.875314,STEP,2,-0.500000,odom,1.419805,0.000000,0.000000,0.000000,-0.456916,0.500,5.000,1,1
1762884619.896857,STEP,2,-0.500000,odom,1.419805,0.000000,0.000000,0.000000,-0.456916,0.500,5.000,1,1
1762884619.917302,STEP,2,-0.500000,odom,1.419805,0.000000,0.000000,0.000000,-0.458702,0.500,5.000,1,1
1762884619.935358,STEP,2,-0.500000,odom,1.419805,0.000000,0.000000,0.000000,-0.463863,0.500,5.000,1,1
1762884619.955344,STEP,2,-0.500000,odom,1.419708,0.010358,-0.020998,-0.605713,-0.463863,0.500,5.000,1,1
1762884619.976106,STEP,2,-0.500000,odom,1.419708,0.000000,0.000000,0.000000,-0.463863,0.500,5.000,1,1
1762884619.996112,STEP,2,-0.500000,odom,1.419708,0.000000,0.000000,0.000000,-0.463863,0.500,5.000,1,1
1762884620.017720,STEP,2,-0.500000,odom,1.419708,0.000000,0.000000,0.000000,-0.463863,0.500,5.000,1,1
1762884620.035348,STEP,2,-0.500000,odom,1.419708,0.000000,0.000000,0.000000,-0.463863,0.500,5.000,1,1
1762884620.055479,STEP,2,-0.500000,odom,1.419708,0.000000,0.000000,0.000000,-0.463863,0.500,5.000,1,1
1762884620.076365,STEP,2,-0.500000,odom,1.419708,0.000000,0.000000,0.000000,-0.463863,0.500,5.000,1,1
1762884620.095254,STEP,2,-0.500000,odom,1.419708,0.000000,0.000000,0.000000,-0.467081,0.500,5.000,1,1
1762884620.115345,STEP,2,-0.500000,odom,1.419614,0.003879,-0.008724,-0.245761,-0.468666,0.500,5.000,1,1
1762884620.135299,STEP,2,-0.500000,odom,1.419614,0.002715,-0.006107,-0.172033,-0.468666,0.500,5.000,1,1
1762884620.158084,STEP,2,-0.500000,odom,1.419614,0.000000,0.000000,0.000000,-0.468666,0.500,5.000,1,1
1762884620.175393,STEP,2,-0.500000,odom,1.419614,0.000000,0.000000,0.000000,-0.468666,0.500,5.000,1,1
1762884620.195310,STEP,2,-0.500000,odom,1.419614,0.000000,0.000000,0.000000,-0.468666,0.500,5.000,1,1
1762884620.215377,STEP,2,-0.500000,odom,1.419614,0.000000,0.000000,0.000000,-0.468666,0.500,5.000,1,1
1762884620.235342,STEP,2,-0.500000,odom,1.419614,0.000000,0.000000,0.000000,-0.468666,0.500,5.000,1,1
1762884620.255284,STEP,2,-0.500000,odom,1.419614,0.000000,0.000000,0.000000,-0.471593,0.500,5.000,1,1
1762884620.275187,STEP,2,-0.500000,odom,1.419614,0.000000,0.000000,0.000000,-0.474486,0.500,5.000,1,1
1762884620.295608,STEP,2,-0.500000,odom,1.419523,0.004552,-0.011314,-0.311150,-0.477247,0.500,5.000,1,1
1762884620.315343,STEP,2,-0.500000,odom,1.419523,0.000000,0.000000,0.000000,-0.477247,0.500,5.000,1,1
1762884620.337104,STEP,2,-0.500000,odom,1.419523,0.000000,0.000000,0.000000,-0.477247,0.500,5.000,1,1
1762884620.355266,STEP,2,-0.500000,odom,1.419523,0.000000,0.000000,0.000000,-0.477247,0.500,5.000,1,1
1762884620.375352,STEP,2,-0.500000,odom,1.419523,0.000000,0.000000,0.000000,-0.477247,0.500,5.000,1,1
1762884620.395349,STEP,2,-0.500000,odom,1.419523,0.000000,0.000000,0.000000,-0.477247,0.500,5.000,1,1
1762884620.415367,STEP,2,-0.500000,odom,1.419523,0.000000,0.000000,0.000000,-0.477247,0.500,5.000,1,1
1762884620.436668,STEP,2,-0.500000,odom,1.419523,0.000000,0.000000,0.000000,-0.478538,0.500,5.000,1,1
1762884620.455503,STEP,2,-0.500000,odom,1.419523,0.000000,0.000000,0.000000,-0.481070,0.500,5.000,1,1
1762884620.475366,STEP,2,-0.500000,odom,1.419523,0.000000,0.000000,0.000000,-0.481070,0.500,5.000,1,1
1762884620.495259,STEP,2,-0.500000,odom,1.419523,0.000000,0.000000,0.000000,-0.481070,0.500,5.000,1,1
1762884620.515328,STEP,2,-0.500000,odom,1.419523,0.000000,0.000000,0.000000,-0.481070,0.500,5.000,1,1
1762884620.535217,STEP,2,-0.500000,odom,1.419523,0.000000,0.000000,0.000000,-0.481070,0.500,5.000,1,1
1762884620.555342,STEP,2,-0.500000,odom,1.419523,0.000000,0.000000,0.000000,-0.481070,0.500,5.000,1,1
1762884620.576061,STEP,2,-0.500000,odom,1.419523,0.000000,0.000000,0.000000,-0.481070,0.500,5.000,1,1
1762884620.595701,STEP,2,-0.500000,odom,1.419523,0.000000,0.000000,0.000000,-0.481070,0.500,5.000,1,1
1762884620.616148,STEP,2,-0.500000,odom,1.419439,0.017289,-0.046813,-1.258906,-0.482263,0.500,5.000,1,1
1762884620.635335,STEP,2,-0.500000,odom,1.419439,0.012103,-0.032769,-0.881234,-0.484638,0.500,5.000,1,1
1762884620.655453,STEP,2,-0.500000,odom,1.419439,0.008472,-0.022939,-0.616864,-0.485775,0.500,5.000,1,1
1762884620.675369,STEP,2,-0.500000,odom,1.419439,0.000000,0.000000,0.000000,-0.485775,0.500,5.000,1,1
1762884620.695394,STEP,2,-0.500000,odom,1.419439,0.000000,0.000000,0.000000,-0.485775,0.500,5.000,1,1
1762884620.715295,STEP,2,-0.500000,odom,1.419439,0.000000,0.000000,0.000000,-0.485775,0.500,5.000,1,1
1762884620.735381,STEP,2,-0.500000,odom,1.419439,0.000000,0.000000,0.000000,-0.485775,0.500,5.000,1,1
1762884620.756167,STEP,2,-0.500000,odom,1.419439,0.000000,0.000000,0.000000,-0.485775,0.500,5.000,1,1
1762884620.775554,STEP,2,-0.500000,odom,1.419439,0.000000,0.000000,0.000000,-0.485775,0.500,5.000,1,1
1762884620.795446,STEP,2,-0.500000,odom,1.419439,0.000000,0.000000,0.000000,-0.485775,0.500,5.000,1,1
1762884620.815140,STEP,2,-0.500000,odom,1.419439,0.000000,0.000000,0.000000,-0.486922,0.500,5.000,1,1
1762884620.835777,STEP,2,-0.500000,odom,1.419359,0.004104,-0.012084,-0.317978,-0.488032,0.500,5.000,1,1
1762884620.855386,STEP,2,-0.500000,odom,1.419359,0.002873,-0.008459,-0.222585,-0.490035,0.500,5.000,1,1
1762884620.877047,STEP,2,-0.500000,odom,1.419359,0.000000,0.000000,0.000000,-0.490035,0.500,5.000,1,1
1762884620.895358,STEP,2,-0.500000,odom,1.419359,0.000000,0.000000,0.000000,-0.490035,0.500,5.000,1,1
1762884620.915337,STEP,2,-0.500000,odom,1.419359,0.000000,0.000000,0.000000,-0.490035,0.500,5.000,1,1
1762884620.935332,STEP,2,-0.500000,odom,1.419359,0.000000,0.000000,0.000000,-0.490035,0.500,5.000,1,1
1762884620.955384,STEP,2,-0.500000,odom,1.419359,0.000000,0.000000,0.000000,-0.490035,0.500,5.000,1,1
1762884620.976292,STEP,2,-0.500000,odom,1.419359,0.000000,0.000000,0.000000,-0.490035,0.500,5.000,1,1
1762884620.995331,STEP,2,-0.500000,odom,1.419359,0.000000,0.000000,0.000000,-0.491948,0.500,5.000,1,1
1762884621.015362,STEP,2,-0.500000,odom,1.419284,0.002618,-0.008315,-0.213967,-0.493736,0.500,5.000,1,1
1762884621.035314,STEP,2,-0.500000,odom,1.419284,0.001833,-0.005821,-0.149777,-0.493736,0.500,5.000,1,1
1762884621.055429,STEP,2,-0.500000,odom,1.419284,0.000000,0.000000,0.000000,-0.493736,0.500,5.000,1,1
1762884621.075307,STEP,2,-0.500000,odom,1.419284,0.000000,0.000000,0.000000,-0.493736,0.500,5.000,1,1
1762884621.096269,STEP,2,-0.500000,odom,1.419284,0.000000,0.000000,0.000000,-0.493736,0.500,5.000,1,1
1762884621.115321,STEP,2,-0.500000,odom,1.419284,0.000000,0.000000,0.000000,-0.493736,0.500,5.000,1,1
1762884621.135561,STEP,2,-0.500000,odom,1.419284,0.000000,0.000000,0.000000,-0.493736,0.500,5.000,1,1
1762884621.155390,STEP,2,-0.500000,odom,1.419284,0.000000,0.000000,0.000000,-0.493736,0.500,5.000,1,1
1762884621.175580,STEP,2,-0.500000,odom,1.419214,0.003779,-0.012854,-0.323652,-0.496425,0.500,5.000,1,1
1762884621.195331,STEP,2,-0.500000,odom,1.419214,0.002645,-0.008998,-0.226557,-0.497221,0.500,5.000,1,1
1762884621.215879,STEP,2,-0.500000,odom,1.419214,0.000000,0.000000,0.000000,-0.497221,0.500,5.000,1,1
1762884621.236035,STEP,2,-0.500000,odom,1.419214,0.000000,0.000000,0.000000,-0.497221,0.500,5.000,1,1
1762884621.255354,STEP,2,-0.500000,odom,1.419214,0.000000,0.000000,0.000000,-0.497221,0.500,5.000,1,1
1762884621.275956,STEP,2,-0.500000,odom,1.419214,0.000000,0.000000,0.000000,-0.497221,0.500,5.000,1,1
1762884621.295808,STEP,2,-0.500000,odom,1.419214,0.000000,0.000000,0.000000,-0.497221,0.500,5.000,1,1
1762884621.315321,STEP,2,-0.500000,odom,1.419214,0.000000,0.000000,0.000000,-0.497221,0.500,5.000,1,1
1762884621.335702,STEP,2,-0.500000,odom,1.419214,0.000000,0.000000,0.000000,-0.498842,0.500,5.000,1,1
1762884621.355342,STEP,2,-0.500000,odom,1.419149,0.003637,-0.013225,-0.326122,-0.500405,0.500,5.000,1,1
1762884621.375301,STEP,2,-0.500000,odom,1.419149,0.002546,-0.009258,-0.228285,-0.500405,0.500,5.000,1,1
1762884621.396140,STEP,2,-0.500000,odom,1.419149,0.000000,0.000000,0.000000,-0.500405,0.500,5.000,1,1
1762884621.416071,STEP,2,-0.500000,odom,1.419149,0.000000,0.000000,0.000000,-0.500405,0.500,5.000,1,1
1762884621.435436,STEP,2,-0.500000,odom,1.419149,0.000000,0.000000,0.000000,-0.500405,0.500,5.000,1,1
1762884621.456918,STEP,2,-0.500000,odom,1.419149,0.000000,0.000000,0.000000,-0.500405,0.500,5.000,1,1
1762884621.475962,STEP,2,-0.500000,odom,1.419149,0.000000,0.000000,0.000000,-0.500405,0.500,5.000,1,1
1762884621.495469,STEP,2,-0.500000,odom,1.419149,0.000000,0.000000,0.000000,-0.501097,0.500,5.000,1,1
1762884621.515332,STEP,2,-0.500000,odom,1.419088,0.002803,-0.010882,-0.262710,-0.503205,0.500,5.000,1,1
1762884621.536666,STEP,2,-0.500000,odom,1.419088,0.001962,-0.007617,-0.183897,-0.503864,0.500,5.000,1,1
1762884621.555331,STEP,2,-0.500000,odom,1.419088,0.000000,0.000000,0.000000,-0.503864,0.500,5.000,1,1
1762884621.575405,STEP,2,-0.500000,odom,1.419088,0.000000,0.000000,0.000000,-0.503864,0.500,5.000,1,1
1762884621.595375,STEP,2,-0.500000,odom,1.419088,0.000000,0.000000,0.000000,-0.503864,0.500,5.000,1,1
1762884621.615339,STEP,2,-0.500000,odom,1.419088,0.000000,0.000000,0.000000,-0.503864,0.500,5.000,1,1
1762884621.635643,STEP,2,-0.500000,odom,1.419088,0.000000,0.000000,0.000000,-0.503864,0.500,5.000,1,1
1762884621.656601,STEP,2,-0.500000,odom,1.419088,0.000000,0.000000,0.000000,-0.503864,0.500,5.000,1,1
1762884621.675323,STEP,2,-0.500000,odom,1.419088,0.000000,0.000000,0.000000,-0.503864,0.500,5.000,1,1
1762884621.695442,STEP,2,-0.500000,odom,1.419088,0.000000,0.000000,0.000000,-0.505168,0.500,5.000,1,1
1762884621.715315,STEP,2,-0.500000,odom,1.419030,0.003389,-0.013988,-0.330470,-0.506421,0.500,5.000,1,1
1762884621.735296,STEP,2,-0.500000,odom,1.419030,0.000000,0.000000,0.000000,-0.506421,0.500,5.000,1,1
1762884621.755389,STEP,2,-0.500000,odom,1.419030,0.000000,0.000000,0.000000,-0.506421,0.500,5.000,1,1
1762884621.775333,STEP,2,-0.500000,odom,1.419030,0.000000,0.000000,0.000000,-0.506421,0.500,5.000,1,1
1762884621.798105,STEP,2,-0.500000,odom,1.419030,0.000000,0.000000,0.000000,-0.506421,0.500,5.000,1,1
1762884621.816995,STEP,2,-0.500000,odom,1.419030,0.000000,0.000000,0.000000,-0.506421,0.500,5.000,1,1
1762884621.835392,STEP,2,-0.500000,odom,1.419030,0.000000,0.000000,0.000000,-0.506421,0.500,5.000,1,1
1762884621.855232,STEP,2,-0.500000,odom,1.419030,0.000000,0.000000,0.000000,-0.507726,0.500,5.000,1,1
1762884621.875303,STEP,2,-0.500000,odom,1.418978,0.002650,-0.011496,-0.265905,-0.508420,0.500,5.000,1,1
1762884621.895525,STEP,2,-0.500000,odom,1.418978,0.001855,-0.008047,-0.186134,-0.508420,0.500,5.000,1,1
1762884621.915350,STEP,2,-0.500000,odom,1.418978,0.000000,0.000000,0.000000,-0.508420,0.500,5.000,1,1
1762884621.935291,STEP,2,-0.500000,odom,1.418978,0.000000,0.000000,0.000000,-0.508420,0.500,5.000,1,1
1762884621.956975,STEP,2,-0.500000,odom,1.418978,0.000000,0.000000,0.000000,-0.508420,0.500,5.000,1,1
1762884621.975304,STEP,2,-0.500000,odom,1.418978,0.000000,0.000000,0.000000,-0.508420,0.500,5.000,1,1
1762884621.995343,STEP,2,-0.500000,odom,1.418978,0.000000,0.000000,0.000000,-0.508420,0.500,5.000,1,1
1762884622.015517,STEP,2,-0.500000,odom,1.418978,0.000000,0.000000,0.000000,-0.509617,0.500,5.000,1,1
1762884622.035386,STEP,2,-0.500000,odom,1.418978,0.000000,0.000000,0.000000,-0.510707,0.500,5.000,1,1
1762884622.055391,STEP,2,-0.500000,odom,1.418934,0.004410,-0.019676,-0.445527,-0.510707,0.500,5.000,1,1
1762884622.075374,STEP,2,-0.500000,odom,1.418934,0.000000,0.000000,0.000000,-0.510707,0.500,5.000,1,1
1762884622.097085,STEP,2,-0.500000,odom,1.418934,0.000000,0.000000,0.000000,-0.510707,0.500,5.000,1,1
1762884622.115411,STEP,2,-0.500000,odom,1.418934,0.000000,0.000000,0.000000,-0.510707,0.500,5.000,1,1
1762884622.137045,STEP,2,-0.500000,odom,1.418934,0.000000,0.000000,0.000000,-0.510707,0.500,5.000,1,1
1762884622.155294,STEP,2,-0.500000,odom,1.418934,0.000000,0.000000,0.000000,-0.510707,0.500,5.000,1,1
1762884622.175350,STEP,2,-0.500000,odom,1.418934,0.000000,0.000000,0.000000,-0.510707,0.500,5.000,1,1
1762884622.196480,STEP,2,-0.500000,odom,1.418934,0.000000,0.000000,0.000000,-0.511732,0.500,5.000,1,1
1762884622.218169,STEP,2,-0.500000,odom,1.418934,0.000000,0.000000,0.000000,-0.513261,0.500,5.000,1,1
1762884622.235358,STEP,2,-0.500000,odom,1.418897,0.004387,-0.020204,-0.447683,-0.513261,0.500,5.000,1,1
1762884622.255403,STEP,2,-0.500000,odom,1.418897,0.000000,0.000000,0.000000,-0.513261,0.500,5.000,1,1
1762884622.278119,STEP,2,-0.500000,odom,1.418897,0.000000,0.000000,0.000000,-0.513261,0.500,5.000,1,1
1762884622.295332,STEP,2,-0.500000,odom,1.418897,0.000000,0.000000,0.000000,-0.513261,0.500,5.000,1,1
1762884622.315340,STEP,2,-0.500000,odom,1.418897,0.000000,0.000000,0.000000,-0.513261,0.500,5.000,1,1
1762884622.335298,STEP,2,-0.500000,odom,1.418897,0.000000,0.000000,0.000000,-0.513261,0.500,5.000,1,1
1762884622.355560,STEP,2,-0.500000,odom,1.418897,0.000000,0.000000,0.000000,-0.513261,0.500,5.000,1,1
1762884622.375368,STEP,2,-0.500000,odom,1.418897,0.000000,0.000000,0.000000,-0.514233,0.500,5.000,1,1
1762884622.395319,STEP,2,-0.500000,odom,1.418867,0.002621,-0.012445,-0.269798,-0.514686,0.500,5.000,1,1
1762884622.415341,STEP,2,-0.500000,odom,1.418867,0.000000,0.000000,0.000000,-0.514686,0.500,5.000,1,1
1762884622.436874,STEP,2,-0.500000,odom,1.418867,0.000000,0.000000,0.000000,-0.514686,0.500,5.000,1,1
1762884622.455493,STEP,2,-0.500000,odom,1.418867,0.000000,0.000000,0.000000,-0.514686,0.500,5.000,1,1
1762884622.475325,STEP,2,-0.500000,odom,1.418867,0.000000,0.000000,0.000000,-0.514686,0.500,5.000,1,1
1762884622.495660,STEP,2,-0.500000,odom,1.418867,0.000000,0.000000,0.000000,-0.514686,0.500,5.000,1,1
1762884622.515443,STEP,2,-0.500000,odom,1.418867,0.000000,0.000000,0.000000,-0.514686,0.500,5.000,1,1
1762884622.536202,STEP,2,-0.500000,odom,1.418867,0.000000,0.000000,0.000000,-0.515107,0.500,5.000,1,1
1762884622.555326,STEP,2,-0.500000,odom,1.418867,0.000000,0.000000,0.000000,-0.516395,0.500,5.000,1,1
1762884622.575273,STEP,2,-0.500000,odom,1.418867,0.000000,0.000000,0.000000,-0.516395,0.500,5.000,1,1
1762884622.595431,STEP,2,-0.500000,odom,1.418867,0.000000,0.000000,0.000000,-0.516395,0.500,5.000,1,1
1762884622.615388,STEP,2,-0.500000,odom,1.418867,0.000000,0.000000,0.000000,-0.516395,0.500,5.000,1,1
1762884622.638074,STEP,2,-0.500000,odom,1.418867,0.000000,0.000000,0.000000,-0.516395,0.500,5.000,1,1
1762884622.655411,STEP,2,-0.500000,odom,1.418867,0.000000,0.000000,0.000000,-0.516395,0.500,5.000,1,1
1762884622.675340,STEP,2,-0.500000,odom,1.418867,0.000000,0.000000,0.000000,-0.516395,0.500,5.000,1,1
1762884622.695900,STEP,2,-0.500000,odom,1.418867,0.000000,0.000000,0.000000,-0.517246,0.500,5.000,1,1
1762884622.715181,STEP,2,-0.500000,odom,1.418844,0.003277,-0.015966,-0.338616,-0.518096,0.500,5.000,1,1
1762884622.735396,STEP,2,-0.500000,odom,1.418844,0.002294,-0.011176,-0.237031,-0.518572,0.500,5.000,1,1
1762884622.755656,STEP,2,-0.500000,odom,1.418844,0.000000,0.000000,0.000000,-0.518572,0.500,5.000,1,1
1762884622.775447,STEP,2,-0.500000,odom,1.418844,0.000000,0.000000,0.000000,-0.518572,0.500,5.000,1,1
1762884622.795296,STEP,2,-0.500000,odom,1.418844,0.000000,0.000000,0.000000,-0.518572,0.500,5.000,1,1
1762884622.818123,STEP,2,-0.500000,odom,1.418844,0.000000,0.000000,0.000000,-0.518572,0.500,5.000,1,1
1762884622.835326,STEP,2,-0.500000,odom,1.418844,0.000000,0.000000,0.000000,-0.518572,0.500,5.000,1,1
1762884622.856337,STEP,2,-0.500000,odom,1.418844,0.000000,0.000000,0.000000,-0.518572,0.500,5.000,1,1
1762884622.875445,STEP,2,-0.500000,odom,1.418827,0.006509,-0.032760,-0.679751,-0.518953,0.500,5.000,1,1
1762884622.896345,STEP,2,-0.500000,odom,1.418827,0.004556,-0.022932,-0.475826,-0.520041,0.500,5.000,1,1
1762884622.915313,STEP,2,-0.500000,odom,1.418827,0.003190,-0.016052,-0.333078,-0.520041,0.500,5.000,1,1
1762884622.935756,STEP,2,-0.500000,odom,1.418827,0.000000,0.000000,0.000000,-0.520041,0.500,5.000,1,1
1762884622.955501,STEP,2,-0.500000,odom,1.418827,0.000000,0.000000,0.000000,-0.520041,0.500,5.000,1,1
1762884622.975360,STEP,2,-0.500000,odom,1.418827,0.000000,0.000000,0.000000,-0.520041,0.500,5.000,1,1
1762884622.998130,STEP,2,-0.500000,odom,1.418827,0.000000,0.000000,0.000000,-0.520041,0.500,5.000,1,1
1762884623.015315,STEP,2,-0.500000,odom,1.418827,0.000000,0.000000,0.000000,-0.520041,0.500,5.000,1,1
1762884623.035405,STEP,2,-0.500000,odom,1.418827,0.000000,0.000000,0.000000,-0.520440,0.500,5.000,1,1
1762884623.055289,STEP,2,-0.500000,odom,1.418817,0.002604,-0.013440,-0.272823,-0.521501,0.500,5.000,1,1
1762884623.075319,STEP,2,-0.500000,odom,1.418817,0.001823,-0.009408,-0.190976,-0.521501,0.500,5.000,1,1
1762884623.097162,STEP,2,-0.500000,odom,1.418817,0.000000,0.000000,0.000000,-0.521501,0.500,5.000,1,1
1762884623.117685,STEP,2,-0.500000,odom,1.418817,0.000000,0.000000,0.000000,-0.521501,0.500,5.000,1,1
1762884623.135365,STEP,2,-0.500000,odom,1.418817,0.000000,0.000000,0.000000,-0.521501,0.500,5.000,1,1
1762884623.155157,STEP,2,-0.500000,odom,1.418817,0.000000,0.000000,0.000000,-0.521501,0.500,5.000,1,1
1762884623.175601,STEP,2,-0.500000,odom,1.418817,0.000000,0.000000,0.000000,-0.521501,0.500,5.000,1,1
1762884623.195339,STEP,2,-0.500000,odom,1.418817,0.000000,0.000000,0.000000,-0.521501,0.500,5.000,1,1
1762884623.215354,STEP,2,-0.500000,odom,1.418817,0.000000,0.000000,0.000000,-0.522092,0.500,5.000,1,1
1762884623.235279,STEP,2,-0.500000,odom,1.418808,0.003185,-0.017217,-0.342087,-0.522973,0.500,5.000,1,1
1762884623.255438,STEP,2,-0.500000,odom,1.418808,0.002230,-0.012052,-0.239461,-0.522973,0.500,5.000,1,1
1762884623.276788,STEP,2,-0.500000,odom,1.418808,0.000000,0.000000,0.000000,-0.522973,0.500,5.000,1,1
1762884623.295341,STEP,2,-0.500000,odom,1.418808,0.000000,0.000000,0.000000,-0.522973,0.500,5.000,1,1
1762884623.317064,STEP,2,-0.500000,odom,1.418808,0.000000,0.000000,0.000000,-0.522973,0.500,5.000,1,1
1762884623.335332,STEP,2,-0.500000,odom,1.418808,0.000000,0.000000,0.000000,-0.522973,0.500,5.000,1,1
1762884623.355383,STEP,2,-0.500000,odom,1.418808,0.000000,0.000000,0.000000,-0.522973,0.500,5.000,1,1
1762884623.375317,STEP,2,-0.500000,odom,1.418808,0.000000,0.000000,0.000000,-0.523307,0.500,5.000,1,1
1762884623.395231,STEP,2,-0.500000,odom,1.418801,0.002493,-0.014108,-0.274439,-0.523837,0.500,5.000,1,1
1762884623.417651,STEP,2,-0.500000,odom,1.418801,0.001745,-0.009875,-0.192107,-0.523837,0.500,5.000,1,1
1762884623.435491,STEP,2,-0.500000,odom,1.418801,0.000000,0.000000,0.000000,-0.523837,0.500,5.000,1,1
1762884623.455385,STEP,2,-0.500000,odom,1.418801,0.000000,0.000000,0.000000,-0.523837,0.500,5.000,1,1
1762884623.475348,STEP,2,-0.500000,odom,1.418801,0.000000,0.000000,0.000000,-0.523837,0.500,5.000,1,1
1762884623.495353,STEP,2,-0.500000,odom,1.418801,0.000000,0.000000,0.000000,-0.523837,0.500,5.000,1,1
1762884623.515341,STEP,2,-0.500000,odom,1.418801,0.000000,0.000000,0.000000,-0.523837,0.500,5.000,1,1
1762884623.535476,STEP,2,-0.500000,odom,1.418801,0.000000,0.000000,0.000000,-0.523837,0.500,5.000,1,1
1762884623.555387,STEP,2,-0.500000,odom,1.418801,0.000000,0.000000,0.000000,-0.524049,0.500,5.000,1,1
1762884623.575320,STEP,2,-0.500000,odom,1.418793,0.002004,-0.012036,-0.229290,-0.524651,0.500,5.000,1,1
1762884623.595299,STEP,2,-0.500000,odom,1.418793,0.001403,-0.008425,-0.160503,-0.524651,0.500,5.000,1,1
1762884623.615624,STEP,2,-0.500000,odom,1.418793,0.000000,0.000000,0.000000,-0.524651,0.500,5.000,1,1
1762884623.635633,STEP,2,-0.500000,odom,1.418793,0.000000,0.000000,0.000000,-0.524651,0.500,5.000,1,1
1762884623.655414,STEP,2,-0.500000,odom,1.418793,0.000000,0.000000,0.000000,-0.524651,0.500,5.000,1,1
1762884623.675373,STEP,2,-0.500000,odom,1.418793,0.000000,0.000000,0.000000,-0.524651,0.500,5.000,1,1
1762884623.695525,STEP,2,-0.500000,odom,1.418793,0.000000,0.000000,0.000000,-0.524651,0.500,5.000,1,1
1762884623.715911,STEP,2,-0.500000,odom,1.418793,0.000000,0.000000,0.000000,-0.525079,0.500,5.000,1,1
1762884623.737012,STEP,2,-0.500000,odom,1.418793,0.000000,0.000000,0.000000,-0.525437,0.500,5.000,1,1
1762884623.755517,STEP,2,-0.500000,odom,1.418786,0.002916,-0.018488,-0.344741,-0.525615,0.500,5.000,1,1
1762884623.775419,STEP,2,-0.500000,odom,1.418786,0.000000,0.000000,0.000000,-0.525615,0.500,5.000,1,1
1762884623.795352,STEP,2,-0.500000,odom,1.418786,0.000000,0.000000,0.000000,-0.525615,0.500,5.000,1,1
1762884623.819100,STEP,2,-0.500000,odom,1.418786,0.000000,0.000000,0.000000,-0.525615,0.500,5.000,1,1
1762884623.835424,STEP,2,-0.500000,odom,1.418786,0.000000,0.000000,0.000000,-0.525615,0.500,5.000,1,1
1762884623.855314,STEP,2,-0.500000,odom,1.418786,0.000000,0.000000,0.000000,-0.525615,0.500,5.000,1,1
1762884623.875403,STEP,2,-0.500000,odom,1.418786,0.000000,0.000000,0.000000,-0.525615,0.500,5.000,1,1
1762884623.895322,STEP,2,-0.500000,odom,1.418786,0.000000,0.000000,0.000000,-0.526093,0.500,5.000,1,1
1762884623.915325,STEP,2,-0.500000,odom,1.418779,0.001894,-0.012612,-0.230321,-0.526289,0.500,5.000,1,1
1762884623.935451,STEP,2,-0.500000,odom,1.418779,0.000000,0.000000,0.000000,-0.526289,0.500,5.000,1,1
1762884623.955474,STEP,2,-0.500000,odom,1.418779,0.000000,0.000000,0.000000,-0.526289,0.500,5.000,1,1
1762884623.977108,STEP,2,-0.500000,odom,1.418779,0.000000,0.000000,0.000000,-0.526289,0.500,5.000,1,1
1762884623.995386,STEP,2,-0.500000,odom,1.418779,0.000000,0.000000,0.000000,-0.526289,0.500,5.000,1,1
1762884624.015365,STEP,2,-0.500000,odom,1.418779,0.000000,0.000000,0.000000,-0.526289,0.500,5.000,1,1
1762884624.035486,STEP,2,-0.500000,odom,1.418779,0.000000,0.000000,0.000000,-0.526289,0.500,5.000,1,1
1762884624.055667,STEP,2,-0.500000,odom,1.418779,0.000000,0.000000,0.000000,-0.526289,0.500,5.000,1,1
1762884624.075303,STEP,2,-0.500000,odom,1.418779,0.000000,0.000000,0.000000,-0.526425,0.500,5.000,1,1
1762884624.095327,STEP,2,-0.500000,odom,1.418772,0.002218,-0.015488,-0.276927,-0.526893,0.500,5.000,1,1
1762884624.115678,STEP,2,-0.500000,odom,1.418772,0.001553,-0.010842,-0.193849,-0.526893,0.500,5.000,1,1
1762884624.136194,STEP,2,-0.500000,odom,1.418772,0.000000,0.000000,0.000000,-0.526893,0.500,5.000,1,1
1762884624.156162,STEP,2,-0.500000,odom,1.418772,0.000000,0.000000,0.000000,-0.526893,0.500,5.000,1,1
1762884624.175348,STEP,2,-0.500000,odom,1.418772,0.000000,0.000000,0.000000,-0.526893,0.500,5.000,1,1
1762884624.195482,STEP,2,-0.500000,odom,1.418772,0.000000,0.000000,0.000000,-0.526893,0.500,5.000,1,1
1762884624.215545,STEP,2,-0.500000,odom,1.418772,0.000000,0.000000,0.000000,-0.526893,0.500,5.000,1,1
1762884624.235565,STEP,2,-0.500000,odom,1.418772,0.000000,0.000000,0.000000,-0.526893,0.500,5.000,1,1
1762884624.255238,STEP,2,-0.500000,odom,1.418772,0.000000,0.000000,0.000000,-0.527279,0.500,5.000,1,1
1762884624.275240,STEP,2,-0.500000,odom,1.418772,0.000000,0.000000,0.000000,-0.527536,0.500,5.000,1,1
1762884624.295342,STEP,2,-0.500000,odom,1.418764,0.005426,-0.039624,-0.693571,-0.527536,0.500,5.000,1,1
1762884624.315598,STEP,2,-0.500000,odom,1.418764,0.000000,0.000000,0.000000,-0.527536,0.500,5.000,1,1
1762884624.335721,STEP,2,-0.500000,odom,1.418764,0.000000,0.000000,0.000000,-0.527536,0.500,5.000,1,1
1762884624.355317,STEP,2,-0.500000,odom,1.418764,0.000000,0.000000,0.000000,-0.527536,0.500,5.000,1,1
1762884624.375312,STEP,2,-0.500000,odom,1.418764,0.000000,0.000000,0.000000,-0.527536,0.500,5.000,1,1
1762884624.395339,STEP,2,-0.500000,odom,1.418764,0.000000,0.000000,0.000000,-0.527536,0.500,5.000,1,1
1762884624.415526,STEP,2,-0.500000,odom,1.418764,0.000000,0.000000,0.000000,-0.527722,0.500,5.000,1,1
1762884624.436142,STEP,2,-0.500000,odom,1.418764,0.000000,0.000000,0.000000,-0.527992,0.500,5.000,1,1
1762884624.455648,STEP,2,-0.500000,odom,1.418758,0.010763,-0.081105,-1.389401,-0.527992,0.500,5.000,1,1
1762884624.475478,STEP,2,-0.500000,odom,1.418758,0.000000,0.000000,0.000000,-0.527992,0.500,5.000,1,1
1762884624.495483,STEP,2,-0.500000,odom,1.418758,0.000000,0.000000,0.000000,-0.527992,0.500,5.000,1,1
1762884624.518097,STEP,2,-0.500000,odom,1.418758,0.000000,0.000000,0.000000,-0.527992,0.500,5.000,1,1
1762884624.535784,STEP,2,-0.500000,odom,1.418758,0.000000,0.000000,0.000000,-0.527992,0.500,5.000,1,1
1762884624.555417,STEP,2,-0.500000,odom,1.418758,0.000000,0.000000,0.000000,-0.527992,0.500,5.000,1,1
1762884624.575506,STEP,2,-0.500000,odom,1.418758,0.000000,0.000000,0.000000,-0.527992,0.500,5.000,1,1
1762884624.595299,STEP,2,-0.500000,odom,1.418758,0.000000,0.000000,0.000000,-0.528346,0.500,5.000,1,1
1762884624.615421,STEP,2,-0.500000,odom,1.418758,0.000000,0.000000,0.000000,-0.528452,0.500,5.000,1,1
1762884624.635317,STEP,2,-0.500000,odom,1.418758,0.000000,0.000000,0.000000,-0.528452,0.500,5.000,1,1
1762884624.655326,STEP,2,-0.500000,odom,1.418758,0.000000,0.000000,0.000000,-0.528452,0.500,5.000,1,1
1762884624.675270,STEP,2,-0.500000,odom,1.418758,0.000000,0.000000,0.000000,-0.528452,0.500,5.000,1,1
1762884624.697012,STEP,2,-0.500000,odom,1.418758,0.000000,0.000000,0.000000,-0.528452,0.500,5.000,1,1
1762884624.715345,STEP,2,-0.500000,odom,1.418758,0.000000,0.000000,0.000000,-0.528452,0.500,5.000,1,1
1762884624.735392,STEP,2,-0.500000,odom,1.418758,0.000000,0.000000,0.000000,-0.528452,0.500,5.000,1,1
1762884624.755482,STEP,2,-0.500000,odom,1.418751,0.010607,-0.083054,-1.391575,-0.528733,0.500,5.000,1,1
1762884624.775370,STEP,2,-0.500000,odom,1.418751,0.007425,-0.058138,-0.974102,-0.528869,0.500,5.000,1,1
1762884624.795377,STEP,2,-0.500000,odom,1.418751,0.005198,-0.040696,-0.681872,-0.528869,0.500,5.000,1,1
1762884624.815417,STEP,2,-0.500000,odom,1.418751,0.000000,0.000000,0.000000,-0.528869,0.500,5.000,1,1
1762884624.835364,STEP,2,-0.500000,odom,1.418751,0.000000,0.000000,0.000000,-0.528869,0.500,5.000,1,1
1762884624.856598,STEP,2,-0.500000,odom,1.418751,0.000000,0.000000,0.000000,-0.528869,0.500,5.000,1,1
1762884624.875336,STEP,2,-0.500000,odom,1.418751,0.000000,0.000000,0.000000,-0.528869,0.500,5.000,1,1
1762884624.895286,STEP,2,-0.500000,odom,1.418751,0.000000,0.000000,0.000000,-0.528869,0.500,5.000,1,1
1762884624.915325,STEP,2,-0.500000,odom,1.418751,0.000000,0.000000,0.000000,-0.528980,0.500,5.000,1,1
1762884624.935624,STEP,2,-0.500000,odom,1.418745,0.002101,-0.017009,-0.278717,-0.529258,0.500,5.000,1,1
1762884624.955660,STEP,2,-0.500000,odom,1.418745,0.001471,-0.011906,-0.195102,-0.529519,0.500,5.000,1,1
1762884624.975335,STEP,2,-0.500000,odom,1.418745,0.000000,0.000000,0.000000,-0.529519,0.500,5.000,1,1
1762884624.998070,STEP,2,-0.500000,odom,1.418745,0.000000,0.000000,0.000000,-0.529519,0.500,5.000,1,1
1762884625.015423,STEP,2,-0.500000,odom,1.418745,0.000000,0.000000,0.000000,-0.529519,0.500,5.000,1,1
1762884625.035355,STEP,2,-0.500000,odom,1.418745,0.000000,0.000000,0.000000,-0.529519,0.500,5.000,1,1
1762884625.055404,STEP,2,-0.500000,odom,1.418745,0.000000,0.000000,0.000000,-0.529519,0.500,5.000,1,1
1762884625.075318,STEP,2,-0.500000,odom,1.418745,0.000000,0.000000,0.000000,-0.529519,0.500,5.000,1,1
1762884625.095297,STEP,2,-0.500000,odom,1.418742,0.002679,-0.021775,-0.348865,-0.529778,0.500,5.000,1,1
1762884625.116282,STEP,2,-0.500000,odom,1.418742,0.001875,-0.015243,-0.244206,-0.530123,0.500,5.000,1,1
1762884625.135358,STEP,2,-0.500000,odom,1.418742,0.000000,0.000000,0.000000,-0.530123,0.500,5.000,1,1
1762884625.155839,STEP,2,-0.500000,odom,1.418742,0.000000,0.000000,0.000000,-0.530123,0.500,5.000,1,1
1762884625.175495,STEP,2,-0.500000,odom,1.418742,0.000000,0.000000,0.000000,-0.530123,0.500,5.000,1,1
1762884625.195311,STEP,2,-0.500000,odom,1.418742,0.000000,0.000000,0.000000,-0.530123,0.500,5.000,1,1
1762884625.215399,STEP,2,-0.500000,odom,1.418742,0.000000,0.000000,0.000000,-0.530123,0.500,5.000,1,1
1762884625.235401,STEP,2,-0.500000,odom,1.418742,0.000000,0.000000,0.000000,-0.530123,0.500,5.000,1,1
1762884625.255446,STEP,2,-0.500000,odom,1.418742,0.000000,0.000000,0.000000,-0.530123,0.500,5.000,1,1
1762884625.275333,STEP,2,-0.500000,odom,1.418746,0.003669,-0.029750,-0.465741,-0.530321,0.500,5.000,1,1
1762884625.295448,STEP,2,-0.500000,odom,1.418746,0.002568,-0.020825,-0.326018,-0.530435,0.500,5.000,1,1
1762884625.315339,STEP,2,-0.500000,odom,1.418746,0.000000,0.000000,0.000000,-0.530435,0.500,5.000,1,1
1762884625.339092,STEP,2,-0.500000,odom,1.418746,0.000000,0.000000,0.000000,-0.530435,0.500,5.000,1,1
1762884625.355341,STEP,2,-0.500000,odom,1.418746,0.000000,0.000000,0.000000,-0.530435,0.500,5.000,1,1
1762884625.375319,STEP,2,-0.500000,odom,1.418746,0.000000,0.000000,0.000000,-0.530435,0.500,5.000,1,1
1762884625.395303,STEP,2,-0.500000,odom,1.418746,0.000000,0.000000,0.000000,-0.530435,0.500,5.000,1,1
1762884625.415469,STEP,2,-0.500000,odom,1.418746,0.000000,0.000000,0.000000,-0.530435,0.500,5.000,1,1
1762884625.437280,STEP,2,-0.500000,odom,1.418746,0.000000,0.000000,0.000000,-0.530609,0.500,5.000,1,1
1762884625.455518,STEP,2,-0.500000,odom,1.418754,0.002816,-0.022873,-0.349717,-0.530737,0.500,5.000,1,1
1762884625.475323,STEP,2,-0.500000,odom,1.418754,0.001971,-0.016011,-0.244802,-0.530737,0.500,5.000,1,1
1762884625.495504,STEP,2,-0.500000,odom,1.418754,0.000000,0.000000,0.000000,-0.530737,0.500,5.000,1,1
1762884625.515470,STEP,2,-0.500000,odom,1.418754,0.000000,0.000000,0.000000,-0.530737,0.500,5.000,1,1
1762884625.535377,STEP,2,-0.500000,odom,1.418754,0.000000,0.000000,0.000000,-0.530737,0.500,5.000,1,1
1762884625.555318,STEP,2,-0.500000,odom,1.418754,0.000000,0.000000,0.000000,-0.530737,0.500,5.000,1,1
1762884625.575439,STEP,2,-0.500000,odom,1.418754,0.000000,0.000000,0.000000,-0.530737,0.500,5.000,1,1
1762884625.595447,STEP,2,-0.500000,odom,1.418754,0.000000,0.000000,0.000000,-0.531038,0.500,5.000,1,1
1762884625.615315,STEP,2,-0.500000,odom,1.418770,0.002341,-0.018751,-0.280088,-0.531342,0.500,5.000,1,1
1762884625.635514,STEP,2,-0.500000,odom,1.418770,0.001638,-0.013126,-0.196062,-0.531475,0.500,5.000,1,1
1762884625.655513,STEP,2,-0.500000,odom,1.418770,0.000000,0.000000,0.000000,-0.531475,0.500,5.000,1,1
1762884625.675507,STEP,2,-0.500000,odom,1.418770,0.000000,0.000000,0.000000,-0.531475,0.500,5.000,1,1
1762884625.695444,STEP,2,-0.500000,odom,1.418770,0.000000,0.000000,0.000000,-0.531475,0.500,5.000,1,1
1762884625.716087,STEP,2,-0.500000,odom,1.418770,0.000000,0.000000,0.000000,-0.531475,0.500,5.000,1,1
1762884625.735428,STEP,2,-0.500000,odom,1.418770,0.000000,0.000000,0.000000,-0.531475,0.500,5.000,1,1
1762884625.755362,STEP,2,-0.500000,odom,1.418770,0.000000,0.000000,0.000000,-0.531475,0.500,5.000,1,1
1762884625.775205,STEP,2,-0.500000,odom,1.418770,0.000000,0.000000,0.000000,-0.531577,0.500,5.000,1,1
1762884625.795474,STEP,2,-0.500000,odom,1.418791,0.002395,-0.019212,-0.280383,-0.532017,0.500,5.000,1,1
1762884625.815512,STEP,2,-0.500000,odom,1.418791,0.001677,-0.013448,-0.196268,-0.532017,0.500,5.000,1,1
1762884625.835543,STEP,2,-0.500000,odom,1.418791,0.000000,0.000000,0.000000,-0.532017,0.500,5.000,1,1
1762884625.855338,STEP,2,-0.500000,odom,1.418791,0.000000,0.000000,0.000000,-0.532017,0.500,5.000,1,1
1762884625.875511,STEP,2,-0.500000,odom,1.418791,0.000000,0.000000,0.000000,-0.532017,0.500,5.000,1,1
1762884625.895484,STEP,2,-0.500000,odom,1.418791,0.000000,0.000000,0.000000,-0.532017,0.500,5.000,1,1
1762884625.915435,STEP,2,-0.500000,odom,1.418791,0.000000,0.000000,0.000000,-0.532017,0.500,5.000,1,1
1762884625.935304,STEP,2,-0.500000,odom,1.418791,0.000000,0.000000,0.000000,-0.532157,0.500,5.000,1,1
1762884625.955308,STEP,2,-0.500000,odom,1.418791,0.000000,0.000000,0.000000,-0.532320,0.500,5.000,1,1
1762884625.975422,STEP,2,-0.500000,odom,1.418815,0.003046,-0.024613,-0.350823,-0.532320,0.500,5.000,1,1
1762884625.995367,STEP,2,-0.500000,odom,1.418815,0.000000,0.000000,0.000000,-0.532320,0.500,5.000,1,1
1762884626.015321,STEP,2,-0.500000,odom,1.418815,0.000000,0.000000,0.000000,-0.532320,0.500,5.000,1,1
1762884626.035297,STEP,2,-0.500000,odom,1.418815,0.000000,0.000000,0.000000,-0.532320,0.500,5.000,1,1
1762884626.057124,STEP,2,-0.500000,odom,1.418815,0.000000,0.000000,0.000000,-0.532320,0.500,5.000,1,1
1762884626.075321,STEP,2,-0.500000,odom,1.418815,0.000000,0.000000,0.000000,-0.532320,0.500,5.000,1,1
1762884626.095358,STEP,2,-0.500000,odom,1.418815,0.000000,0.000000,0.000000,-0.532320,0.500,5.000,1,1
1762884626.115328,STEP,2,-0.500000,odom,1.418815,0.000000,0.000000,0.000000,-0.532576,0.500,5.000,1,1
1762884626.136972,STEP,2,-0.500000,odom,1.418845,0.002505,-0.020172,-0.280921,-0.532819,0.500,5.000,1,1
1762884626.155323,STEP,2,-0.500000,odom,1.418845,0.001754,-0.014120,-0.196645,-0.532819,0.500,5.000,1,1
1762884626.175459,STEP,2,-0.500000,odom,1.418845,0.000000,0.000000,0.000000,-0.532819,0.500,5.000,1,1
1762884626.196294,STEP,2,-0.500000,odom,1.418845,0.000000,0.000000,0.000000,-0.532819,0.500,5.000,1,1
1762884626.215287,STEP,2,-0.500000,odom,1.418845,0.000000,0.000000,0.000000,-0.532819,0.500,5.000,1,1
1762884626.235889,STEP,2,-0.500000,odom,1.418845,0.000000,0.000000,0.000000,-0.532819,0.500,5.000,1,1
1762884626.255361,STEP,2,-0.500000,odom,1.418845,0.000000,0.000000,0.000000,-0.532819,0.500,5.000,1,1
1762884626.277286,STEP,2,-0.500000,odom,1.418845,0.000000,0.000000,0.000000,-0.532819,0.500,5.000,1,1
1762884626.295425,STEP,2,-0.500000,odom,1.418845,0.000000,0.000000,0.000000,-0.532934,0.500,5.000,1,1
1762884626.315547,STEP,2,-0.500000,odom,1.418845,0.000000,0.000000,0.000000,-0.533178,0.500,5.000,1,1
1762884626.335575,STEP,2,-0.500000,odom,1.418881,0.004345,-0.034390,-0.468629,-0.533178,0.500,5.000,1,1
1762884626.355343,STEP,2,-0.500000,odom,1.418881,0.000000,0.000000,0.000000,-0.533178,0.500,5.000,1,1
1762884626.375152,STEP,2,-0.500000,odom,1.418881,0.000000,0.000000,0.000000,-0.533178,0.500,5.000,1,1
1762884626.396313,STEP,2,-0.500000,odom,1.418881,0.000000,0.000000,0.000000,-0.533178,0.500,5.000,1,1
1762884626.415324,STEP,2,-0.500000,odom,1.418881,0.000000,0.000000,0.000000,-0.533178,0.500,5.000,1,1
1762884626.435331,STEP,2,-0.500000,odom,1.418881,0.000000,0.000000,0.000000,-0.533178,0.500,5.000,1,1
1762884626.455532,STEP,2,-0.500000,odom,1.418881,0.000000,0.000000,0.000000,-0.533369,0.500,5.000,1,1
1762884626.475142,STEP,2,-0.500000,odom,1.418881,0.000000,0.000000,0.000000,-0.533561,0.500,5.000,1,1
1762884626.495315,STEP,2,-0.500000,odom,1.418923,0.002684,-0.021099,-0.281422,-0.533561,0.500,5.000,1,1
1762884626.515337,STEP,2,-0.500000,odom,1.418923,0.000000,0.000000,0.000000,-0.533561,0.500,5.000,1,1
1762884626.535342,STEP,2,-0.500000,odom,1.418923,0.000000,0.000000,0.000000,-0.533561,0.500,5.000,1,1
1762884626.555385,STEP,2,-0.500000,odom,1.418923,0.000000,0.000000,0.000000,-0.533561,0.500,5.000,1,1
1762884626.576049,STEP,2,-0.500000,odom,1.418923,0.000000,0.000000,0.000000,-0.533561,0.500,5.000,1,1
1762884626.596155,STEP,2,-0.500000,odom,1.418923,0.000000,0.000000,0.000000,-0.533561,0.500,5.000,1,1
1762884626.615564,STEP,2,-0.500000,odom,1.418923,0.000000,0.000000,0.000000,-0.533561,0.500,5.000,1,1
1762884626.635351,STEP,2,-0.500000,odom,1.418923,0.000000,0.000000,0.000000,-0.533726,0.500,5.000,1,1
1762884626.655272,STEP,2,-0.500000,odom,1.418923,0.000000,0.000000,0.000000,-0.533978,0.500,5.000,1,1
1762884626.675469,STEP,2,-0.500000,odom,1.418923,0.000000,0.000000,0.000000,-0.534085,0.500,5.000,1,1
1762884626.696138,STEP,2,-0.500000,odom,1.418923,0.000000,0.000000,0.000000,-0.534085,0.500,5.000,1,1
1762884626.716310,STEP,2,-0.500000,odom,1.418923,0.000000,0.000000,0.000000,-0.534085,0.500,5.000,1,1
1762884626.735502,STEP,2,-0.500000,odom,1.418923,0.000000,0.000000,0.000000,-0.534085,0.500,5.000,1,1
1762884626.755374,STEP,2,-0.500000,odom,1.418923,0.000000,0.000000,0.000000,-0.534085,0.500,5.000,1,1
1762884626.776081,STEP,2,-0.500000,odom,1.418923,0.000000,0.000000,0.000000,-0.534085,0.500,5.000,1,1
1762884626.795987,STEP,2,-0.500000,odom,1.418923,0.000000,0.000000,0.000000,-0.534085,0.500,5.000,1,1
1762884626.815343,STEP,2,-0.500000,odom,1.418923,0.000000,0.000000,0.000000,-0.534085,0.500,5.000,1,1
1762884626.835268,STEP,2,-0.500000,odom,1.418923,0.000000,0.000000,0.000000,-0.534085,0.500,5.000,1,1
1762884626.855511,STEP,2,-0.500000,odom,1.418923,0.000000,0.000000,0.000000,-0.534085,0.500,5.000,1,1
1762884626.875425,STEP,2,-0.500000,odom,1.418970,0.003440,-0.026952,-0.352073,-0.534275,0.500,5.000,1,1
1762884626.895458,STEP,2,-0.500000,odom,1.418970,0.002408,-0.018866,-0.246451,-0.534507,0.500,5.000,1,1
1762884626.915764,STEP,2,-0.500000,odom,1.418970,0.000000,0.000000,0.000000,-0.534507,0.500,5.000,1,1
1762884626.935355,STEP,2,-0.500000,odom,1.418970,0.000000,0.000000,0.000000,-0.534507,0.500,5.000,1,1
1762884626.955370,STEP,2,-0.500000,odom,1.418970,0.000000,0.000000,0.000000,-0.534507,0.500,5.000,1,1
1762884626.976188,STEP,2,-0.500000,odom,1.418970,0.000000,0.000000,0.000000,-0.534507,0.500,5.000,1,1
1762884626.995456,STEP,2,-0.500000,odom,1.418970,0.000000,0.000000,0.000000,-0.534507,0.500,5.000,1,1
1762884627.015306,STEP,2,-0.500000,odom,1.418970,0.000000,0.000000,0.000000,-0.534507,0.500,5.000,1,1
1762884627.035419,STEP,2,-0.500000,odom,1.418970,0.000000,0.000000,0.000000,-0.534653,0.500,5.000,1,1
1762884627.055318,STEP,2,-0.500000,odom,1.419022,0.002829,-0.021994,-0.281890,-0.534932,0.500,5.000,1,1
1762884627.075499,STEP,2,-0.500000,odom,1.419022,0.001981,-0.015396,-0.197323,-0.534932,0.500,5.000,1,1
1762884627.095483,STEP,2,-0.500000,odom,1.419022,0.000000,0.000000,0.000000,-0.534932,0.500,5.000,1,1
1762884627.115548,STEP,2,-0.500000,odom,1.419022,0.000000,0.000000,0.000000,-0.534932,0.500,5.000,1,1
1762884627.135386,STEP,2,-0.500000,odom,1.419022,0.000000,0.000000,0.000000,-0.534932,0.500,5.000,1,1
1762884627.155319,STEP,2,-0.500000,odom,1.419022,0.000000,0.000000,0.000000,-0.534932,0.500,5.000,1,1
1762884627.175315,STEP,2,-0.500000,odom,1.419022,0.000000,0.000000,0.000000,-0.534932,0.500,5.000,1,1
1762884627.195748,STEP,2,-0.500000,odom,1.419022,0.000000,0.000000,0.000000,-0.534932,0.500,5.000,1,1
1762884627.215704,STEP,2,-0.500000,odom,1.419080,0.007232,-0.056079,-0.705260,-0.535132,0.500,5.000,1,1
1762884627.235325,STEP,2,-0.500000,odom,1.419080,0.005063,-0.039255,-0.493682,-0.535504,0.500,5.000,1,1
1762884627.255623,STEP,2,-0.500000,odom,1.419080,0.003544,-0.027478,-0.345577,-0.535504,0.500,5.000,1,1
1762884627.275439,STEP,2,-0.500000,odom,1.419080,0.000000,0.000000,0.000000,-0.535504,0.500,5.000,1,1
1762884627.295182,STEP,2,-0.500000,odom,1.419080,0.000000,0.000000,0.000000,-0.535504,0.500,5.000,1,1
1762884627.315304,STEP,2,-0.500000,odom,1.419080,0.000000,0.000000,0.000000,-0.535504,0.500,5.000,1,1
1762884627.335343,STEP,2,-0.500000,odom,1.419080,0.000000,0.000000,0.000000,-0.535504,0.500,5.000,1,1
1762884627.357786,STEP,2,-0.500000,odom,1.419080,0.000000,0.000000,0.000000,-0.535504,0.500,5.000,1,1
1762884627.375705,STEP,2,-0.500000,odom,1.419080,0.000000,0.000000,0.000000,-0.535504,0.500,5.000,1,1
1762884627.395348,STEP,2,-0.500000,odom,1.419142,0.004892,-0.038091,-0.470520,-0.535714,0.500,5.000,1,1
1762884627.415489,STEP,2,-0.500000,odom,1.419142,0.003425,-0.026664,-0.329364,-0.535788,0.500,5.000,1,1
1762884627.435383,STEP,2,-0.500000,odom,1.419142,0.000000,0.000000,0.000000,-0.535788,0.500,5.000,1,1
1762884627.456506,STEP,2,-0.500000,odom,1.419142,0.000000,0.000000,0.000000,-0.535788,0.500,5.000,1,1
1762884627.475285,STEP,2,-0.500000,odom,1.419142,0.000000,0.000000,0.000000,-0.535788,0.500,5.000,1,1
1762884627.499213,STEP,2,-0.500000,odom,1.419142,0.000000,0.000000,0.000000,-0.535788,0.500,5.000,1,1
1762884627.515518,STEP,2,-0.500000,odom,1.419142,0.000000,0.000000,0.000000,-0.535788,0.500,5.000,1,1
1762884627.535309,STEP,2,-0.500000,odom,1.419142,0.000000,0.000000,0.000000,-0.535788,0.500,5.000,1,1
1762884627.555765,STEP,2,-0.500000,odom,1.419142,0.000000,0.000000,0.000000,-0.536075,0.500,5.000,1,1
1762884627.575350,STEP,2,-0.500000,odom,1.419206,0.002936,-0.023265,-0.282504,-0.536339,0.500,5.000,1,1
1762884627.595324,STEP,2,-0.500000,odom,1.419206,0.002055,-0.016285,-0.197753,-0.536339,0.500,5.000,1,1
1762884627.615415,STEP,2,-0.500000,odom,1.419206,0.000000,0.000000,0.000000,-0.536339,0.500,5.000,1,1
1762884627.635308,STEP,2,-0.500000,odom,1.419206,0.000000,0.000000,0.000000,-0.536339,0.500,5.000,1,1
1762884627.655534,STEP,2,-0.500000,odom,1.419206,0.000000,0.000000,0.000000,-0.536339,0.500,5.000,1,1
1762884627.676056,STEP,2,-0.500000,odom,1.419206,0.000000,0.000000,0.000000,-0.536339,0.500,5.000,1,1
1762884627.695665,STEP,2,-0.500000,odom,1.419206,0.000000,0.000000,0.000000,-0.536339,0.500,5.000,1,1
1762884627.715353,STEP,2,-0.500000,odom,1.419206,0.000000,0.000000,0.000000,-0.536339,0.500,5.000,1,1
1762884627.735815,STEP,2,-0.500000,odom,1.419206,0.000000,0.000000,0.000000,-0.536553,0.500,5.000,1,1
1762884627.757433,STEP,2,-0.500000,odom,1.419271,0.002931,-0.023659,-0.282688,-0.536730,0.500,5.000,1,1
1762884627.775290,STEP,2,-0.500000,odom,1.419271,0.002052,-0.016561,-0.197882,-0.536797,0.500,5.000,1,1
1762884627.795426,STEP,2,-0.500000,odom,1.419271,0.000000,0.000000,0.000000,-0.536797,0.500,5.000,1,1
1762884627.817113,STEP,2,-0.500000,odom,1.419271,0.000000,0.000000,0.000000,-0.536797,0.500,5.000,1,1
1762884627.835326,STEP,2,-0.500000,odom,1.419271,0.000000,0.000000,0.000000,-0.536797,0.500,5.000,1,1
1762884627.855274,STEP,2,-0.500000,odom,1.419271,0.000000,0.000000,0.000000,-0.536797,0.500,5.000,1,1
1762884627.875341,STEP,2,-0.500000,odom,1.419271,0.000000,0.000000,0.000000,-0.536797,0.500,5.000,1,1
1762884627.896730,STEP,2,-0.500000,odom,1.419271,0.000000,0.000000,0.000000,-0.536797,0.500,5.000,1,1
1762884627.916924,STEP,2,-0.500000,odom,1.419271,0.000000,0.000000,0.000000,-0.537088,0.500,5.000,1,1
1762884627.935330,STEP,2,-0.500000,odom,1.419338,0.003697,-0.030068,-0.353559,-0.537164,0.500,5.000,1,1
1762884627.955303,STEP,2,-0.500000,odom,1.419338,0.000000,0.000000,0.000000,-0.537164,0.500,5.000,1,1
1762884627.975326,STEP,2,-0.500000,odom,1.419338,0.000000,0.000000,0.000000,-0.537164,0.500,5.000,1,1
1762884627.995307,STEP,2,-0.500000,odom,1.419338,0.000000,0.000000,0.000000,-0.537164,0.500,5.000,1,1
1762884628.015284,STEP,2,-0.500000,odom,1.419338,0.000000,0.000000,0.000000,-0.537164,0.500,5.000,1,1
1762884628.035518,STEP,2,-0.500000,odom,1.419338,0.000000,0.000000,0.000000,-0.537164,0.500,5.000,1,1
1762884628.055433,STEP,2,-0.500000,odom,1.419338,0.000000,0.000000,0.000000,-0.537164,0.500,5.000,1,1
1762884628.075716,STEP,2,-0.500000,odom,1.419338,0.000000,0.000000,0.000000,-0.537442,0.500,5.000,1,1
1762884628.095339,STEP,2,-0.500000,odom,1.419410,0.003746,-0.030548,-0.353737,-0.537611,0.500,5.000,1,1
1762884628.115384,STEP,2,-0.500000,odom,1.419410,0.002623,-0.021383,-0.247616,-0.537611,0.500,5.000,1,1
1762884628.135410,STEP,2,-0.500000,odom,1.419410,0.000000,0.000000,0.000000,-0.537611,0.500,5.000,1,1
1762884628.155350,STEP,2,-0.500000,odom,1.419410,0.000000,0.000000,0.000000,-0.537611,0.500,5.000,1,1
1762884628.175344,STEP,2,-0.500000,odom,1.419410,0.000000,0.000000,0.000000,-0.537611,0.500,5.000,1,1
1762884628.195988,STEP,2,-0.500000,odom,1.419410,0.000000,0.000000,0.000000,-0.537611,0.500,5.000,1,1
1762884628.215399,STEP,2,-0.500000,odom,1.419410,0.000000,0.000000,0.000000,-0.537611,0.500,5.000,1,1
1762884628.235367,STEP,2,-0.500000,odom,1.419410,0.000000,0.000000,0.000000,-0.537684,0.500,5.000,1,1
1762884628.255449,STEP,2,-0.500000,odom,1.419410,0.000000,0.000000,0.000000,-0.537915,0.500,5.000,1,1
1762884628.275631,STEP,2,-0.500000,odom,1.419481,0.004933,-0.041339,-0.471864,-0.537915,0.500,5.000,1,1
1762884628.296556,STEP,2,-0.500000,odom,1.419481,0.000000,0.000000,0.000000,-0.537915,0.500,5.000,1,1
1762884628.315472,STEP,2,-0.500000,odom,1.419481,0.000000,0.000000,0.000000,-0.537915,0.500,5.000,1,1
1762884628.335318,STEP,2,-0.500000,odom,1.419481,0.000000,0.000000,0.000000,-0.537915,0.500,5.000,1,1
1762884628.356526,STEP,2,-0.500000,odom,1.419481,0.000000,0.000000,0.000000,-0.537915,0.500,5.000,1,1
1762884628.375470,STEP,2,-0.500000,odom,1.419481,0.000000,0.000000,0.000000,-0.537915,0.500,5.000,1,1
1762884628.395575,STEP,2,-0.500000,odom,1.419481,0.000000,0.000000,0.000000,-0.537915,0.500,5.000,1,1
1762884628.415447,STEP,2,-0.500000,odom,1.419481,0.000000,0.000000,0.000000,-0.538120,0.500,5.000,1,1
1762884628.435391,STEP,2,-0.500000,odom,1.419548,0.002869,-0.025158,-0.283235,-0.538305,0.500,5.000,1,1
1762884628.455361,STEP,2,-0.500000,odom,1.419548,0.002008,-0.017611,-0.198265,-0.538305,0.500,5.000,1,1
1762884628.476369,STEP,2,-0.500000,odom,1.419548,0.000000,0.000000,0.000000,-0.538305,0.500,5.000,1,1
1762884628.495308,STEP,2,-0.500000,odom,1.419548,0.000000,0.000000,0.000000,-0.538305,0.500,5.000,1,1
1762884628.515185,STEP,2,-0.500000,odom,1.419548,0.000000,0.000000,0.000000,-0.538305,0.500,5.000,1,1
1762884628.535367,STEP,2,-0.500000,odom,1.419548,0.000000,0.000000,0.000000,-0.538305,0.500,5.000,1,1
1762884628.555557,STEP,2,-0.500000,odom,1.419548,0.000000,0.000000,0.000000,-0.538305,0.500,5.000,1,1
1762884628.575273,STEP,2,-0.500000,odom,1.419548,0.000000,0.000000,0.000000,-0.538363,0.500,5.000,1,1
1762884628.595297,STEP,2,-0.500000,odom,1.419548,0.000000,0.000000,0.000000,-0.538476,0.500,5.000,1,1
1762884628.616111,STEP,2,-0.500000,odom,1.419614,0.004742,-0.042485,-0.472234,-0.538476,0.500,5.000,1,1
1762884628.635998,STEP,2,-0.500000,odom,1.419614,0.000000,0.000000,0.000000,-0.538476,0.500,5.000,1,1
1762884628.656891,STEP,2,-0.500000,odom,1.419614,0.000000,0.000000,0.000000,-0.538476,0.500,5.000,1,1
1762884628.678053,STEP,2,-0.500000,odom,1.419614,0.000000,0.000000,0.000000,-0.538476,0.500,5.000,1,1
1762884628.695337,STEP,2,-0.500000,odom,1.419614,0.000000,0.000000,0.000000,-0.538476,0.500,5.000,1,1
1762884628.715437,STEP,2,-0.500000,odom,1.419614,0.000000,0.000000,0.000000,-0.538476,0.500,5.000,1,1
1762884628.735455,STEP,2,-0.500000,odom,1.419614,0.000000,0.000000,0.000000,-0.538476,0.500,5.000,1,1
1762884628.755311,STEP,2,-0.500000,odom,1.419614,0.000000,0.000000,0.000000,-0.538571,0.500,5.000,1,1
1762884628.775294,STEP,2,-0.500000,odom,1.419614,0.000000,0.000000,0.000000,-0.538659,0.500,5.000,1,1
1762884628.795444,STEP,2,-0.500000,odom,1.419614,0.000000,0.000000,0.000000,-0.538659,0.500,5.000,1,1
1762884628.815740,STEP,2,-0.500000,odom,1.419614,0.000000,0.000000,0.000000,-0.538659,0.500,5.000,1,1
1762884628.835342,STEP,2,-0.500000,odom,1.419614,0.000000,0.000000,0.000000,-0.538659,0.500,5.000,1,1
1762884628.855408,STEP,2,-0.500000,odom,1.419614,0.000000,0.000000,0.000000,-0.538659,0.500,5.000,1,1
1762884628.875409,STEP,2,-0.500000,odom,1.419614,0.000000,0.000000,0.000000,-0.538659,0.500,5.000,1,1
1762884628.895326,STEP,2,-0.500000,odom,1.419614,0.000000,0.000000,0.000000,-0.538659,0.500,5.000,1,1
1762884628.915208,STEP,2,-0.500000,odom,1.419682,0.007151,-0.064528,-0.708562,-0.538765,0.500,5.000,1,1
1762884628.935777,STEP,2,-0.500000,odom,1.419682,0.005006,-0.045170,-0.495994,-0.538786,0.500,5.000,1,1
1762884628.955353,STEP,2,-0.500000,odom,1.419682,0.003504,-0.031619,-0.347196,-0.538786,0.500,5.000,1,1
1762884628.975362,STEP,2,-0.500000,odom,1.419682,0.000000,0.000000,0.000000,-0.538786,0.500,5.000,1,1
1762884628.995266,STEP,2,-0.500000,odom,1.419682,0.000000,0.000000,0.000000,-0.538786,0.500,5.000,1,1
1762884629.016187,STEP,2,-0.500000,odom,1.419682,0.000000,0.000000,0.000000,-0.538786,0.500,5.000,1,1
1762884629.035342,STEP,2,-0.500000,odom,1.419682,0.000000,0.000000,0.000000,-0.538786,0.500,5.000,1,1
1762884629.055356,STEP,2,-0.500000,odom,1.419682,0.000000,0.000000,0.000000,-0.538786,0.500,5.000,1,1
1762884629.075291,STEP,2,-0.500000,odom,1.419682,0.000000,0.000000,0.000000,-0.538811,0.500,5.000,1,1
1762884629.095291,STEP,2,-0.500000,odom,1.419749,0.004707,-0.043508,-0.472488,-0.538897,0.500,5.000,1,1
1762884629.115335,STEP,2,-0.500000,odom,1.419749,0.003295,-0.030456,-0.330742,-0.538974,0.500,5.000,1,1
1762884629.139302,STEP,2,-0.500000,odom,1.419749,0.000000,0.000000,0.000000,-0.538974,0.500,5.000,1,1
1762884629.155272,STEP,2,-0.500000,odom,1.419749,0.000000,0.000000,0.000000,-0.538974,0.500,5.000,1,1
1762884629.175307,STEP,2,-0.500000,odom,1.419749,0.000000,0.000000,0.000000,-0.538974,0.500,5.000,1,1
1762884629.195409,STEP,2,-0.500000,odom,1.419749,0.000000,0.000000,0.000000,-0.538974,0.500,5.000,1,1
1762884629.215524,STEP,2,-0.500000,odom,1.419749,0.000000,0.000000,0.000000,-0.538974,0.500,5.000,1,1
1762884629.235680,STEP,2,-0.500000,odom,1.419749,0.000000,0.000000,0.000000,-0.538974,0.500,5.000,1,1
1762884629.255255,STEP,2,-0.500000,odom,1.419749,0.000000,0.000000,0.000000,-0.539091,0.500,5.000,1,1
1762884629.275516,STEP,2,-0.500000,odom,1.419810,0.002256,-0.021983,-0.236296,-0.539116,0.500,5.000,1,1
1762884629.295277,STEP,2,-0.500000,odom,1.419810,0.001579,-0.015388,-0.165408,-0.539116,0.500,5.000,1,1
1762884629.315372,STEP,2,-0.500000,odom,1.419810,0.000000,0.000000,0.000000,-0.539116,0.500,5.000,1,1
1762884629.335418,STEP,2,-0.500000,odom,1.419810,0.000000,0.000000,0.000000,-0.539116,0.500,5.000,1,1
1762884629.356043,STEP,2,-0.500000,odom,1.419810,0.000000,0.000000,0.000000,-0.539116,0.500,5.000,1,1
1762884629.375466,STEP,2,-0.500000,odom,1.419810,0.000000,0.000000,0.000000,-0.539116,0.500,5.000,1,1
1762884629.395291,STEP,2,-0.500000,odom,1.419810,0.000000,0.000000,0.000000,-0.539116,0.500,5.000,1,1
1762884629.415265,STEP,2,-0.500000,odom,1.419810,0.000000,0.000000,0.000000,-0.539230,0.500,5.000,1,1
1762884629.435502,STEP,2,-0.500000,odom,1.419862,0.003183,-0.033287,-0.354506,-0.539272,0.500,5.000,1,1
1762884629.455333,STEP,2,-0.500000,odom,1.419862,0.002228,-0.023301,-0.248154,-0.539334,0.500,5.000,1,1
1762884629.475277,STEP,2,-0.500000,odom,1.419862,0.000000,0.000000,0.000000,-0.539334,0.500,5.000,1,1
1762884629.495323,STEP,2,-0.500000,odom,1.419862,0.000000,0.000000,0.000000,-0.539334,0.500,5.000,1,1
1762884629.516794,STEP,2,-0.500000,odom,1.419862,0.000000,0.000000,0.000000,-0.539334,0.500,5.000,1,1
1762884629.535427,STEP,2,-0.500000,odom,1.419862,0.000000,0.000000,0.000000,-0.539334,0.500,5.000,1,1
1762884629.555315,STEP,2,-0.500000,odom,1.419862,0.000000,0.000000,0.000000,-0.539334,0.500,5.000,1,1
1762884629.576068,STEP,2,-0.500000,odom,1.419862,0.000000,0.000000,0.000000,-0.539334,0.500,5.000,1,1
1762884629.595286,STEP,2,-0.500000,odom,1.419862,0.000000,0.000000,0.000000,-0.539392,0.500,5.000,1,1
1762884629.615591,STEP,2,-0.500000,odom,1.419905,0.002400,-0.026860,-0.283639,-0.539569,0.500,5.000,1,1
1762884629.635544,STEP,2,-0.500000,odom,1.419905,0.001680,-0.018802,-0.198548,-0.539618,0.500,5.000,1,1
1762884629.655420,STEP,2,-0.500000,odom,1.419905,0.000000,0.000000,0.000000,-0.539618,0.500,5.000,1,1
1762884629.675661,STEP,2,-0.500000,odom,1.419905,0.000000,0.000000,0.000000,-0.539618,0.500,5.000,1,1
1762884629.695311,STEP,2,-0.500000,odom,1.419905,0.000000,0.000000,0.000000,-0.539618,0.500,5.000,1,1
1762884629.715480,STEP,2,-0.500000,odom,1.419905,0.000000,0.000000,0.000000,-0.539618,0.500,5.000,1,1
1762884629.735299,STEP,2,-0.500000,odom,1.419905,0.000000,0.000000,0.000000,-0.539618,0.500,5.000,1,1
1762884629.755538,STEP,2,-0.500000,odom,1.419905,0.000000,0.000000,0.000000,-0.539618,0.500,5.000,1,1
1762884629.775287,STEP,2,-0.500000,odom,1.419905,0.000000,0.000000,0.000000,-0.539674,0.500,5.000,1,1
1762884629.795301,STEP,2,-0.500000,odom,1.419941,0.002838,-0.033833,-0.354580,-0.539821,0.500,5.000,1,1
1762884629.815729,STEP,2,-0.500000,odom,1.419941,0.001987,-0.023683,-0.248206,-0.539821,0.500,5.000,1,1
1762884629.837619,STEP,2,-0.500000,odom,1.419941,0.000000,0.000000,0.000000,-0.539821,0.500,5.000,1,1
1762884629.855472,STEP,2,-0.500000,odom,1.419941,0.000000,0.000000,0.000000,-0.539821,0.500,5.000,1,1
1762884629.875353,STEP,2,-0.500000,odom,1.419941,0.000000,0.000000,0.000000,-0.539821,0.500,5.000,1,1
1762884629.895307,STEP,2,-0.500000,odom,1.419941,0.000000,0.000000,0.000000,-0.539821,0.500,5.000,1,1
1762884629.915335,STEP,2,-0.500000,odom,1.419941,0.000000,0.000000,0.000000,-0.539821,0.500,5.000,1,1
1762884629.935331,STEP,2,-0.500000,odom,1.419941,0.000000,0.000000,0.000000,-0.539821,0.500,5.000,1,1
1762884629.955461,STEP,2,-0.500000,odom,1.419941,0.000000,0.000000,0.000000,-0.539836,0.500,5.000,1,1
1762884629.975323,STEP,2,-0.500000,odom,1.419974,0.002201,-0.027252,-0.283678,-0.539860,0.500,5.000,1,1
1762884629.995349,STEP,2,-0.500000,odom,1.419974,0.001541,-0.019077,-0.198574,-0.539860,0.500,5.000,1,1
1762884630.015343,STEP,2,-0.500000,odom,1.419974,0.000000,0.000000,0.000000,-0.539860,0.500,5.000,1,1
1762884630.035646,STEP,2,-0.500000,odom,1.419974,0.000000,0.000000,0.000000,-0.539860,0.500,5.000,1,1
1762884630.059073,STEP,2,-0.500000,odom,1.419974,0.000000,0.000000,0.000000,-0.539860,0.500,5.000,1,1
1762884630.075324,STEP,2,-0.500000,odom,1.419974,0.000000,0.000000,0.000000,-0.539860,0.500,5.000,1,1
1762884630.095328,STEP,2,-0.500000,odom,1.419974,0.000000,0.000000,0.000000,-0.539860,0.500,5.000,1,1
1762884630.115211,STEP,2,-0.500000,odom,1.419974,0.000000,0.000000,0.000000,-0.539935,0.500,5.000,1,1
1762884630.135452,STEP,2,-0.500000,odom,1.420001,0.001761,-0.022849,-0.236400,-0.539931,0.500,5.000,1,1
1762884630.155397,STEP,2,-0.500000,odom,1.420001,0.001233,-0.015994,-0.165480,-0.540043,0.500,5.000,1,1
1762884630.175323,STEP,2,-0.500000,odom,1.420001,0.000000,0.000000,0.000000,-0.540043,0.500,5.000,1,1
1762884630.195341,STEP,2,-0.500000,odom,1.420001,0.000000,0.000000,0.000000,-0.540043,0.500,5.000,1,1
1762884630.217801,STEP,2,-0.500000,odom,1.420001,0.000000,0.000000,0.000000,-0.540043,0.500,5.000,1,1
1762884630.235930,STEP,2,-0.500000,odom,1.420001,0.000000,0.000000,0.000000,-0.540043,0.500,5.000,1,1
1762884630.255398,STEP,2,-0.500000,odom,1.420001,0.000000,0.000000,0.000000,-0.540043,0.500,5.000,1,1
1762884630.275565,STEP,2,-0.500000,odom,1.420001,0.000000,0.000000,0.000000,-0.540043,0.500,5.000,1,1
1762884630.295519,STEP,2,-0.500000,odom,1.420001,0.000000,0.000000,0.000000,-0.540108,0.500,5.000,1,1
1762884630.315364,STEP,2,-0.500000,odom,1.420025,0.002044,-0.027557,-0.283670,-0.540134,0.500,5.000,1,1
1762884630.335396,STEP,2,-0.500000,odom,1.420025,0.001431,-0.019290,-0.198569,-0.540134,0.500,5.000,1,1
1762884630.355454,STEP,2,-0.500000,odom,1.420025,0.000000,0.000000,0.000000,-0.540134,0.500,5.000,1,1
1762884630.376250,STEP,2,-0.500000,odom,1.420025,0.000000,0.000000,0.000000,-0.540134,0.500,5.000,1,1
1762884630.395404,STEP,2,-0.500000,odom,1.420025,0.000000,0.000000,0.000000,-0.540134,0.500,5.000,1,1
1762884630.415293,STEP,2,-0.500000,odom,1.420025,0.000000,0.000000,0.000000,-0.540134,0.500,5.000,1,1
1762884630.435328,STEP,2,-0.500000,odom,1.420025,0.000000,0.000000,0.000000,-0.540134,0.500,5.000,1,1
1762884630.455718,STEP,2,-0.500000,odom,1.420025,0.000000,0.000000,0.000000,-0.540134,0.500,5.000,1,1
1762884630.475257,STEP,2,-0.500000,odom,1.420025,0.000000,0.000000,0.000000,-0.540254,0.500,5.000,1,1
1762884630.495512,STEP,2,-0.500000,odom,1.420025,0.000000,0.000000,0.000000,-0.540306,0.500,5.000,1,1
1762884630.515448,STEP,2,-0.500000,odom,1.420044,0.004892,-0.069219,-0.709139,-0.540306,0.500,5.000,1,1
1762884630.535353,STEP,2,-0.500000,odom,1.420044,0.000000,0.000000,0.000000,-0.540306,0.500,5.000,1,1
1762884630.555438,STEP,2,-0.500000,odom,1.420044,0.000000,0.000000,0.000000,-0.540306,0.500,5.000,1,1
1762884630.579040,STEP,2,-0.500000,odom,1.420044,0.000000,0.000000,0.000000,-0.540306,0.500,5.000,1,1
1762884630.595355,STEP,2,-0.500000,odom,1.420044,0.000000,0.000000,0.000000,-0.540306,0.500,5.000,1,1
1762884630.615721,STEP,2,-0.500000,odom,1.420044,0.000000,0.000000,0.000000,-0.540306,0.500,5.000,1,1
1762884630.635467,STEP,2,-0.500000,odom,1.420044,0.000000,0.000000,0.000000,-0.540340,0.500,5.000,1,1
1762884630.655392,STEP,2,-0.500000,odom,1.420044,0.000000,0.000000,0.000000,-0.540494,0.500,5.000,1,1
1762884630.675611,STEP,2,-0.500000,odom,1.420044,0.000000,0.000000,0.000000,-0.540515,0.500,5.000,1,1
1762884630.695510,STEP,2,-0.500000,odom,1.420062,0.009490,-0.138978,-1.418098,-0.540515,0.500,5.000,1,1
1762884630.716690,STEP,2,-0.500000,odom,1.420062,0.000000,0.000000,0.000000,-0.540515,0.500,5.000,1,1
1762884630.735363,STEP,2,-0.500000,odom,1.420062,0.000000,0.000000,0.000000,-0.540515,0.500,5.000,1,1
1762884630.755365,STEP,2,-0.500000,odom,1.420062,0.000000,0.000000,0.000000,-0.540515,0.500,5.000,1,1
1762884630.775286,STEP,2,-0.500000,odom,1.420062,0.000000,0.000000,0.000000,-0.540515,0.500,5.000,1,1
1762884630.795394,STEP,2,-0.500000,odom,1.420062,0.000000,0.000000,0.000000,-0.540515,0.500,5.000,1,1
1762884630.815300,STEP,2,-0.500000,odom,1.420062,0.000000,0.000000,0.000000,-0.540515,0.500,5.000,1,1
1762884630.835498,STEP,2,-0.500000,odom,1.420062,0.000000,0.000000,0.000000,-0.540496,0.500,5.000,1,1
1762884630.855350,STEP,2,-0.500000,odom,1.420062,0.000000,0.000000,0.000000,-0.540510,0.500,5.000,1,1
1762884630.875429,STEP,2,-0.500000,odom,1.420062,0.000000,0.000000,0.000000,-0.540510,0.500,5.000,1,1
1762884630.896226,STEP,2,-0.500000,odom,1.420062,0.000000,0.000000,0.000000,-0.540510,0.500,5.000,1,1
1762884630.915641,STEP,2,-0.500000,odom,1.420062,0.000000,0.000000,0.000000,-0.540510,0.500,5.000,1,1
1762884630.935346,STEP,2,-0.500000,odom,1.420062,0.000000,0.000000,0.000000,-0.540510,0.500,5.000,1,1
1762884630.957083,STEP,2,-0.500000,odom,1.420062,0.000000,0.000000,0.000000,-0.540510,0.500,5.000,1,1
1762884630.975316,STEP,2,-0.500000,odom,1.420062,0.000000,0.000000,0.000000,-0.540510,0.500,5.000,1,1
1762884630.995409,STEP,2,-0.500000,odom,1.420079,0.009387,-0.139523,-1.417901,-0.540505,0.500,5.000,1,1
1762884631.015402,STEP,2,-0.500000,odom,1.420079,0.006571,-0.097666,-0.992531,-0.540484,0.500,5.000,1,1
1762884631.035316,STEP,2,-0.500000,odom,1.420079,0.004599,-0.068366,-0.694772,-0.540484,0.500,5.000,1,1
1762884631.055336,STEP,2,-0.500000,odom,1.420079,0.000000,0.000000,0.000000,-0.540484,0.500,5.000,1,1
1762884631.075600,STEP,2,-0.500000,odom,1.420079,0.000000,0.000000,0.000000,-0.540484,0.500,5.000,1,1
1762884631.096050,STEP,2,-0.500000,odom,1.420079,0.000000,0.000000,0.000000,-0.540484,0.500,5.000,1,1
1762884631.115587,STEP,2,-0.500000,odom,1.420079,0.000000,0.000000,0.000000,-0.540484,0.500,5.000,1,1
1762884631.135538,STEP,2,-0.500000,odom,1.420079,0.000000,0.000000,0.000000,-0.540484,0.500,5.000,1,1
1762884631.155605,STEP,2,-0.500000,odom,1.420079,0.000000,0.000000,0.000000,-0.540470,0.500,5.000,1,1
1762884631.176362,STEP,2,-0.500000,odom,1.420100,0.001909,-0.028002,-0.283517,-0.540341,0.500,5.000,1,1
1762884631.196671,STEP,2,-0.500000,odom,1.420100,0.001336,-0.019601,-0.198462,-0.540270,0.500,5.000,1,1
1762884631.216453,STEP,2,-0.500000,odom,1.420100,0.000000,0.000000,0.000000,-0.540270,0.500,5.000,1,1
1762884631.235342,STEP,2,-0.500000,odom,1.420100,0.000000,0.000000,0.000000,-0.540270,0.500,5.000,1,1
1762884631.255707,STEP,2,-0.500000,odom,1.420100,0.000000,0.000000,0.000000,-0.540270,0.500,5.000,1,1
1762884631.275351,STEP,2,-0.500000,odom,1.420100,0.000000,0.000000,0.000000,-0.540270,0.500,5.000,1,1
1762884631.295302,STEP,2,-0.500000,odom,1.420100,0.000000,0.000000,0.000000,-0.540270,0.500,5.000,1,1
1762884631.315320,STEP,2,-0.500000,odom,1.420100,0.000000,0.000000,0.000000,-0.540270,0.500,5.000,1,1
1762884631.335265,STEP,2,-0.500000,odom,1.420100,0.000000,0.000000,0.000000,-0.540270,0.500,5.000,1,1
1762884631.355492,STEP,2,-0.500000,odom,1.420125,0.002415,-0.035125,-0.354299,-0.540163,0.500,5.000,1,1
1762884631.375288,STEP,2,-0.500000,odom,1.420125,0.001691,-0.024588,-0.248009,-0.540145,0.500,5.000,1,1
1762884631.398336,STEP,2,-0.500000,odom,1.420125,0.000000,0.000000,0.000000,-0.540145,0.500,5.000,1,1
1762884631.415342,STEP,2,-0.500000,odom,1.420125,0.000000,0.000000,0.000000,-0.540145,0.500,5.000,1,1
1762884631.435309,STEP,2,-0.500000,odom,1.420125,0.000000,0.000000,0.000000,-0.540145,0.500,5.000,1,1
1762884631.459457,STEP,2,-0.500000,odom,1.420125,0.000000,0.000000,0.000000,-0.540145,0.500,5.000,1,1
1762884631.475302,STEP,2,-0.500000,odom,1.420125,0.000000,0.000000,0.000000,-0.540145,0.500,5.000,1,1
1762884631.495308,STEP,2,-0.500000,odom,1.420125,0.000000,0.000000,0.000000,-0.540145,0.500,5.000,1,1
1762884631.515726,STEP,2,-0.500000,odom,1.420153,0.003245,-0.047006,-0.472242,-0.540005,0.500,5.000,1,1
1762884631.535348,STEP,2,-0.500000,odom,1.420153,0.002272,-0.032904,-0.330570,-0.539989,0.500,5.000,1,1
1762884631.555397,STEP,2,-0.500000,odom,1.420153,0.000000,0.000000,0.000000,-0.539989,0.500,5.000,1,1
1762884631.578269,STEP,2,-0.500000,odom,1.420153,0.000000,0.000000,0.000000,-0.539989,0.500,5.000,1,1
1762884631.595275,STEP,2,-0.500000,odom,1.420153,0.000000,0.000000,0.000000,-0.539989,0.500,5.000,1,1
1762884631.615340,STEP,2,-0.500000,odom,1.420153,0.000000,0.000000,0.000000,-0.539989,0.500,5.000,1,1
1762884631.635498,STEP,2,-0.500000,odom,1.420153,0.000000,0.000000,0.000000,-0.539989,0.500,5.000,1,1
1762884631.655338,STEP,2,-0.500000,odom,1.420153,0.000000,0.000000,0.000000,-0.539989,0.500,5.000,1,1
1762884631.676915,STEP,2,-0.500000,odom,1.420153,0.000000,0.000000,0.000000,-0.539959,0.500,5.000,1,1
1762884631.695360,STEP,2,-0.500000,odom,1.420181,0.003229,-0.047190,-0.472068,-0.539819,0.500,5.000,1,1
1762884631.715487,STEP,2,-0.500000,odom,1.420181,0.002260,-0.033033,-0.330448,-0.539819,0.500,5.000,1,1
1762884631.735313,STEP,2,-0.500000,odom,1.420181,0.000000,0.000000,0.000000,-0.539819,0.500,5.000,1,1
1762884631.755798,STEP,2,-0.500000,odom,1.420181,0.000000,0.000000,0.000000,-0.539819,0.500,5.000,1,1
1762884631.775616,STEP,2,-0.500000,odom,1.420181,0.000000,0.000000,0.000000,-0.539819,0.500,5.000,1,1
1762884631.796250,STEP,2,-0.500000,odom,1.420181,0.000000,0.000000,0.000000,-0.539819,0.500,5.000,1,1
1762884631.816388,STEP,2,-0.500000,odom,1.420181,0.000000,0.000000,0.000000,-0.539819,0.500,5.000,1,1
1762884631.835644,STEP,2,-0.500000,odom,1.420181,0.000000,0.000000,0.000000,-0.539819,0.500,5.000,1,1
1762884631.855679,STEP,2,-0.500000,odom,1.420181,0.000000,0.000000,0.000000,-0.539819,0.500,5.000,1,1
1762884631.875340,STEP,2,-0.500000,odom,1.420181,0.000000,0.000000,0.000000,-0.539691,0.500,5.000,1,1
1762884631.895413,STEP,2,-0.500000,odom,1.420207,0.001894,-0.028426,-0.283124,-0.539464,0.500,5.000,1,1
1762884631.915354,STEP,2,-0.500000,odom,1.420207,0.001326,-0.019898,-0.198187,-0.539464,0.500,5.000,1,1
1762884631.935667,STEP,2,-0.500000,odom,1.420207,0.000000,0.000000,0.000000,-0.539464,0.500,5.000,1,1
1762884631.955419,STEP,2,-0.500000,odom,1.420207,0.000000,0.000000,0.000000,-0.539464,0.500,5.000,1,1
1762884631.975326,STEP,2,-0.500000,odom,1.420207,0.000000,0.000000,0.000000,-0.539464,0.500,5.000,1,1
1762884631.995345,STEP,2,-0.500000,odom,1.420207,0.000000,0.000000,0.000000,-0.539464,0.500,5.000,1,1
1762884632.015574,STEP,2,-0.500000,odom,1.420207,0.000000,0.000000,0.000000,-0.539464,0.500,5.000,1,1
1762884632.035494,STEP,2,-0.500000,odom,1.420207,0.000000,0.000000,0.000000,-0.539464,0.500,5.000,1,1
1762884632.055447,STEP,2,-0.500000,odom,1.420207,0.000000,0.000000,0.000000,-0.539342,0.500,5.000,1,1
1762884632.075338,STEP,2,-0.500000,odom,1.420227,0.002241,-0.035692,-0.353735,-0.539170,0.500,5.000,1,1
1762884632.095319,STEP,2,-0.500000,odom,1.420227,0.001568,-0.024985,-0.247615,-0.539170,0.500,5.000,1,1
1762884632.118356,STEP,2,-0.500000,odom,1.420227,0.000000,0.000000,0.000000,-0.539170,0.500,5.000,1,1
1762884632.135453,STEP,2,-0.500000,odom,1.420227,0.000000,0.000000,0.000000,-0.539170,0.500,5.000,1,1
1762884632.159326,STEP,2,-0.500000,odom,1.420227,0.000000,0.000000,0.000000,-0.539170,0.500,5.000,1,1
1762884632.175300,STEP,2,-0.500000,odom,1.420227,0.000000,0.000000,0.000000,-0.539170,0.500,5.000,1,1
1762884632.196510,STEP,2,-0.500000,odom,1.420227,0.000000,0.000000,0.000000,-0.539170,0.500,5.000,1,1
1762884632.215285,STEP,2,-0.500000,odom,1.420227,0.000000,0.000000,0.000000,-0.538901,0.500,5.000,1,1
1762884632.235493,STEP,2,-0.500000,odom,1.420238,0.001642,-0.028691,-0.282843,-0.538801,0.500,5.000,1,1
1762884632.255292,STEP,2,-0.500000,odom,1.420238,0.001150,-0.020084,-0.197990,-0.538801,0.500,5.000,1,1
1762884632.276604,STEP,2,-0.500000,odom,1.420238,0.000000,0.000000,0.000000,-0.538801,0.500,5.000,1,1
1762884632.297105,STEP,2,-0.500000,odom,1.420238,0.000000,0.000000,0.000000,-0.538801,0.500,5.000,1,1
1762884632.317115,STEP,2,-0.500000,odom,1.420238,0.000000,0.000000,0.000000,-0.538801,0.500,5.000,1,1
1762884632.335320,STEP,2,-0.500000,odom,1.420238,0.000000,0.000000,0.000000,-0.538801,0.500,5.000,1,1
1762884632.355485,STEP,2,-0.500000,odom,1.420238,0.000000,0.000000,0.000000,-0.538801,0.500,5.000,1,1
1762884632.375260,STEP,2,-0.500000,odom,1.420238,0.000000,0.000000,0.000000,-0.538663,0.500,5.000,1,1
1762884632.395257,STEP,2,-0.500000,odom,1.420238,0.000000,0.000000,0.000000,-0.538332,0.500,5.000,1,1
1762884632.415298,STEP,2,-0.500000,odom,1.420242,0.001893,-0.036043,-0.353367,-0.538332,0.500,5.000,1,1
1762884632.435402,STEP,2,-0.500000,odom,1.420242,0.000000,0.000000,0.000000,-0.538332,0.500,5.000,1,1
1762884632.455366,STEP,2,-0.500000,odom,1.420242,0.000000,0.000000,0.000000,-0.538332,0.500,5.000,1,1
1762884632.475285,STEP,2,-0.500000,odom,1.420242,0.000000,0.000000,0.000000,-0.538332,0.500,5.000,1,1
1762884632.495322,STEP,2,-0.500000,odom,1.420242,0.000000,0.000000,0.000000,-0.538332,0.500,5.000,1,1
1762884632.515487,STEP,2,-0.500000,odom,1.420242,0.000000,0.000000,0.000000,-0.538332,0.500,5.000,1,1
1762884632.535372,STEP,2,-0.500000,odom,1.420242,0.000000,0.000000,0.000000,-0.538332,0.500,5.000,1,1
1762884632.558242,STEP,2,-0.500000,odom,1.420242,0.000000,0.000000,0.000000,-0.538098,0.500,5.000,1,1
1762884632.575563,STEP,2,-0.500000,odom,1.420242,0.000000,0.000000,0.000000,-0.537804,0.500,5.000,1,1
1762884632.595250,STEP,2,-0.500000,odom,1.420239,0.001754,-0.036260,-0.353170,-0.537671,0.500,5.000,1,1
1762884632.615259,STEP,2,-0.500000,odom,1.420239,0.000000,0.000000,0.000000,-0.537671,0.500,5.000,1,1
1762884632.635474,STEP,2,-0.500000,odom,1.420239,0.000000,0.000000,0.000000,-0.537671,0.500,5.000,1,1
1762884632.655318,STEP,2,-0.500000,odom,1.420239,0.000000,0.000000,0.000000,-0.537671,0.500,5.000,1,1
1762884632.675444,STEP,2,-0.500000,odom,1.420239,0.000000,0.000000,0.000000,-0.537671,0.500,5.000,1,1
1762884632.695337,STEP,2,-0.500000,odom,1.420239,0.000000,0.000000,0.000000,-0.537671,0.500,5.000,1,1
1762884632.715421,STEP,2,-0.500000,odom,1.420239,0.000000,0.000000,0.000000,-0.537671,0.500,5.000,1,1
1762884632.738644,STEP,2,-0.500000,odom,1.420239,0.000000,0.000000,0.000000,-0.537453,0.500,5.000,1,1
1762884632.755347,STEP,2,-0.500000,odom,1.420239,0.000000,0.000000,0.000000,-0.537158,0.500,5.000,1,1
1762884632.775333,STEP,2,-0.500000,odom,1.420230,0.006664,-0.146014,-1.411873,-0.537158,0.500,5.000,1,1
1762884632.795772,STEP,2,-0.500000,odom,1.420230,0.000000,0.000000,0.000000,-0.537158,0.500,5.000,1,1
1762884632.815667,STEP,2,-0.500000,odom,1.420230,0.000000,0.000000,0.000000,-0.537158,0.500,5.000,1,1
1762884632.835405,STEP,2,-0.500000,odom,1.420230,0.000000,0.000000,0.000000,-0.537158,0.500,5.000,1,1
1762884632.855520,STEP,2,-0.500000,odom,1.420230,0.000000,0.000000,0.000000,-0.537158,0.500,5.000,1,1
1762884632.875283,STEP,2,-0.500000,odom,1.420230,0.000000,0.000000,0.000000,-0.537158,0.500,5.000,1,1
1762884632.895389,STEP,2,-0.500000,odom,1.420230,0.000000,0.000000,0.000000,-0.537026,0.500,5.000,1,1
1762884632.915410,STEP,2,-0.500000,odom,1.420230,0.000000,0.000000,0.000000,-0.536640,0.500,5.000,1,1
1762884632.935401,STEP,2,-0.500000,odom,1.420230,0.000000,0.000000,0.000000,-0.536640,0.500,5.000,1,1
1762884632.955344,STEP,2,-0.500000,odom,1.420230,0.000000,0.000000,0.000000,-0.536640,0.500,5.000,1,1
1762884632.977115,STEP,2,-0.500000,odom,1.420230,0.000000,0.000000,0.000000,-0.536640,0.500,5.000,1,1
1762884632.995322,STEP,2,-0.500000,odom,1.420230,0.000000,0.000000,0.000000,-0.536640,0.500,5.000,1,1
1762884633.015302,STEP,2,-0.500000,odom,1.420230,0.000000,0.000000,0.000000,-0.536640,0.500,5.000,1,1
1762884633.037866,STEP,2,-0.500000,odom,1.420230,0.000000,0.000000,0.000000,-0.536640,0.500,5.000,1,1
1762884633.055360,STEP,2,-0.500000,odom,1.420230,0.000000,0.000000,0.000000,-0.536640,0.500,5.000,1,1
1762884633.075328,STEP,2,-0.500000,odom,1.420220,0.006543,-0.147085,-1.411050,-0.536367,0.500,5.000,1,1
1762884633.095227,STEP,2,-0.500000,odom,1.420220,0.004580,-0.102960,-0.987735,-0.535901,0.500,5.000,1,1
1762884633.115314,STEP,2,-0.500000,odom,1.420220,0.003206,-0.072072,-0.691414,-0.535901,0.500,5.000,1,1
1762884633.135893,STEP,2,-0.500000,odom,1.420220,0.000000,0.000000,0.000000,-0.535901,0.500,5.000,1,1
1762884633.155307,STEP,2,-0.500000,odom,1.420220,0.000000,0.000000,0.000000,-0.535901,0.500,5.000,1,1
1762884633.176849,STEP,2,-0.500000,odom,1.420220,0.000000,0.000000,0.000000,-0.535901,0.500,5.000,1,1
1762884633.195715,STEP,2,-0.500000,odom,1.420220,0.000000,0.000000,0.000000,-0.535901,0.500,5.000,1,1
1762884633.216179,STEP,2,-0.500000,odom,1.420220,0.000000,0.000000,0.000000,-0.535901,0.500,5.000,1,1
1762884633.235177,STEP,2,-0.500000,odom,1.420220,0.000000,0.000000,0.000000,-0.535747,0.500,5.000,1,1
1762884633.255179,STEP,2,-0.500000,odom,1.420210,0.001663,-0.037080,-0.352565,-0.535267,0.500,5.000,1,1
1762884633.275488,STEP,2,-0.500000,odom,1.420210,0.001164,-0.025956,-0.246796,-0.535267,0.500,5.000,1,1
1762884633.297082,STEP,2,-0.500000,odom,1.420210,0.000000,0.000000,0.000000,-0.535267,0.500,5.000,1,1
1762884633.319124,STEP,2,-0.500000,odom,1.420210,0.000000,0.000000,0.000000,-0.535267,0.500,5.000,1,1
1762884633.335699,STEP,2,-0.500000,odom,1.420210,0.000000,0.000000,0.000000,-0.535267,0.500,5.000,1,1
1762884633.355311,STEP,2,-0.500000,odom,1.420210,0.000000,0.000000,0.000000,-0.535267,0.500,5.000,1,1
1762884633.376436,STEP,2,-0.500000,odom,1.420210,0.000000,0.000000,0.000000,-0.535267,0.500,5.000,1,1
1762884633.395303,STEP,2,-0.500000,odom,1.420210,0.000000,0.000000,0.000000,-0.535267,0.500,5.000,1,1
1762884633.415517,STEP,2,-0.500000,odom,1.420210,0.000000,0.000000,0.000000,-0.535267,0.500,5.000,1,1
1762884633.435562,STEP,2,-0.500000,odom,1.420198,0.002232,-0.049885,-0.469851,-0.534747,0.500,5.000,1,1
1762884633.455291,STEP,2,-0.500000,odom,1.420198,0.001562,-0.034919,-0.328896,-0.534534,0.500,5.000,1,1
1762884633.475358,STEP,2,-0.500000,odom,1.420198,0.000000,0.000000,0.000000,-0.534534,0.500,5.000,1,1
1762884633.495468,STEP,2,-0.500000,odom,1.420198,0.000000,0.000000,0.000000,-0.534534,0.500,5.000,1,1
1762884633.515266,STEP,2,-0.500000,odom,1.420198,0.000000,0.000000,0.000000,-0.534534,0.500,5.000,1,1
1762884633.536724,STEP,2,-0.500000,odom,1.420198,0.000000,0.000000,0.000000,-0.534534,0.500,5.000,1,1
1762884633.555361,STEP,2,-0.500000,odom,1.420198,0.000000,0.000000,0.000000,-0.534534,0.500,5.000,1,1
1762884633.576062,STEP,2,-0.500000,odom,1.420198,0.000000,0.000000,0.000000,-0.534534,0.500,5.000,1,1
1762884633.595453,STEP,2,-0.500000,odom,1.420198,0.000000,0.000000,0.000000,-0.534108,0.500,5.000,1,1
1762884633.615297,STEP,2,-0.500000,odom,1.420184,0.001671,-0.037787,-0.352222,-0.533753,0.500,5.000,1,1
1762884633.635307,STEP,2,-0.500000,odom,1.420184,0.001170,-0.026451,-0.246555,-0.533607,0.500,5.000,1,1
1762884633.655451,STEP,2,-0.500000,odom,1.420184,0.000000,0.000000,0.000000,-0.533607,0.500,5.000,1,1
1762884633.675365,STEP,2,-0.500000,odom,1.420184,0.000000,0.000000,0.000000,-0.533607,0.500,5.000,1,1
1762884633.695364,STEP,2,-0.500000,odom,1.420184,0.000000,0.000000,0.000000,-0.533607,0.500,5.000,1,1
1762884633.716367,STEP,2,-0.500000,odom,1.420184,0.000000,0.000000,0.000000,-0.533607,0.500,5.000,1,1
1762884633.735321,STEP,2,-0.500000,odom,1.420184,0.000000,0.000000,0.000000,-0.533607,0.500,5.000,1,1
1762884633.757414,STEP,2,-0.500000,odom,1.420184,0.000000,0.000000,0.000000,-0.533607,0.500,5.000,1,1
1762884633.775317,STEP,2,-0.500000,odom,1.420184,0.000000,0.000000,0.000000,-0.533607,0.500,5.000,1,1
1762884633.795354,STEP,2,-0.500000,odom,1.420165,0.001306,-0.030552,-0.281664,-0.533214,0.500,5.000,1,1
1762884633.816757,STEP,2,-0.500000,odom,1.420165,0.000914,-0.021386,-0.197165,-0.533028,0.500,5.000,1,1
1762884633.835382,STEP,2,-0.500000,odom,1.420165,0.000000,0.000000,0.000000,-0.533028,0.500,5.000,1,1
1762884633.856546,STEP,2,-0.500000,odom,1.420165,0.000000,0.000000,0.000000,-0.533028,0.500,5.000,1,1
1762884633.875422,STEP,2,-0.500000,odom,1.420165,0.000000,0.000000,0.000000,-0.533028,0.500,5.000,1,1
1762884633.895643,STEP,2,-0.500000,odom,1.420165,0.000000,0.000000,0.000000,-0.533028,0.500,5.000,1,1
1762884634.935454,STEP,3,0.000000,odom,1.420042,0.000000,0.000000,0.000000,-0.525878,0.500,5.000,1,1
1762884634.955722,STEP,3,0.000000,odom,1.420042,0.000000,0.000000,0.000000,-0.524016,0.500,5.000,1,1
1762884634.975479,STEP,3,0.000000,odom,1.420165,0.000443,-0.041241,-0.348281,-0.522999,0.500,5.000,1,1
1762884634.995599,STEP,3,0.000000,odom,1.420165,0.000000,0.000000,0.000000,-0.522999,0.500,5.000,1,1
1762884635.015488,STEP,3,0.000000,odom,1.420165,0.000000,0.000000,0.000000,-0.522999,0.500,5.000,1,1
1762884635.035519,STEP,3,0.000000,odom,1.420165,0.000000,0.000000,0.000000,-0.522999,0.500,5.000,1,1
1762884635.056347,STEP,3,0.000000,odom,1.420165,0.000000,0.000000,0.000000,-0.522999,0.500,5.000,1,1
1762884635.075677,STEP,3,0.000000,odom,1.420165,0.000000,0.000000,0.000000,-0.522999,0.500,5.000,1,1
1762884635.095559,STEP,3,0.000000,odom,1.420165,0.000000,0.000000,0.000000,-0.522999,0.500,5.000,1,1
1762884635.116389,STEP,3,0.000000,odom,1.420165,0.000000,0.000000,0.000000,-0.522999,0.500,5.000,1,1
1762884635.135396,STEP,3,0.000000,odom,1.420165,0.000000,0.000000,0.000000,-0.522999,0.500,5.000,1,1
1762884635.155448,STEP,3,0.000000,odom,1.420165,0.000000,0.000000,0.000000,-0.521812,0.500,5.000,1,1
1762884635.175393,STEP,3,0.000000,odom,1.420165,0.000000,0.000000,0.000000,-0.519174,0.500,5.000,1,1
1762884635.195654,STEP,3,0.000000,odom,1.420165,0.000000,0.000000,0.000000,-0.519174,0.500,5.000,1,1
1762884635.215420,STEP,3,0.000000,odom,1.420165,0.000000,0.000000,0.000000,-0.519174,0.500,5.000,1,1
1762884635.235413,STEP,3,0.000000,odom,1.420165,0.000000,0.000000,0.000000,-0.519174,0.500,5.000,1,1
1762884635.258144,STEP,3,0.000000,odom,1.420165,0.000000,0.000000,0.000000,-0.519174,0.500,5.000,1,1
1762884635.275350,STEP,3,0.000000,odom,1.420165,0.000000,0.000000,0.000000,-0.519174,0.500,5.000,1,1
1762884635.295468,STEP,3,0.000000,odom,1.420165,0.000000,0.000000,0.000000,-0.519174,0.500,5.000,1,1
1762884635.315574,STEP,3,0.000000,odom,1.420165,0.000000,0.000000,0.000000,-0.519174,0.500,5.000,1,1
1762884635.335380,STEP,3,0.000000,odom,1.420165,0.000000,0.000000,0.000000,-0.519174,0.500,5.000,1,1
1762884635.355326,STEP,3,0.000000,odom,1.420165,0.000000,0.000000,0.000000,-0.519174,0.500,5.000,1,1
1762884635.375457,STEP,3,0.000000,odom,1.420165,0.000000,0.000000,0.000000,-0.516073,0.500,5.000,1,1
1762884635.395341,STEP,3,0.000000,odom,1.420357,-0.001869,-0.041867,-0.344783,-0.514295,0.500,5.000,1,1
1762884635.415389,STEP,3,0.000000,odom,1.420357,-0.001308,-0.029307,-0.241348,-0.512364,0.500,5.000,1,1
1762884635.435361,STEP,3,0.000000,odom,1.420357,0.000000,0.000000,0.000000,-0.512364,0.500,5.000,1,1
1762884635.457319,STEP,3,0.000000,odom,1.420357,0.000000,0.000000,0.000000,-0.512364,0.500,5.000,1,1
1762884635.476290,STEP,3,0.000000,odom,1.420357,0.000000,0.000000,0.000000,-0.512364,0.500,5.000,1,1
1762884635.495739,STEP,3,0.000000,odom,1.420357,0.000000,0.000000,0.000000,-0.512364,0.500,5.000,1,1
1762884635.521844,STEP,3,0.000000,odom,1.420357,0.000000,0.000000,0.000000,-0.512364,0.500,5.000,1,1
1762884635.535320,STEP,3,0.000000,odom,1.420357,0.000000,0.000000,0.000000,-0.512364,0.500,5.000,1,1
1762884635.555413,STEP,3,0.000000,odom,1.420357,0.000000,0.000000,0.000000,-0.512364,0.500,5.000,1,1
1762884635.575612,STEP,3,0.000000,odom,1.420357,0.000000,0.000000,0.000000,-0.512364,0.500,5.000,1,1
1762884635.595315,STEP,3,0.000000,odom,1.420589,-0.006451,-0.056657,-0.452442,-0.505602,0.500,5.000,1,1
1762884635.615451,STEP,3,0.000000,odom,1.420589,-0.004516,-0.039660,-0.316709,-0.502978,0.500,5.000,1,1
1762884635.635484,STEP,3,0.000000,odom,1.420589,-0.003161,-0.027762,-0.221697,-0.500208,0.500,5.000,1,1
1762884635.655501,STEP,3,0.000000,odom,1.420589,0.000000,0.000000,0.000000,-0.500208,0.500,5.000,1,1
1762884635.675465,STEP,3,0.000000,odom,1.420589,0.000000,0.000000,0.000000,-0.500208,0.500,5.000,1,1
1762884635.695410,STEP,3,0.000000,odom,1.420589,0.000000,0.000000,0.000000,-0.500208,0.500,5.000,1,1
1762884635.715322,STEP,3,0.000000,odom,1.420589,0.000000,0.000000,0.000000,-0.500208,0.500,5.000,1,1
1762884635.735403,STEP,3,0.000000,odom,1.420589,0.000000,0.000000,0.000000,-0.500208,0.500,5.000,1,1
1762884635.755479,STEP,3,0.000000,odom,1.420589,0.000000,0.000000,0.000000,-0.500208,0.500,5.000,1,1
1762884635.775577,STEP,3,0.000000,odom,1.420589,0.000000,0.000000,0.000000,-0.500208,0.500,5.000,1,1
1762884635.798365,STEP,3,0.000000,odom,1.420832,-0.015956,-0.086239,-0.663183,-0.494187,0.500,5.000,1,1
1762884635.815384,STEP,3,0.000000,odom,1.420832,-0.011169,-0.060367,-0.464228,-0.487465,0.500,5.000,1,1
1762884635.835334,STEP,3,0.000000,odom,1.420832,-0.007819,-0.042257,-0.324960,-0.487465,0.500,5.000,1,1
1762884635.855354,STEP,3,0.000000,odom,1.420832,0.000000,0.000000,0.000000,-0.487465,0.500,5.000,1,1
1762884635.875327,STEP,3,0.000000,odom,1.420832,0.000000,0.000000,0.000000,-0.487465,0.500,5.000,1,1
1762884635.895402,STEP,3,0.000000,odom,1.420832,0.000000,0.000000,0.000000,-0.487465,0.500,5.000,1,1
1762884635.915319,STEP,3,0.000000,odom,1.420832,0.000000,0.000000,0.000000,-0.487465,0.500,5.000,1,1
1762884635.935619,STEP,3,0.000000,odom,1.420832,0.000000,0.000000,0.000000,-0.487465,0.500,5.000,1,1
1762884635.955337,STEP,3,0.000000,odom,1.420832,0.000000,0.000000,0.000000,-0.487465,0.500,5.000,1,1
1762884635.975188,STEP,3,0.000000,odom,1.420832,0.000000,0.000000,0.000000,-0.483920,0.500,5.000,1,1
1762884635.995350,STEP,3,0.000000,odom,1.421067,-0.008648,-0.034974,-0.257263,-0.480217,0.500,5.000,1,1
1762884636.015285,STEP,3,0.000000,odom,1.421067,-0.006053,-0.024482,-0.180084,-0.472282,0.500,5.000,1,1
1762884636.035629,STEP,3,0.000000,odom,1.421067,0.000000,0.000000,0.000000,-0.472282,0.500,5.000,1,1
1762884636.055315,STEP,3,0.000000,odom,1.421067,0.000000,0.000000,0.000000,-0.472282,0.500,5.000,1,1
1762884636.078069,STEP,3,0.000000,odom,1.421067,0.000000,0.000000,0.000000,-0.472282,0.500,5.000,1,1
1762884636.095294,STEP,3,0.000000,odom,1.421067,0.000000,0.000000,0.000000,-0.472282,0.500,5.000,1,1
1762884636.115371,STEP,3,0.000000,odom,1.421067,0.000000,0.000000,0.000000,-0.472282,0.500,5.000,1,1
1762884636.135333,STEP,3,0.000000,odom,1.421067,0.000000,0.000000,0.000000,-0.472282,0.500,5.000,1,1
1762884636.155344,STEP,3,0.000000,odom,1.421067,0.000000,0.000000,0.000000,-0.468125,0.500,5.000,1,1
1762884636.175566,STEP,3,0.000000,odom,1.421277,-0.010471,-0.035428,-0.247602,-0.459340,0.500,5.000,1,1
1762884636.195309,STEP,3,0.000000,odom,1.421277,-0.007330,-0.024800,-0.173321,-0.459340,0.500,5.000,1,1
1762884636.215462,STEP,3,0.000000,odom,1.421277,0.000000,0.000000,0.000000,-0.459340,0.500,5.000,1,1
1762884636.235576,STEP,3,0.000000,odom,1.421277,0.000000,0.000000,0.000000,-0.459340,0.500,5.000,1,1
1762884636.255422,STEP,3,0.000000,odom,1.421277,0.000000,0.000000,0.000000,-0.459340,0.500,5.000,1,1
1762884636.275287,STEP,3,0.000000,odom,1.421277,0.000000,0.000000,0.000000,-0.459340,0.500,5.000,1,1
1762884636.295279,STEP,3,0.000000,odom,1.421277,0.000000,0.000000,0.000000,-0.459340,0.500,5.000,1,1
1762884636.315730,STEP,3,0.000000,odom,1.421277,0.000000,0.000000,0.000000,-0.459340,0.500,5.000,1,1
1762884636.335474,STEP,3,0.000000,odom,1.421277,0.000000,0.000000,0.000000,-0.440404,0.500,5.000,1,1
1762884636.355972,STEP,3,0.000000,odom,1.421450,-0.011777,-0.035865,-0.236571,-0.435438,0.500,5.000,1,1
1762884636.376259,STEP,3,0.000000,odom,1.421450,-0.008244,-0.025105,-0.165600,-0.435438,0.500,5.000,1,1
1762884636.398119,STEP,3,0.000000,odom,1.421450,0.000000,0.000000,0.000000,-0.435438,0.500,5.000,1,1
1762884636.415464,STEP,3,0.000000,odom,1.421450,0.000000,0.000000,0.000000,-0.435438,0.500,5.000,1,1
1762884636.435279,STEP,3,0.000000,odom,1.421450,0.000000,0.000000,0.000000,-0.435438,0.500,5.000,1,1
1762884636.456781,STEP,3,0.000000,odom,1.421450,0.000000,0.000000,0.000000,-0.435438,0.500,5.000,1,1
1762884636.475385,STEP,3,0.000000,odom,1.421450,0.000000,0.000000,0.000000,-0.435438,0.500,5.000,1,1
1762884636.496106,STEP,3,0.000000,odom,1.421450,0.000000,0.000000,0.000000,-0.435438,0.500,5.000,1,1
1762884636.515401,STEP,3,0.000000,odom,1.421450,0.000000,0.000000,0.000000,-0.435438,0.500,5.000,1,1
1762884636.535486,STEP,3,0.000000,odom,1.421450,0.000000,0.000000,0.000000,-0.430348,0.500,5.000,1,1
1762884636.555290,STEP,3,0.000000,odom,1.421581,-0.012540,-0.036270,-0.224499,-0.414572,0.500,5.000,1,1
1762884636.575381,STEP,3,0.000000,odom,1.421581,-0.008778,-0.025389,-0.157149,-0.414572,0.500,5.000,1,1
1762884636.595331,STEP,3,0.000000,odom,1.421581,0.000000,0.000000,0.000000,-0.414572,0.500,5.000,1,1
1762884636.615975,STEP,3,0.000000,odom,1.421581,0.000000,0.000000,0.000000,-0.414572,0.500,5.000,1,1
1762884636.635296,STEP,3,0.000000,odom,1.421581,0.000000,0.000000,0.000000,-0.414572,0.500,5.000,1,1
1762884636.655338,STEP,3,0.000000,odom,1.421581,0.000000,0.000000,0.000000,-0.414572,0.500,5.000,1,1
1762884636.675511,STEP,3,0.000000,odom,1.421581,0.000000,0.000000,0.000000,-0.414572,0.500,5.000,1,1
1762884636.696049,STEP,3,0.000000,odom,1.421581,0.000000,0.000000,0.000000,-0.414572,0.500,5.000,1,1
1762884636.715572,STEP,3,0.000000,odom,1.421581,0.000000,0.000000,0.000000,-0.414572,0.500,5.000,1,1
1762884636.735093,STEP,3,0.000000,odom,1.421581,0.000000,0.000000,0.000000,-0.398309,0.500,5.000,1,1
1762884636.755354,STEP,3,0.000000,odom,1.421668,-0.012801,-0.036668,-0.211728,-0.392790,0.500,5.000,1,1
1762884636.775378,STEP,3,0.000000,odom,1.421668,-0.008961,-0.025667,-0.148209,-0.392790,0.500,5.000,1,1
1762884636.795491,STEP,3,0.000000,odom,1.421668,0.000000,0.000000,0.000000,-0.392790,0.500,5.000,1,1
1762884636.815370,STEP,3,0.000000,odom,1.421668,0.000000,0.000000,0.000000,-0.392790,0.500,5.000,1,1
1762884636.835461,STEP,3,0.000000,odom,1.421668,0.000000,0.000000,0.000000,-0.392790,0.500,5.000,1,1
1762884636.855311,STEP,3,0.000000,odom,1.421668,0.000000,0.000000,0.000000,-0.392790,0.500,5.000,1,1
1762884636.875401,STEP,3,0.000000,odom,1.421668,0.000000,0.000000,0.000000,-0.392790,0.500,5.000,1,1
1762884636.896813,STEP,3,0.000000,odom,1.421668,0.000000,0.000000,0.000000,-0.392790,0.500,5.000,1,1
1762884636.915627,STEP,3,0.000000,odom,1.421668,0.000000,0.000000,0.000000,-0.381594,0.500,5.000,1,1
1762884636.935471,STEP,3,0.000000,odom,1.421668,0.000000,0.000000,0.000000,-0.376031,0.500,5.000,1,1
1762884636.955736,STEP,3,0.000000,odom,1.421716,-0.020986,-0.061729,-0.330985,-0.364750,0.500,5.000,1,1
1762884636.975371,STEP,3,0.000000,odom,1.421716,0.000000,0.000000,0.000000,-0.364750,0.500,5.000,1,1
1762884636.996323,STEP,3,0.000000,odom,1.421716,0.000000,0.000000,0.000000,-0.364750,0.500,5.000,1,1
1762884637.015344,STEP,3,0.000000,odom,1.421716,0.000000,0.000000,0.000000,-0.364750,0.500,5.000,1,1
1762884637.035380,STEP,3,0.000000,odom,1.421716,0.000000,0.000000,0.000000,-0.364750,0.500,5.000,1,1
1762884637.055300,STEP,3,0.000000,odom,1.421716,0.000000,0.000000,0.000000,-0.364750,0.500,5.000,1,1
1762884637.075478,STEP,3,0.000000,odom,1.421716,0.000000,0.000000,0.000000,-0.364750,0.500,5.000,1,1
1762884637.096040,STEP,3,0.000000,odom,1.421716,0.000000,0.000000,0.000000,-0.364750,0.500,5.000,1,1
1762884637.115405,STEP,3,0.000000,odom,1.421716,0.000000,0.000000,0.000000,-0.364750,0.500,5.000,1,1
1762884637.135156,STEP,3,0.000000,odom,1.421716,0.000000,0.000000,0.000000,-0.359069,0.500,5.000,1,1
1762884637.155396,STEP,3,0.000000,odom,1.421716,0.000000,0.000000,0.000000,-0.347731,0.500,5.000,1,1
1762884637.175353,STEP,3,0.000000,odom,1.421728,-0.020079,-0.062310,-0.308967,-0.347731,0.500,5.000,1,1
1762884637.195282,STEP,3,0.000000,odom,1.421728,0.000000,0.000000,0.000000,-0.347731,0.500,5.000,1,1
1762884637.217966,STEP,3,0.000000,odom,1.421728,0.000000,0.000000,0.000000,-0.347731,0.500,5.000,1,1
1762884637.235334,STEP,3,0.000000,odom,1.421728,0.000000,0.000000,0.000000,-0.347731,0.500,5.000,1,1
1762884637.255303,STEP,3,0.000000,odom,1.421728,0.000000,0.000000,0.000000,-0.347731,0.500,5.000,1,1
1762884637.275495,STEP,3,0.000000,odom,1.421728,0.000000,0.000000,0.000000,-0.347731,0.500,5.000,1,1
1762884637.295361,STEP,3,0.000000,odom,1.421728,0.000000,0.000000,0.000000,-0.347731,0.500,5.000,1,1
1762884637.316705,STEP,3,0.000000,odom,1.421728,0.000000,0.000000,0.000000,-0.347731,0.500,5.000,1,1
1762884637.335696,STEP,3,0.000000,odom,1.421728,0.000000,0.000000,0.000000,-0.347731,0.500,5.000,1,1
1762884637.355546,STEP,3,0.000000,odom,1.421728,0.000000,0.000000,0.000000,-0.330724,0.500,5.000,1,1
1762884637.375332,STEP,3,0.000000,odom,1.421728,0.000000,0.000000,0.000000,-0.325072,0.500,5.000,1,1
1762884637.395399,STEP,3,0.000000,odom,1.421712,-0.028073,-0.094315,-0.430890,-0.325072,0.500,5.000,1,1
1762884637.415335,STEP,3,0.000000,odom,1.421712,0.000000,0.000000,0.000000,-0.325072,0.500,5.000,1,1
1762884637.435384,STEP,3,0.000000,odom,1.421712,0.000000,0.000000,0.000000,-0.325072,0.500,5.000,1,1
1762884637.455597,STEP,3,0.000000,odom,1.421712,0.000000,0.000000,0.000000,-0.325072,0.500,5.000,1,1
1762884637.477064,STEP,3,0.000000,odom,1.421712,0.000000,0.000000,0.000000,-0.325072,0.500,5.000,1,1
1762884637.495329,STEP,3,0.000000,odom,1.421712,0.000000,0.000000,0.000000,-0.325072,0.500,5.000,1,1
1762884637.515326,STEP,3,0.000000,odom,1.421712,0.000000,0.000000,0.000000,-0.325072,0.500,5.000,1,1
1762884637.536169,STEP,3,0.000000,odom,1.421712,0.000000,0.000000,0.000000,-0.325072,0.500,5.000,1,1
1762884637.555475,STEP,3,0.000000,odom,1.421712,0.000000,0.000000,0.000000,-0.325072,0.500,5.000,1,1
1762884637.575443,STEP,3,0.000000,odom,1.421712,0.000000,0.000000,0.000000,-0.325072,0.500,5.000,1,1
1762884637.596618,STEP,3,0.000000,odom,1.421712,0.000000,0.000000,0.000000,-0.308393,0.500,5.000,1,1
1762884637.615671,STEP,3,0.000000,odom,1.421712,0.000000,0.000000,0.000000,-0.297379,0.500,5.000,1,1
1762884637.635339,STEP,3,0.000000,odom,1.421712,0.000000,0.000000,0.000000,-0.297379,0.500,5.000,1,1
1762884637.655444,STEP,3,0.000000,odom,1.421712,0.000000,0.000000,0.000000,-0.297379,0.500,5.000,1,1
1762884637.675364,STEP,3,0.000000,odom,1.421712,0.000000,0.000000,0.000000,-0.297379,0.500,5.000,1,1
1762884637.695344,STEP,3,0.000000,odom,1.421712,0.000000,0.000000,0.000000,-0.297379,0.500,5.000,1,1
1762884637.715322,STEP,3,0.000000,odom,1.421712,0.000000,0.000000,0.000000,-0.297379,0.500,5.000,1,1
1762884637.735407,STEP,3,0.000000,odom,1.421712,0.000000,0.000000,0.000000,-0.297379,0.500,5.000,1,1
1762884637.755278,STEP,3,0.000000,odom,1.421712,0.000000,0.000000,0.000000,-0.297379,0.500,5.000,1,1
1762884637.775315,STEP,3,0.000000,odom,1.421712,0.000000,0.000000,0.000000,-0.297379,0.500,5.000,1,1
1762884637.795349,STEP,3,0.000000,odom,1.421676,-0.017068,-0.063412,-0.266207,-0.286622,0.500,5.000,1,1
1762884637.818154,STEP,3,0.000000,odom,1.421676,-0.011948,-0.044388,-0.186345,-0.276049,0.500,5.000,1,1
1762884637.835320,STEP,3,0.000000,odom,1.421676,-0.008364,-0.031072,-0.130441,-0.276049,0.500,5.000,1,1
1762884637.855369,STEP,3,0.000000,odom,1.421676,0.000000,0.000000,0.000000,-0.276049,0.500,5.000,1,1
1762884637.875456,STEP,3,0.000000,odom,1.421676,0.000000,0.000000,0.000000,-0.276049,0.500,5.000,1,1
1762884637.896049,STEP,3,0.000000,odom,1.421676,0.000000,0.000000,0.000000,-0.276049,0.500,5.000,1,1
1762884637.915329,STEP,3,0.000000,odom,1.421676,0.000000,0.000000,0.000000,-0.276049,0.500,5.000,1,1
1762884637.935455,STEP,3,0.000000,odom,1.421676,0.000000,0.000000,0.000000,-0.276049,0.500,5.000,1,1
1762884637.955625,STEP,3,0.000000,odom,1.421676,0.000000,0.000000,0.000000,-0.276049,0.500,5.000,1,1
1762884637.975357,STEP,3,0.000000,odom,1.421627,-0.015281,-0.063921,-0.246066,-0.265670,0.500,5.000,1,1
1762884637.995314,STEP,3,0.000000,odom,1.421627,-0.010697,-0.044745,-0.172246,-0.255532,0.500,5.000,1,1
1762884638.015351,STEP,3,0.000000,odom,1.421627,-0.007488,-0.031321,-0.120572,-0.255532,0.500,5.000,1,1
1762884638.035685,STEP,3,0.000000,odom,1.421627,0.000000,0.000000,0.000000,-0.255532,0.500,5.000,1,1
1762884638.055367,STEP,3,0.000000,odom,1.421627,0.000000,0.000000,0.000000,-0.255532,0.500,5.000,1,1
1762884638.078346,STEP,3,0.000000,odom,1.421627,0.000000,0.000000,0.000000,-0.255532,0.500,5.000,1,1
1762884638.095382,STEP,3,0.000000,odom,1.421627,0.000000,0.000000,0.000000,-0.255532,0.500,5.000,1,1
1762884638.115337,STEP,3,0.000000,odom,1.421627,0.000000,0.000000,0.000000,-0.255532,0.500,5.000,1,1
1762884638.135301,STEP,3,0.000000,odom,1.421627,0.000000,0.000000,0.000000,-0.245751,0.500,5.000,1,1
1762884638.155338,STEP,3,0.000000,odom,1.421572,-0.008041,-0.038646,-0.136235,-0.236231,0.500,5.000,1,1
1762884638.175637,STEP,3,0.000000,odom,1.421572,-0.005629,-0.027053,-0.095364,-0.231549,0.500,5.000,1,1
1762884638.195264,STEP,3,0.000000,odom,1.421572,0.000000,0.000000,0.000000,-0.231549,0.500,5.000,1,1
1762884638.215519,STEP,3,0.000000,odom,1.421572,0.000000,0.000000,0.000000,-0.231549,0.500,5.000,1,1
1762884638.235534,STEP,3,0.000000,odom,1.421572,0.000000,0.000000,0.000000,-0.231549,0.500,5.000,1,1
1762884638.258057,STEP,3,0.000000,odom,1.421572,0.000000,0.000000,0.000000,-0.231549,0.500,5.000,1,1
1762884638.275345,STEP,3,0.000000,odom,1.421572,0.000000,0.000000,0.000000,-0.231549,0.500,5.000,1,1
1762884638.295585,STEP,3,0.000000,odom,1.421572,0.000000,0.000000,0.000000,-0.231549,0.500,5.000,1,1
1762884638.315463,STEP,3,0.000000,odom,1.421572,0.000000,0.000000,0.000000,-0.231549,0.500,5.000,1,1
1762884638.335373,STEP,3,0.000000,odom,1.421518,-0.008660,-0.048652,-0.156976,-0.222478,0.500,5.000,1,1
1762884638.355317,STEP,3,0.000000,odom,1.421518,-0.006062,-0.034056,-0.109883,-0.218054,0.500,5.000,1,1
1762884638.375401,STEP,3,0.000000,odom,1.421518,0.000000,0.000000,0.000000,-0.218054,0.500,5.000,1,1
1762884638.395299,STEP,3,0.000000,odom,1.421518,0.000000,0.000000,0.000000,-0.218054,0.500,5.000,1,1
1762884638.415363,STEP,3,0.000000,odom,1.421518,0.000000,0.000000,0.000000,-0.218054,0.500,5.000,1,1
1762884638.435687,STEP,3,0.000000,odom,1.421518,0.000000,0.000000,0.000000,-0.218054,0.500,5.000,1,1
1762884638.455344,STEP,3,0.000000,odom,1.421518,0.000000,0.000000,0.000000,-0.218054,0.500,5.000,1,1
1762884638.475634,STEP,3,0.000000,odom,1.421518,0.000000,0.000000,0.000000,-0.218054,0.500,5.000,1,1
1762884638.495586,STEP,3,0.000000,odom,1.421518,0.000000,0.000000,0.000000,-0.218054,0.500,5.000,1,1
1762884638.515341,STEP,3,0.000000,odom,1.421518,0.000000,0.000000,0.000000,-0.218054,0.500,5.000,1,1
1762884638.535301,STEP,3,0.000000,odom,1.421518,0.000000,0.000000,0.000000,-0.209462,0.500,5.000,1,1
1762884638.555381,STEP,3,0.000000,odom,1.421469,-0.005876,-0.039186,-0.115723,-0.201252,0.500,5.000,1,1
1762884638.575265,STEP,3,0.000000,odom,1.421469,-0.004113,-0.027430,-0.081006,-0.201252,0.500,5.000,1,1
1762884638.595278,STEP,3,0.000000,odom,1.421469,0.000000,0.000000,0.000000,-0.201252,0.500,5.000,1,1
1762884638.617050,STEP,3,0.000000,odom,1.421469,0.000000,0.000000,0.000000,-0.201252,0.500,5.000,1,1
1762884638.635322,STEP,3,0.000000,odom,1.421469,0.000000,0.000000,0.000000,-0.201252,0.500,5.000,1,1
1762884638.655288,STEP,3,0.000000,odom,1.421469,0.000000,0.000000,0.000000,-0.201252,0.500,5.000,1,1
1762884638.675404,STEP,3,0.000000,odom,1.421469,0.000000,0.000000,0.000000,-0.201252,0.500,5.000,1,1
1762884638.695333,STEP,3,0.000000,odom,1.421469,0.000000,0.000000,0.000000,-0.201252,0.500,5.000,1,1
1762884638.715341,STEP,3,0.000000,odom,1.421469,0.000000,0.000000,0.000000,-0.193286,0.500,5.000,1,1
1762884638.735597,STEP,3,0.000000,odom,1.421426,-0.004933,-0.039441,-0.106664,-0.185562,0.500,5.000,1,1
1762884638.755510,STEP,3,0.000000,odom,1.421426,-0.003453,-0.027609,-0.074665,-0.181806,0.500,5.000,1,1
1762884638.775402,STEP,3,0.000000,odom,1.421426,0.000000,0.000000,0.000000,-0.181806,0.500,5.000,1,1
1762884638.796875,STEP,3,0.000000,odom,1.421426,0.000000,0.000000,0.000000,-0.181806,0.500,5.000,1,1
1762884638.815398,STEP,3,0.000000,odom,1.421426,0.000000,0.000000,0.000000,-0.181806,0.500,5.000,1,1
1762884638.835292,STEP,3,0.000000,odom,1.421426,0.000000,0.000000,0.000000,-0.181806,0.500,5.000,1,1
1762884638.855328,STEP,3,0.000000,odom,1.421426,0.000000,0.000000,0.000000,-0.181806,0.500,5.000,1,1
1762884638.875353,STEP,3,0.000000,odom,1.421426,0.000000,0.000000,0.000000,-0.181806,0.500,5.000,1,1
1762884638.895258,STEP,3,0.000000,odom,1.421426,0.000000,0.000000,0.000000,-0.181806,0.500,5.000,1,1
1762884638.915556,STEP,3,0.000000,odom,1.421426,0.000000,0.000000,0.000000,-0.174522,0.500,5.000,1,1
1762884638.935513,STEP,3,0.000000,odom,1.421389,-0.005163,-0.049598,-0.122993,-0.167511,0.500,5.000,1,1
1762884638.955373,STEP,3,0.000000,odom,1.421389,0.000000,0.000000,0.000000,-0.167511,0.500,5.000,1,1
1762884638.976235,STEP,3,0.000000,odom,1.421389,0.000000,0.000000,0.000000,-0.167511,0.500,5.000,1,1
1762884638.995627,STEP,3,0.000000,odom,1.421389,0.000000,0.000000,0.000000,-0.167511,0.500,5.000,1,1
1762884639.015446,STEP,3,0.000000,odom,1.421389,0.000000,0.000000,0.000000,-0.167511,0.500,5.000,1,1
1762884639.035602,STEP,3,0.000000,odom,1.421389,0.000000,0.000000,0.000000,-0.167511,0.500,5.000,1,1
1762884639.055346,STEP,3,0.000000,odom,1.421389,0.000000,0.000000,0.000000,-0.167511,0.500,5.000,1,1
1762884639.075558,STEP,3,0.000000,odom,1.421389,0.000000,0.000000,0.000000,-0.167511,0.500,5.000,1,1
1762884639.096222,STEP,3,0.000000,odom,1.421389,0.000000,0.000000,0.000000,-0.160879,0.500,5.000,1,1
1762884639.115356,STEP,3,0.000000,odom,1.421356,-0.003457,-0.039910,-0.090887,-0.154576,0.500,5.000,1,1
1762884639.135272,STEP,3,0.000000,odom,1.421356,0.000000,0.000000,0.000000,-0.154576,0.500,5.000,1,1
1762884639.155414,STEP,3,0.000000,odom,1.421356,0.000000,0.000000,0.000000,-0.154576,0.500,5.000,1,1
1762884639.175373,STEP,3,0.000000,odom,1.421356,0.000000,0.000000,0.000000,-0.154576,0.500,5.000,1,1
1762884639.195362,STEP,3,0.000000,odom,1.421356,0.000000,0.000000,0.000000,-0.154576,0.500,5.000,1,1
1762884639.215936,STEP,3,0.000000,odom,1.421356,0.000000,0.000000,0.000000,-0.154576,0.500,5.000,1,1
1762884639.235608,STEP,3,0.000000,odom,1.421356,0.000000,0.000000,0.000000,-0.154576,0.500,5.000,1,1
1762884639.255427,STEP,3,0.000000,odom,1.421356,0.000000,0.000000,0.000000,-0.148590,0.500,5.000,1,1
1762884639.275339,STEP,3,0.000000,odom,1.421328,-0.002878,-0.040139,-0.084090,-0.145662,0.500,5.000,1,1
1762884639.295437,STEP,3,0.000000,odom,1.421328,0.000000,0.000000,0.000000,-0.145662,0.500,5.000,1,1
1762884639.315762,STEP,3,0.000000,odom,1.421328,0.000000,0.000000,0.000000,-0.145662,0.500,5.000,1,1
1762884639.335286,STEP,3,0.000000,odom,1.421328,0.000000,0.000000,0.000000,-0.145662,0.500,5.000,1,1
1762884639.358075,STEP,3,0.000000,odom,1.421328,0.000000,0.000000,0.000000,-0.145662,0.500,5.000,1,1
1762884639.375348,STEP,3,0.000000,odom,1.421328,0.000000,0.000000,0.000000,-0.145662,0.500,5.000,1,1
1762884639.395326,STEP,3,0.000000,odom,1.421328,0.000000,0.000000,0.000000,-0.145662,0.500,5.000,1,1
1762884639.415390,STEP,3,0.000000,odom,1.421328,0.000000,0.000000,0.000000,-0.137212,0.500,5.000,1,1
1762884639.435243,STEP,3,0.000000,odom,1.421328,0.000000,0.000000,0.000000,-0.129337,0.500,5.000,1,1
1762884639.455312,STEP,3,0.000000,odom,1.421308,-0.005812,-0.100878,-0.194860,-0.129337,0.500,5.000,1,1
1762884639.475465,STEP,3,0.000000,odom,1.421308,0.000000,0.000000,0.000000,-0.129337,0.500,5.000,1,1
1762884639.495338,STEP,3,0.000000,odom,1.421308,0.000000,0.000000,0.000000,-0.129337,0.500,5.000,1,1
1762884639.515305,STEP,3,0.000000,odom,1.421308,0.000000,0.000000,0.000000,-0.129337,0.500,5.000,1,1
1762884639.535434,STEP,3,0.000000,odom,1.421308,0.000000,0.000000,0.000000,-0.129337,0.500,5.000,1,1
1762884639.555515,STEP,3,0.000000,odom,1.421308,0.000000,0.000000,0.000000,-0.129337,0.500,5.000,1,1
1762884639.575526,STEP,3,0.000000,odom,1.421308,0.000000,0.000000,0.000000,-0.129337,0.500,5.000,1,1
1762884639.595176,STEP,3,0.000000,odom,1.421308,0.000000,0.000000,0.000000,-0.124380,0.500,5.000,1,1
1762884639.615425,STEP,3,0.000000,odom,1.421294,-0.001899,-0.040564,-0.072397,-0.122022,0.500,5.000,1,1
1762884639.635310,STEP,3,0.000000,odom,1.421294,0.000000,0.000000,0.000000,-0.122022,0.500,5.000,1,1
1762884639.655695,STEP,3,0.000000,odom,1.421294,0.000000,0.000000,0.000000,-0.122022,0.500,5.000,1,1
1762884639.677947,STEP,3,0.000000,odom,1.421294,0.000000,0.000000,0.000000,-0.122022,0.500,5.000,1,1
1762884639.695457,STEP,3,0.000000,odom,1.421294,0.000000,0.000000,0.000000,-0.122022,0.500,5.000,1,1
1762884639.715662,STEP,3,0.000000,odom,1.421294,0.000000,0.000000,0.000000,-0.122022,0.500,5.000,1,1
1762884639.735451,STEP,3,0.000000,odom,1.421294,0.000000,0.000000,0.000000,-0.122022,0.500,5.000,1,1
1762884639.755324,STEP,3,0.000000,odom,1.421294,0.000000,0.000000,0.000000,-0.119698,0.500,5.000,1,1
1762884639.775373,STEP,3,0.000000,odom,1.421294,0.000000,0.000000,0.000000,-0.112937,0.500,5.000,1,1
1762884639.795314,STEP,3,0.000000,odom,1.421294,0.000000,0.000000,0.000000,-0.112937,0.500,5.000,1,1
1762884639.815424,STEP,3,0.000000,odom,1.421294,0.000000,0.000000,0.000000,-0.112937,0.500,5.000,1,1
1762884639.836012,STEP,3,0.000000,odom,1.421294,0.000000,0.000000,0.000000,-0.112937,0.500,5.000,1,1
1762884639.857167,STEP,3,0.000000,odom,1.421294,0.000000,0.000000,0.000000,-0.112937,0.500,5.000,1,1
1762884639.875324,STEP,3,0.000000,odom,1.421294,0.000000,0.000000,0.000000,-0.112937,0.500,5.000,1,1
1762884639.895510,STEP,3,0.000000,odom,1.421294,0.000000,0.000000,0.000000,-0.112937,0.500,5.000,1,1
1762884639.915612,STEP,3,0.000000,odom,1.421294,0.000000,0.000000,0.000000,-0.112937,0.500,5.000,1,1
1762884639.935336,STEP,3,0.000000,odom,1.421288,-0.002503,-0.067935,-0.112324,-0.108687,0.500,5.000,1,1
1762884639.955316,STEP,3,0.000000,odom,1.421288,-0.001752,-0.047554,-0.078626,-0.106677,0.500,5.000,1,1
1762884639.975680,STEP,3,0.000000,odom,1.421288,0.000000,0.000000,0.000000,-0.106677,0.500,5.000,1,1
1762884639.996971,STEP,3,0.000000,odom,1.421288,0.000000,0.000000,0.000000,-0.106677,0.500,5.000,1,1
1762884640.015306,STEP,3,0.000000,odom,1.421288,0.000000,0.000000,0.000000,-0.106677,0.500,5.000,1,1
1762884640.035561,STEP,3,0.000000,odom,1.421288,0.000000,0.000000,0.000000,-0.106677,0.500,5.000,1,1
1762884640.055347,STEP,3,0.000000,odom,1.421288,0.000000,0.000000,0.000000,-0.106677,0.500,5.000,1,1
1762884640.075617,STEP,3,0.000000,odom,1.421288,0.000000,0.000000,0.000000,-0.106677,0.500,5.000,1,1
1762884640.095344,STEP,3,0.000000,odom,1.421288,0.000000,0.000000,0.000000,-0.106677,0.500,5.000,1,1
1762884640.115334,STEP,3,0.000000,odom,1.421288,-0.002934,-0.102359,-0.157175,-0.100855,0.500,5.000,1,1
1762884640.135362,STEP,3,0.000000,odom,1.421288,-0.002054,-0.071652,-0.110023,-0.095251,0.500,5.000,1,1
1762884640.155719,STEP,3,0.000000,odom,1.421288,-0.001438,-0.050156,-0.077016,-0.095251,0.500,5.000,1,1
1762884640.179088,STEP,3,0.000000,odom,1.421288,0.000000,0.000000,0.000000,-0.095251,0.500,5.000,1,1
1762884640.195497,STEP,3,0.000000,odom,1.421288,0.000000,0.000000,0.000000,-0.095251,0.500,5.000,1,1
1762884640.216392,STEP,3,0.000000,odom,1.421288,0.000000,0.000000,0.000000,-0.095251,0.500,5.000,1,1
1762884640.235551,STEP,3,0.000000,odom,1.421288,0.000000,0.000000,0.000000,-0.095251,0.500,5.000,1,1
1762884640.255502,STEP,3,0.000000,odom,1.421288,0.000000,0.000000,0.000000,-0.095251,0.500,5.000,1,1
1762884640.275247,STEP,3,0.000000,odom,1.421290,-0.002376,-0.102776,-0.146912,-0.091832,0.500,5.000,1,1
1762884640.295302,STEP,3,0.000000,odom,1.421290,-0.001663,-0.071943,-0.102838,-0.090153,0.500,5.000,1,1
1762884640.315348,STEP,3,0.000000,odom,1.421290,0.000000,0.000000,0.000000,-0.090153,0.500,5.000,1,1
1762884640.335761,STEP,3,0.000000,odom,1.421290,0.000000,0.000000,0.000000,-0.090153,0.500,5.000,1,1
1762884640.356666,STEP,3,0.000000,odom,1.421290,0.000000,0.000000,0.000000,-0.090153,0.500,5.000,1,1
1762884640.375303,STEP,3,0.000000,odom,1.421290,0.000000,0.000000,0.000000,-0.090153,0.500,5.000,1,1
1762884640.395428,STEP,3,0.000000,odom,1.421290,0.000000,0.000000,0.000000,-0.090153,0.500,5.000,1,1
1762884640.415373,STEP,3,0.000000,odom,1.421290,0.000000,0.000000,0.000000,-0.090153,0.500,5.000,1,1
1762884640.435278,STEP,3,0.000000,odom,1.421290,0.000000,0.000000,0.000000,-0.086835,0.500,5.000,1,1
1762884640.455469,STEP,3,0.000000,odom,1.421295,-0.000775,-0.041257,-0.055038,-0.083641,0.500,5.000,1,1
1762884640.475477,STEP,3,0.000000,odom,1.421295,-0.000543,-0.028880,-0.038526,-0.083641,0.500,5.000,1,1
1762884640.496014,STEP,3,0.000000,odom,1.421295,0.000000,0.000000,0.000000,-0.083641,0.500,5.000,1,1
1762884640.515388,STEP,3,0.000000,odom,1.421295,0.000000,0.000000,0.000000,-0.083641,0.500,5.000,1,1
1762884640.535468,STEP,3,0.000000,odom,1.421295,0.000000,0.000000,0.000000,-0.083641,0.500,5.000,1,1
1762884640.555303,STEP,3,0.000000,odom,1.421295,0.000000,0.000000,0.000000,-0.083641,0.500,5.000,1,1
1762884640.575257,STEP,3,0.000000,odom,1.421295,0.000000,0.000000,0.000000,-0.083641,0.500,5.000,1,1
1762884640.595512,STEP,3,0.000000,odom,1.421295,0.000000,0.000000,0.000000,-0.083641,0.500,5.000,1,1
1762884640.615366,STEP,3,0.000000,odom,1.421295,0.000000,0.000000,0.000000,-0.083641,0.500,5.000,1,1
1762884640.635445,STEP,3,0.000000,odom,1.421295,0.000000,0.000000,0.000000,-0.083641,0.500,5.000,1,1
1762884640.655645,STEP,3,0.000000,odom,1.421295,0.000000,0.000000,0.000000,-0.080580,0.500,5.000,1,1
1762884640.675642,STEP,3,0.000000,odom,1.421301,-0.000780,-0.051722,-0.064550,-0.077742,0.500,5.000,1,1
1762884640.695436,STEP,3,0.000000,odom,1.421301,-0.000546,-0.036205,-0.045185,-0.076327,0.500,5.000,1,1
1762884640.715496,STEP,3,0.000000,odom,1.421301,0.000000,0.000000,0.000000,-0.076327,0.500,5.000,1,1
1762884640.735388,STEP,3,0.000000,odom,1.421301,0.000000,0.000000,0.000000,-0.076327,0.500,5.000,1,1
1762884640.755300,STEP,3,0.000000,odom,1.421301,0.000000,0.000000,0.000000,-0.076327,0.500,5.000,1,1
1762884640.775337,STEP,3,0.000000,odom,1.421301,0.000000,0.000000,0.000000,-0.076327,0.500,5.000,1,1
1762884640.795604,STEP,3,0.000000,odom,1.421301,0.000000,0.000000,0.000000,-0.076327,0.500,5.000,1,1
1762884640.815133,STEP,3,0.000000,odom,1.421301,0.000000,0.000000,0.000000,-0.076327,0.500,5.000,1,1
1762884640.835287,STEP,3,0.000000,odom,1.421301,0.000000,0.000000,0.000000,-0.072219,0.500,5.000,1,1
1762884640.855433,STEP,3,0.000000,odom,1.421313,-0.000446,-0.041457,-0.048534,-0.070919,0.500,5.000,1,1
1762884640.875329,STEP,3,0.000000,odom,1.421313,0.000000,0.000000,0.000000,-0.070919,0.500,5.000,1,1
1762884640.895718,STEP,3,0.000000,odom,1.421313,0.000000,0.000000,0.000000,-0.070919,0.500,5.000,1,1
1762884640.915663,STEP,3,0.000000,odom,1.421313,0.000000,0.000000,0.000000,-0.070919,0.500,5.000,1,1
1762884640.935185,STEP,3,0.000000,odom,1.421313,0.000000,0.000000,0.000000,-0.070919,0.500,5.000,1,1
1762884640.956050,STEP,3,0.000000,odom,1.421313,0.000000,0.000000,0.000000,-0.070919,0.500,5.000,1,1
1762884640.975417,STEP,3,0.000000,odom,1.421313,0.000000,0.000000,0.000000,-0.070919,0.500,5.000,1,1
1762884640.995330,STEP,3,0.000000,odom,1.421313,0.000000,0.000000,0.000000,-0.068314,0.500,5.000,1,1
1762884641.016673,STEP,3,0.000000,odom,1.421325,-0.000356,-0.041501,-0.045673,-0.067097,0.500,5.000,1,1
1762884641.035263,STEP,3,0.000000,odom,1.421325,0.000000,0.000000,0.000000,-0.067097,0.500,5.000,1,1
1762884641.055451,STEP,3,0.000000,odom,1.421325,0.000000,0.000000,0.000000,-0.067097,0.500,5.000,1,1
1762884641.075339,STEP,3,0.000000,odom,1.421325,0.000000,0.000000,0.000000,-0.067097,0.500,5.000,1,1
1762884641.095301,STEP,3,0.000000,odom,1.421325,0.000000,0.000000,0.000000,-0.067097,0.500,5.000,1,1
1762884641.115332,STEP,3,0.000000,odom,1.421325,0.000000,0.000000,0.000000,-0.067097,0.500,5.000,1,1
1762884641.135282,STEP,3,0.000000,odom,1.421325,0.000000,0.000000,0.000000,-0.067097,0.500,5.000,1,1
1762884641.155632,STEP,3,0.000000,odom,1.421325,0.000000,0.000000,0.000000,-0.067097,0.500,5.000,1,1
1762884641.175565,STEP,3,0.000000,odom,1.421325,0.000000,0.000000,0.000000,-0.063396,0.500,5.000,1,1
1762884641.195131,STEP,3,0.000000,odom,1.421339,-0.000233,-0.034582,-0.035870,-0.061216,0.500,5.000,1,1
1762884641.215374,STEP,3,0.000000,odom,1.421339,-0.000163,-0.024207,-0.025109,-0.061216,0.500,5.000,1,1
1762884641.235368,STEP,3,0.000000,odom,1.421339,0.000000,0.000000,0.000000,-0.061216,0.500,5.000,1,1
1762884641.255672,STEP,3,0.000000,odom,1.421339,0.000000,0.000000,0.000000,-0.061216,0.500,5.000,1,1
1762884641.275400,STEP,3,0.000000,odom,1.421339,0.000000,0.000000,0.000000,-0.061216,0.500,5.000,1,1
1762884641.295325,STEP,3,0.000000,odom,1.421339,0.000000,0.000000,0.000000,-0.061216,0.500,5.000,1,1
1762884641.315318,STEP,3,0.000000,odom,1.421339,0.000000,0.000000,0.000000,-0.061216,0.500,5.000,1,1
1762884641.335542,STEP,3,0.000000,odom,1.421339,0.000000,0.000000,0.000000,-0.059014,0.500,5.000,1,1
1762884641.355422,STEP,3,0.000000,odom,1.421339,0.000000,0.000000,0.000000,-0.056953,0.500,5.000,1,1
1762884641.376150,STEP,3,0.000000,odom,1.421353,-0.000539,-0.103630,-0.101515,-0.056953,0.500,5.000,1,1
1762884641.395350,STEP,3,0.000000,odom,1.421353,0.000000,0.000000,0.000000,-0.056953,0.500,5.000,1,1
1762884641.416084,STEP,3,0.000000,odom,1.421353,0.000000,0.000000,0.000000,-0.056953,0.500,5.000,1,1
1762884641.435322,STEP,3,0.000000,odom,1.421353,0.000000,0.000000,0.000000,-0.056953,0.500,5.000,1,1
1762884641.455346,STEP,3,0.000000,odom,1.421353,0.000000,0.000000,0.000000,-0.056953,0.500,5.000,1,1
1762884641.475357,STEP,3,0.000000,odom,1.421353,0.000000,0.000000,0.000000,-0.056953,0.500,5.000,1,1
1762884641.495189,STEP,3,0.000000,odom,1.421353,0.000000,0.000000,0.000000,-0.055966,0.500,5.000,1,1
1762884641.515283,STEP,3,0.000000,odom,1.421353,0.000000,0.000000,0.000000,-0.054017,0.500,5.000,1,1
1762884641.535389,STEP,3,0.000000,odom,1.421369,-0.000143,-0.041354,-0.038348,-0.053037,0.500,5.000,1,1
1762884641.555377,STEP,3,0.000000,odom,1.421369,0.000000,0.000000,0.000000,-0.053037,0.500,5.000,1,1
1762884641.575359,STEP,3,0.000000,odom,1.421369,0.000000,0.000000,0.000000,-0.053037,0.500,5.000,1,1
1762884641.595493,STEP,3,0.000000,odom,1.421369,0.000000,0.000000,0.000000,-0.053037,0.500,5.000,1,1
1762884641.615185,STEP,3,0.000000,odom,1.421369,0.000000,0.000000,0.000000,-0.053037,0.500,5.000,1,1
1762884641.635526,STEP,3,0.000000,odom,1.421369,0.000000,0.000000,0.000000,-0.053037,0.500,5.000,1,1
1762884641.655472,STEP,3,0.000000,odom,1.421369,0.000000,0.000000,0.000000,-0.053037,0.500,5.000,1,1
1762884641.675293,STEP,3,0.000000,odom,1.421369,0.000000,0.000000,0.000000,-0.051140,0.500,5.000,1,1
1762884641.695379,STEP,3,0.000000,odom,1.421369,0.000000,0.000000,0.000000,-0.049317,0.500,5.000,1,1
1762884641.715605,STEP,3,0.000000,odom,1.421386,-0.000166,-0.068665,-0.060415,-0.048401,0.500,5.000,1,1
1762884641.735354,STEP,3,0.000000,odom,1.421386,0.000000,0.000000,0.000000,-0.048401,0.500,5.000,1,1
1762884641.755392,STEP,3,0.000000,odom,1.421386,0.000000,0.000000,0.000000,-0.048401,0.500,5.000,1,1
1762884641.775347,STEP,3,0.000000,odom,1.421386,0.000000,0.000000,0.000000,-0.048401,0.500,5.000,1,1
1762884641.795313,STEP,3,0.000000,odom,1.421386,0.000000,0.000000,0.000000,-0.048401,0.500,5.000,1,1
1762884641.815323,STEP,3,0.000000,odom,1.421386,0.000000,0.000000,0.000000,-0.048401,0.500,5.000,1,1
1762884641.835294,STEP,3,0.000000,odom,1.421386,0.000000,0.000000,0.000000,-0.047570,0.500,5.000,1,1
1762884641.855397,STEP,3,0.000000,odom,1.421386,0.000000,0.000000,0.000000,-0.045020,0.500,5.000,1,1
1762884641.875301,STEP,3,0.000000,odom,1.421386,0.000000,0.000000,0.000000,-0.045020,0.500,5.000,1,1
1762884641.896146,STEP,3,0.000000,odom,1.421386,0.000000,0.000000,0.000000,-0.045020,0.500,5.000,1,1
1762884641.916783,STEP,3,0.000000,odom,1.421386,0.000000,0.000000,0.000000,-0.045020,0.500,5.000,1,1
1762884641.935403,STEP,3,0.000000,odom,1.421386,0.000000,0.000000,0.000000,-0.045020,0.500,5.000,1,1
1762884641.955293,STEP,3,0.000000,odom,1.421386,0.000000,0.000000,0.000000,-0.045020,0.500,5.000,1,1
1762884641.975419,STEP,3,0.000000,odom,1.421386,0.000000,0.000000,0.000000,-0.045020,0.500,5.000,1,1
1762884641.995277,STEP,3,0.000000,odom,1.421386,0.000000,0.000000,0.000000,-0.045020,0.500,5.000,1,1
1762884642.015398,STEP,3,0.000000,odom,1.421403,-0.000079,-0.051243,-0.042876,-0.043465,0.500,5.000,1,1
1762884642.035322,STEP,3,0.000000,odom,1.421403,-0.000055,-0.035870,-0.030013,-0.042690,0.500,5.000,1,1
1762884642.055326,STEP,3,0.000000,odom,1.421403,0.000000,0.000000,0.000000,-0.042690,0.500,5.000,1,1
1762884642.075674,STEP,3,0.000000,odom,1.421403,0.000000,0.000000,0.000000,-0.042690,0.500,5.000,1,1
1762884642.095291,STEP,3,0.000000,odom,1.421403,0.000000,0.000000,0.000000,-0.042690,0.500,5.000,1,1
1762884642.115221,STEP,3,0.000000,odom,1.421403,0.000000,0.000000,0.000000,-0.042690,0.500,5.000,1,1
1762884642.136149,STEP,3,0.000000,odom,1.421403,0.000000,0.000000,0.000000,-0.042690,0.500,5.000,1,1
1762884642.155437,STEP,3,0.000000,odom,1.421403,0.000000,0.000000,0.000000,-0.042690,0.500,5.000,1,1
1762884642.175385,STEP,3,0.000000,odom,1.421403,0.000000,0.000000,0.000000,-0.041170,0.500,5.000,1,1
1762884642.195292,STEP,3,0.000000,odom,1.421423,0.000001,-0.040746,-0.032482,-0.039655,0.500,5.000,1,1
1762884642.215316,STEP,3,0.000000,odom,1.421423,0.000001,-0.028522,-0.022738,-0.038182,0.500,5.000,1,1
1762884642.235603,STEP,3,0.000000,odom,1.421423,0.000000,0.000000,0.000000,-0.038182,0.500,5.000,1,1
1762884642.255318,STEP,3,0.000000,odom,1.421423,0.000000,0.000000,0.000000,-0.038182,0.500,5.000,1,1
1762884642.275307,STEP,3,0.000000,odom,1.421423,0.000000,0.000000,0.000000,-0.038182,0.500,5.000,1,1
1762884642.295955,STEP,3,0.000000,odom,1.421423,0.000000,0.000000,0.000000,-0.038182,0.500,5.000,1,1
1762884642.315394,STEP,3,0.000000,odom,1.421423,0.000000,0.000000,0.000000,-0.038182,0.500,5.000,1,1
1762884642.335407,STEP,3,0.000000,odom,1.421423,0.000000,0.000000,0.000000,-0.038182,0.500,5.000,1,1
1762884642.355730,STEP,3,0.000000,odom,1.421443,0.000035,-0.040440,-0.030777,-0.036691,0.500,5.000,1,1
1762884642.375353,STEP,3,0.000000,odom,1.421443,0.000024,-0.028308,-0.021544,-0.036071,0.500,5.000,1,1
1762884642.395796,STEP,3,0.000000,odom,1.421443,0.000000,0.000000,0.000000,-0.036071,0.500,5.000,1,1
1762884642.415363,STEP,3,0.000000,odom,1.421443,0.000000,0.000000,0.000000,-0.036071,0.500,5.000,1,1
1762884642.436297,STEP,3,0.000000,odom,1.421443,0.000000,0.000000,0.000000,-0.036071,0.500,5.000,1,1
1762884642.455310,STEP,3,0.000000,odom,1.421443,0.000000,0.000000,0.000000,-0.036071,0.500,5.000,1,1
1762884642.475286,STEP,3,0.000000,odom,1.421443,0.000000,0.000000,0.000000,-0.036071,0.500,5.000,1,1
1762884642.495203,STEP,3,0.000000,odom,1.421443,0.000000,0.000000,0.000000,-0.034694,0.500,5.000,1,1
1762884642.515804,STEP,3,0.000000,odom,1.421463,0.000038,-0.050106,-0.036486,-0.033381,0.500,5.000,1,1
1762884642.535748,STEP,3,0.000000,odom,1.421463,0.000027,-0.035074,-0.025540,-0.033381,0.500,5.000,1,1
1762884642.555627,STEP,3,0.000000,odom,1.421463,0.000000,0.000000,0.000000,-0.033381,0.500,5.000,1,1
1762884642.575298,STEP,3,0.000000,odom,1.421463,0.000000,0.000000,0.000000,-0.033381,0.500,5.000,1,1
1762884642.595256,STEP,3,0.000000,odom,1.421463,0.000000,0.000000,0.000000,-0.033381,0.500,5.000,1,1
1762884642.616084,STEP,3,0.000000,odom,1.421463,0.000000,0.000000,0.000000,-0.033381,0.500,5.000,1,1
1762884642.635576,STEP,3,0.000000,odom,1.421463,0.000000,0.000000,0.000000,-0.033381,0.500,5.000,1,1
1762884642.655379,STEP,3,0.000000,odom,1.421463,0.000000,0.000000,0.000000,-0.033381,0.500,5.000,1,1
1762884642.676051,STEP,3,0.000000,odom,1.421463,0.000000,0.000000,0.000000,-0.032712,0.500,5.000,1,1
1762884642.695383,STEP,3,0.000000,odom,1.421481,0.000033,-0.039688,-0.027710,-0.030826,0.500,5.000,1,1
1762884642.715330,STEP,3,0.000000,odom,1.421481,0.000023,-0.027782,-0.019397,-0.030826,0.500,5.000,1,1
1762884642.735343,STEP,3,0.000000,odom,1.421481,0.000000,0.000000,0.000000,-0.030826,0.500,5.000,1,1
1762884642.755425,STEP,3,0.000000,odom,1.421481,0.000000,0.000000,0.000000,-0.030826,0.500,5.000,1,1
1762884642.775414,STEP,3,0.000000,odom,1.421481,0.000000,0.000000,0.000000,-0.030826,0.500,5.000,1,1
1762884642.795569,STEP,3,0.000000,odom,1.421481,0.000000,0.000000,0.000000,-0.030826,0.500,5.000,1,1
1762884642.815591,STEP,3,0.000000,odom,1.421481,0.000000,0.000000,0.000000,-0.030826,0.500,5.000,1,1
1762884642.835198,STEP,3,0.000000,odom,1.421481,0.000000,0.000000,0.000000,-0.029549,0.500,5.000,1,1
1762884642.855370,STEP,3,0.000000,odom,1.421502,0.000086,-0.039262,-0.026321,-0.027769,0.500,5.000,1,1
1762884642.875794,STEP,3,0.000000,odom,1.421502,0.000060,-0.027484,-0.018425,-0.027769,0.500,5.000,1,1
1762884642.895328,STEP,3,0.000000,odom,1.421502,0.000000,0.000000,0.000000,-0.027769,0.500,5.000,1,1
1762884642.915579,STEP,3,0.000000,odom,1.421502,0.000000,0.000000,0.000000,-0.027769,0.500,5.000,1,1
1762884642.935329,STEP,3,0.000000,odom,1.421502,0.000000,0.000000,0.000000,-0.027769,0.500,5.000,1,1
1762884642.955473,STEP,3,0.000000,odom,1.421502,0.000000,0.000000,0.000000,-0.027769,0.500,5.000,1,1
1762884642.975471,STEP,3,0.000000,odom,1.421502,0.000000,0.000000,0.000000,-0.027769,0.500,5.000,1,1
1762884642.995552,STEP,3,0.000000,odom,1.421502,0.000000,0.000000,0.000000,-0.027769,0.500,5.000,1,1
1762884643.015326,STEP,3,0.000000,odom,1.421502,0.000000,0.000000,0.000000,-0.026624,0.500,5.000,1,1
1762884643.035420,STEP,3,0.000000,odom,1.421526,0.000169,-0.048496,-0.031288,-0.025514,0.500,5.000,1,1
1762884643.055319,STEP,3,0.000000,odom,1.421526,0.000000,0.000000,0.000000,-0.025514,0.500,5.000,1,1
1762884643.076002,STEP,3,0.000000,odom,1.421526,0.000000,0.000000,0.000000,-0.025514,0.500,5.000,1,1
1762884643.095329,STEP,3,0.000000,odom,1.421526,0.000000,0.000000,0.000000,-0.025514,0.500,5.000,1,1
1762884643.115322,STEP,3,0.000000,odom,1.421526,0.000000,0.000000,0.000000,-0.025514,0.500,5.000,1,1
1762884643.135548,STEP,3,0.000000,odom,1.421526,0.000000,0.000000,0.000000,-0.025514,0.500,5.000,1,1
1762884643.155299,STEP,3,0.000000,odom,1.421526,0.000000,0.000000,0.000000,-0.025514,0.500,5.000,1,1
1762884643.175330,STEP,3,0.000000,odom,1.421526,0.000000,0.000000,0.000000,-0.024988,0.500,5.000,1,1
1762884643.195797,STEP,3,0.000000,odom,1.421526,0.000000,0.000000,0.000000,-0.023946,0.500,5.000,1,1
1762884643.215663,STEP,3,0.000000,odom,1.421551,0.000296,-0.063834,-0.039714,-0.023946,0.500,5.000,1,1
1762884643.236223,STEP,3,0.000000,odom,1.421551,0.000000,0.000000,0.000000,-0.023946,0.500,5.000,1,1
1762884643.255316,STEP,3,0.000000,odom,1.421551,0.000000,0.000000,0.000000,-0.023946,0.500,5.000,1,1
1762884643.278079,STEP,3,0.000000,odom,1.421551,0.000000,0.000000,0.000000,-0.023946,0.500,5.000,1,1
1762884643.295345,STEP,3,0.000000,odom,1.421551,0.000000,0.000000,0.000000,-0.023946,0.500,5.000,1,1
1762884643.315305,STEP,3,0.000000,odom,1.421551,0.000000,0.000000,0.000000,-0.023946,0.500,5.000,1,1
1762884643.335425,STEP,3,0.000000,odom,1.421551,0.000000,0.000000,0.000000,-0.022846,0.500,5.000,1,1
1762884643.355247,STEP,3,0.000000,odom,1.421551,0.000000,0.000000,0.000000,-0.021859,0.500,5.000,1,1
1762884643.375312,STEP,3,0.000000,odom,1.421578,0.000281,-0.047232,-0.028384,-0.021859,0.500,5.000,1,1
1762884643.395519,STEP,3,0.000000,odom,1.421578,0.000000,0.000000,0.000000,-0.021859,0.500,5.000,1,1
1762884643.415458,STEP,3,0.000000,odom,1.421578,0.000000,0.000000,0.000000,-0.021859,0.500,5.000,1,1
1762884643.435328,STEP,3,0.000000,odom,1.421578,0.000000,0.000000,0.000000,-0.021859,0.500,5.000,1,1
1762884643.455542,STEP,3,0.000000,odom,1.421578,0.000000,0.000000,0.000000,-0.021859,0.500,5.000,1,1
1762884643.475301,STEP,3,0.000000,odom,1.421578,0.000000,0.000000,0.000000,-0.021859,0.500,5.000,1,1
1762884643.495328,STEP,3,0.000000,odom,1.421578,0.000000,0.000000,0.000000,-0.020881,0.500,5.000,1,1
1762884643.515796,STEP,3,0.000000,odom,1.421578,0.000000,0.000000,0.000000,-0.019962,0.500,5.000,1,1
1762884643.535352,STEP,3,0.000000,odom,1.421606,0.000295,-0.046577,-0.027085,-0.019491,0.500,5.000,1,1
1762884643.557739,STEP,3,0.000000,odom,1.421606,0.000000,0.000000,0.000000,-0.019491,0.500,5.000,1,1
1762884643.576028,STEP,3,0.000000,odom,1.421606,0.000000,0.000000,0.000000,-0.019491,0.500,5.000,1,1
1762884643.595366,STEP,3,0.000000,odom,1.421606,0.000000,0.000000,0.000000,-0.019491,0.500,5.000,1,1
1762884643.615329,STEP,3,0.000000,odom,1.421606,0.000000,0.000000,0.000000,-0.019491,0.500,5.000,1,1
1762884643.635312,STEP,3,0.000000,odom,1.421606,0.000000,0.000000,0.000000,-0.019491,0.500,5.000,1,1
1762884643.655459,STEP,3,0.000000,odom,1.421606,0.000000,0.000000,0.000000,-0.019491,0.500,5.000,1,1
1762884643.675661,STEP,3,0.000000,odom,1.421606,0.000000,0.000000,0.000000,-0.019023,0.500,5.000,1,1
1762884643.695332,STEP,3,0.000000,odom,1.421606,0.000000,0.000000,0.000000,-0.017737,0.500,5.000,1,1
1762884643.715284,STEP,3,0.000000,odom,1.421634,0.000630,-0.091823,-0.051737,-0.017737,0.500,5.000,1,1
1762884643.735308,STEP,3,0.000000,odom,1.421634,0.000000,0.000000,0.000000,-0.017737,0.500,5.000,1,1
1762884643.755313,STEP,3,0.000000,odom,1.421634,0.000000,0.000000,0.000000,-0.017737,0.500,5.000,1,1
1762884643.775324,STEP,3,0.000000,odom,1.421634,0.000000,0.000000,0.000000,-0.017737,0.500,5.000,1,1
1762884643.795774,STEP,3,0.000000,odom,1.421634,0.000000,0.000000,0.000000,-0.017737,0.500,5.000,1,1
1762884643.815276,STEP,3,0.000000,odom,1.421634,0.000000,0.000000,0.000000,-0.017737,0.500,5.000,1,1
1762884643.835445,STEP,3,0.000000,odom,1.421634,0.000000,0.000000,0.000000,-0.017233,0.500,5.000,1,1
1762884643.855273,STEP,3,0.000000,odom,1.421634,0.000000,0.000000,0.000000,-0.016137,0.500,5.000,1,1
1762884643.875378,STEP,3,0.000000,odom,1.421634,0.000000,0.000000,0.000000,-0.016137,0.500,5.000,1,1
1762884643.895465,STEP,3,0.000000,odom,1.421634,0.000000,0.000000,0.000000,-0.016137,0.500,5.000,1,1
1762884643.917633,STEP,3,0.000000,odom,1.421634,0.000000,0.000000,0.000000,-0.016137,0.500,5.000,1,1
1762884643.935462,STEP,3,0.000000,odom,1.421634,0.000000,0.000000,0.000000,-0.016137,0.500,5.000,1,1
1762884643.955329,STEP,3,0.000000,odom,1.421634,0.000000,0.000000,0.000000,-0.016137,0.500,5.000,1,1
1762884643.975278,STEP,3,0.000000,odom,1.421634,0.000000,0.000000,0.000000,-0.016137,0.500,5.000,1,1
1762884643.995856,STEP,3,0.000000,odom,1.421634,0.000000,0.000000,0.000000,-0.016137,0.500,5.000,1,1
1762884644.015321,STEP,3,0.000000,odom,1.421662,0.000338,-0.045248,-0.024744,-0.014949,0.500,5.000,1,1
1762884644.035325,STEP,3,0.000000,odom,1.421662,0.000237,-0.031673,-0.017321,-0.014630,0.500,5.000,1,1
1762884644.056463,STEP,3,0.000000,odom,1.421662,0.000000,0.000000,0.000000,-0.014630,0.500,5.000,1,1
1762884644.077202,STEP,3,0.000000,odom,1.421662,0.000000,0.000000,0.000000,-0.014630,0.500,5.000,1,1
1762884644.095584,STEP,3,0.000000,odom,1.421662,0.000000,0.000000,0.000000,-0.014630,0.500,5.000,1,1
1762884644.118623,STEP,3,0.000000,odom,1.421662,0.000000,0.000000,0.000000,-0.014630,0.500,5.000,1,1
1762884644.135356,STEP,3,0.000000,odom,1.421662,0.000000,0.000000,0.000000,-0.014630,0.500,5.000,1,1
1762884644.155403,STEP,3,0.000000,odom,1.421662,0.000000,0.000000,0.000000,-0.014630,0.500,5.000,1,1
1762884644.175453,STEP,3,0.000000,odom,1.421662,0.000000,0.000000,0.000000,-0.014630,0.500,5.000,1,1
1762884644.195312,STEP,3,0.000000,odom,1.421689,0.000258,-0.035663,-0.018942,-0.013589,0.500,5.000,1,1
1762884644.215318,STEP,3,0.000000,odom,1.421689,0.000181,-0.024964,-0.013259,-0.013296,0.500,5.000,1,1
1762884644.235312,STEP,3,0.000000,odom,1.421689,0.000000,0.000000,0.000000,-0.013296,0.500,5.000,1,1
1762884644.257056,STEP,3,0.000000,odom,1.421689,0.000000,0.000000,0.000000,-0.013296,0.500,5.000,1,1
1762884644.275310,STEP,3,0.000000,odom,1.421689,0.000000,0.000000,0.000000,-0.013296,0.500,5.000,1,1
1762884644.295413,STEP,3,0.000000,odom,1.421689,0.000000,0.000000,0.000000,-0.013296,0.500,5.000,1,1
1762884644.315442,STEP,3,0.000000,odom,1.421689,0.000000,0.000000,0.000000,-0.013296,0.500,5.000,1,1
1762884644.335590,STEP,3,0.000000,odom,1.421689,0.000000,0.000000,0.000000,-0.012689,0.500,5.000,1,1
1762884644.355276,STEP,3,0.000000,odom,1.421712,0.000265,-0.043934,-0.022680,-0.012122,0.500,5.000,1,1
1762884644.375428,STEP,3,0.000000,odom,1.421712,0.000185,-0.030754,-0.015876,-0.012122,0.500,5.000,1,1
1762884644.395307,STEP,3,0.000000,odom,1.421712,0.000000,0.000000,0.000000,-0.012122,0.500,5.000,1,1
1762884644.415398,STEP,3,0.000000,odom,1.421712,0.000000,0.000000,0.000000,-0.012122,0.500,5.000,1,1
1762884644.436997,STEP,3,0.000000,odom,1.421712,0.000000,0.000000,0.000000,-0.012122,0.500,5.000,1,1
1762884644.455511,STEP,3,0.000000,odom,1.421712,0.000000,0.000000,0.000000,-0.012122,0.500,5.000,1,1
1762884644.476884,STEP,3,0.000000,odom,1.421712,0.000000,0.000000,0.000000,-0.012122,0.500,5.000,1,1
1762884644.495315,STEP,3,0.000000,odom,1.421712,0.000000,0.000000,0.000000,-0.011598,0.500,5.000,1,1
1762884644.515608,STEP,3,0.000000,odom,1.421729,0.000132,-0.034626,-0.017394,-0.011006,0.500,5.000,1,1
1762884644.535374,STEP,3,0.000000,odom,1.421729,0.000092,-0.024238,-0.012176,-0.010746,0.500,5.000,1,1
1762884644.555310,STEP,3,0.000000,odom,1.421729,0.000000,0.000000,0.000000,-0.010746,0.500,5.000,1,1
1762884644.575310,STEP,3,0.000000,odom,1.421729,0.000000,0.000000,0.000000,-0.010746,0.500,5.000,1,1
1762884644.596245,STEP,3,0.000000,odom,1.421729,0.000000,0.000000,0.000000,-0.010746,0.500,5.000,1,1
1762884644.615333,STEP,3,0.000000,odom,1.421729,0.000000,0.000000,0.000000,-0.010746,0.500,5.000,1,1
1762884644.635688,STEP,3,0.000000,odom,1.421729,0.000000,0.000000,0.000000,-0.010746,0.500,5.000,1,1
1762884644.655513,STEP,3,0.000000,odom,1.421729,0.000000,0.000000,0.000000,-0.010746,0.500,5.000,1,1
1762884644.675287,STEP,3,0.000000,odom,1.421729,0.000000,0.000000,0.000000,-0.010746,0.500,5.000,1,1
1762884644.695331,STEP,3,0.000000,odom,1.421729,0.000000,0.000000,0.000000,-0.010746,0.500,5.000,1,1
1762884644.715292,STEP,3,0.000000,odom,1.421742,0.000080,-0.034119,-0.016679,-0.010280,0.500,5.000,1,1
1762884644.735605,STEP,3,0.000000,odom,1.421742,0.000056,-0.023883,-0.011675,-0.009775,0.500,5.000,1,1
1762884644.755576,STEP,3,0.000000,odom,1.421742,0.000000,0.000000,0.000000,-0.009775,0.500,5.000,1,1
1762884644.776006,STEP,3,0.000000,odom,1.421742,0.000000,0.000000,0.000000,-0.009775,0.500,5.000,1,1
1762884644.795311,STEP,3,0.000000,odom,1.421742,0.000000,0.000000,0.000000,-0.009775,0.500,5.000,1,1
1762884644.815367,STEP,3,0.000000,odom,1.421742,0.000000,0.000000,0.000000,-0.009775,0.500,5.000,1,1
1762884644.836035,STEP,3,0.000000,odom,1.421742,0.000000,0.000000,0.000000,-0.009775,0.500,5.000,1,1
1762884644.855484,STEP,3,0.000000,odom,1.421742,0.000000,0.000000,0.000000,-0.009775,0.500,5.000,1,1
1762884644.875196,STEP,3,0.000000,odom,1.421742,0.000000,0.000000,0.000000,-0.009296,0.500,5.000,1,1
1762884644.895804,STEP,3,0.000000,odom,1.421752,0.000036,-0.033615,-0.015987,-0.009117,0.500,5.000,1,1
1762884644.915380,STEP,3,0.000000,odom,1.421752,0.000025,-0.023531,-0.011191,-0.009117,0.500,5.000,1,1
1762884644.935356,STEP,3,0.000000,odom,1.421752,0.000000,0.000000,0.000000,-0.009117,0.500,5.000,1,1
1762884644.955533,STEP,3,0.000000,odom,1.421752,0.000000,0.000000,0.000000,-0.009117,0.500,5.000,1,1
1762884644.975388,STEP,3,0.000000,odom,1.421752,0.000000,0.000000,0.000000,-0.009117,0.500,5.000,1,1
1762884644.995341,STEP,3,0.000000,odom,1.421752,0.000000,0.000000,0.000000,-0.009117,0.500,5.000,1,1
1762884645.015529,STEP,3,0.000000,odom,1.421752,0.000000,0.000000,0.000000,-0.009117,0.500,5.000,1,1
1762884645.035234,STEP,3,0.000000,odom,1.421752,0.000000,0.000000,0.000000,-0.008701,0.500,5.000,1,1
1762884645.055330,STEP,3,0.000000,odom,1.421758,-0.000017,-0.033118,-0.015342,-0.008196,0.500,5.000,1,1
1762884645.075405,STEP,3,0.000000,odom,1.421758,-0.000012,-0.023183,-0.010739,-0.007992,0.500,5.000,1,1
1762884645.095358,STEP,3,0.000000,odom,1.421758,0.000000,0.000000,0.000000,-0.007992,0.500,5.000,1,1
1762884645.115484,STEP,3,0.000000,odom,1.421758,0.000000,0.000000,0.000000,-0.007992,0.500,5.000,1,1
1762884645.135359,STEP,3,0.000000,odom,1.421758,0.000000,0.000000,0.000000,-0.007992,0.500,5.000,1,1
1762884645.155696,STEP,3,0.000000,odom,1.421758,0.000000,0.000000,0.000000,-0.007992,0.500,5.000,1,1
1762884645.175313,STEP,3,0.000000,odom,1.421758,0.000000,0.000000,0.000000,-0.007992,0.500,5.000,1,1
1762884645.195705,STEP,3,0.000000,odom,1.421758,0.000000,0.000000,0.000000,-0.007992,0.500,5.000,1,1
1762884645.215589,STEP,3,0.000000,odom,1.421758,0.000000,0.000000,0.000000,-0.007646,0.500,5.000,1,1
1762884645.235338,STEP,3,0.000000,odom,1.421759,-0.000079,-0.027188,-0.012256,-0.007509,0.500,5.000,1,1
1762884645.256057,STEP,3,0.000000,odom,1.421759,0.000000,0.000000,0.000000,-0.007509,0.500,5.000,1,1
1762884645.275998,STEP,3,0.000000,odom,1.421759,0.000000,0.000000,0.000000,-0.007509,0.500,5.000,1,1
1762884645.295300,STEP,3,0.000000,odom,1.421759,0.000000,0.000000,0.000000,-0.007509,0.500,5.000,1,1
1762884645.316808,STEP,3,0.000000,odom,1.421759,0.000000,0.000000,0.000000,-0.007509,0.500,5.000,1,1
1762884645.335974,STEP,3,0.000000,odom,1.421759,0.000000,0.000000,0.000000,-0.007509,0.500,5.000,1,1
1762884645.355551,STEP,3,0.000000,odom,1.421759,0.000000,0.000000,0.000000,-0.007509,0.500,5.000,1,1
1762884645.375348,STEP,3,0.000000,odom,1.421759,0.000000,0.000000,0.000000,-0.007381,0.500,5.000,1,1
1762884645.396082,STEP,3,0.000000,odom,1.421757,-0.000136,-0.032123,-0.014084,-0.006946,0.500,5.000,1,1
1762884645.415302,STEP,3,0.000000,odom,1.421757,-0.000095,-0.022486,-0.009859,-0.006946,0.500,5.000,1,1
1762884645.435487,STEP,3,0.000000,odom,1.421757,0.000000,0.000000,0.000000,-0.006946,0.500,5.000,1,1
1762884645.455450,STEP,3,0.000000,odom,1.421757,0.000000,0.000000,0.000000,-0.006946,0.500,5.000,1,1
1762884645.475292,STEP,3,0.000000,odom,1.421757,0.000000,0.000000,0.000000,-0.006946,0.500,5.000,1,1
1762884645.495290,STEP,3,0.000000,odom,1.421757,0.000000,0.000000,0.000000,-0.006946,0.500,5.000,1,1
1762884645.517031,STEP,3,0.000000,odom,1.421757,0.000000,0.000000,0.000000,-0.006946,0.500,5.000,1,1
1762884645.535267,STEP,3,0.000000,odom,1.421757,0.000000,0.000000,0.000000,-0.006562,0.500,5.000,1,1
1762884645.555275,STEP,3,0.000000,odom,1.421757,0.000000,0.000000,0.000000,-0.006211,0.500,5.000,1,1
1762884645.575526,STEP,3,0.000000,odom,1.421752,-0.000284,-0.052692,-0.022456,-0.006211,0.500,5.000,1,1
1762884645.595649,STEP,3,0.000000,odom,1.421752,0.000000,0.000000,0.000000,-0.006211,0.500,5.000,1,1
1762884645.615368,STEP,3,0.000000,odom,1.421752,0.000000,0.000000,0.000000,-0.006211,0.500,5.000,1,1
1762884645.635466,STEP,3,0.000000,odom,1.421752,0.000000,0.000000,0.000000,-0.006211,0.500,5.000,1,1
1762884645.655324,STEP,3,0.000000,odom,1.421752,0.000000,0.000000,0.000000,-0.006211,0.500,5.000,1,1
1762884645.675300,STEP,3,0.000000,odom,1.421752,0.000000,0.000000,0.000000,-0.006211,0.500,5.000,1,1
1762884645.695559,STEP,3,0.000000,odom,1.421752,0.000000,0.000000,0.000000,-0.006211,0.500,5.000,1,1
1762884645.715314,STEP,3,0.000000,odom,1.421752,0.000000,0.000000,0.000000,-0.006000,0.500,5.000,1,1
1762884645.735803,STEP,3,0.000000,odom,1.421752,0.000000,0.000000,0.000000,-0.005660,0.500,5.000,1,1
1762884645.755342,STEP,3,0.000000,odom,1.421744,-0.000542,-0.077762,-0.032188,-0.005660,0.500,5.000,1,1
1762884645.775319,STEP,3,0.000000,odom,1.421744,0.000000,0.000000,0.000000,-0.005660,0.500,5.000,1,1
1762884645.795366,STEP,3,0.000000,odom,1.421744,0.000000,0.000000,0.000000,-0.005660,0.500,5.000,1,1
1762884645.817100,STEP,3,0.000000,odom,1.421744,0.000000,0.000000,0.000000,-0.005660,0.500,5.000,1,1
1762884645.835317,STEP,3,0.000000,odom,1.421744,0.000000,0.000000,0.000000,-0.005660,0.500,5.000,1,1
1762884645.855423,STEP,3,0.000000,odom,1.421744,0.000000,0.000000,0.000000,-0.005660,0.500,5.000,1,1
1762884645.875227,STEP,3,0.000000,odom,1.421744,0.000000,0.000000,0.000000,-0.005497,0.500,5.000,1,1
1762884645.895252,STEP,3,0.000000,odom,1.421744,0.000000,0.000000,0.000000,-0.005206,0.500,5.000,1,1
1762884645.915345,STEP,3,0.000000,odom,1.421744,0.000000,0.000000,0.000000,-0.005206,0.500,5.000,1,1
1762884645.935413,STEP,3,0.000000,odom,1.421744,0.000000,0.000000,0.000000,-0.005206,0.500,5.000,1,1
1762884645.955303,STEP,3,0.000000,odom,1.421744,0.000000,0.000000,0.000000,-0.005206,0.500,5.000,1,1
1762884645.975354,STEP,3,0.000000,odom,1.421744,0.000000,0.000000,0.000000,-0.005206,0.500,5.000,1,1
1762884645.995337,STEP,3,0.000000,odom,1.421744,0.000000,0.000000,0.000000,-0.005206,0.500,5.000,1,1
1762884646.015333,STEP,3,0.000000,odom,1.421744,0.000000,0.000000,0.000000,-0.005206,0.500,5.000,1,1
1762884646.035311,STEP,3,0.000000,odom,1.421735,-0.001220,-0.152929,-0.061399,-0.005005,0.500,5.000,1,1
1762884646.055542,STEP,3,0.000000,odom,1.421735,-0.000854,-0.107050,-0.042980,-0.004791,0.500,5.000,1,1
1762884646.075372,STEP,3,0.000000,odom,1.421735,-0.000598,-0.074935,-0.030086,-0.004791,0.500,5.000,1,1
1762884646.096917,STEP,3,0.000000,odom,1.421735,0.000000,0.000000,0.000000,-0.004791,0.500,5.000,1,1
1762884646.117214,STEP,3,0.000000,odom,1.421735,0.000000,0.000000,0.000000,-0.004791,0.500,5.000,1,1
1762884646.135440,STEP,3,0.000000,odom,1.421735,0.000000,0.000000,0.000000,-0.004791,0.500,5.000,1,1
1762884646.156337,STEP,3,0.000000,odom,1.421735,0.000000,0.000000,0.000000,-0.004791,0.500,5.000,1,1
1762884646.175701,STEP,3,0.000000,odom,1.421735,0.000000,0.000000,0.000000,-0.004791,0.500,5.000,1,1
1762884646.195467,STEP,3,0.000000,odom,1.421735,0.000000,0.000000,0.000000,-0.004584,0.500,5.000,1,1
1762884646.215236,STEP,3,0.000000,odom,1.421724,-0.000452,-0.050091,-0.019495,-0.004468,0.500,5.000,1,1
1762884646.235602,STEP,3,0.000000,odom,1.421724,-0.000317,-0.035063,-0.013647,-0.003707,0.500,5.000,1,1
1762884646.255368,STEP,3,0.000000,odom,1.421724,-0.000222,-0.024544,-0.009553,-0.003707,0.500,5.000,1,1
1762884646.278109,STEP,3,0.000000,odom,1.421724,0.000000,0.000000,0.000000,-0.003707,0.500,5.000,1,1
1762884646.295868,STEP,3,0.000000,odom,1.421724,0.000000,0.000000,0.000000,-0.003707,0.500,5.000,1,1
1762884646.315342,STEP,3,0.000000,odom,1.421724,0.000000,0.000000,0.000000,-0.003707,0.500,5.000,1,1
1762884646.335317,STEP,3,0.000000,odom,1.421724,0.000000,0.000000,0.000000,-0.003707,0.500,5.000,1,1
1762884646.357060,STEP,3,0.000000,odom,1.421724,0.000000,0.000000,0.000000,-0.003707,0.500,5.000,1,1
1762884646.375211,STEP,3,0.000000,odom,1.421724,0.000000,0.000000,0.000000,-0.003620,0.500,5.000,1,1
1762884646.395277,STEP,3,0.000000,odom,1.421713,-0.000250,-0.029507,-0.011112,-0.003532,0.500,5.000,1,1
1762884646.415363,STEP,3,0.000000,odom,1.421713,-0.000175,-0.020655,-0.007778,-0.003532,0.500,5.000,1,1
1762884646.435354,STEP,3,0.000000,odom,1.421713,0.000000,0.000000,0.000000,-0.003532,0.500,5.000,1,1
1762884646.455609,STEP,3,0.000000,odom,1.421713,0.000000,0.000000,0.000000,-0.003532,0.500,5.000,1,1
1762884646.479041,STEP,3,0.000000,odom,1.421713,0.000000,0.000000,0.000000,-0.003532,0.500,5.000,1,1
1762884646.495483,STEP,3,0.000000,odom,1.421713,0.000000,0.000000,0.000000,-0.003532,0.500,5.000,1,1
1762884646.515357,STEP,3,0.000000,odom,1.421713,0.000000,0.000000,0.000000,-0.003532,0.500,5.000,1,1
1762884646.535185,STEP,3,0.000000,odom,1.421713,0.000000,0.000000,0.000000,-0.003363,0.500,5.000,1,1
1762884646.555214,STEP,3,0.000000,odom,1.421705,-0.000220,-0.028960,-0.010545,-0.003181,0.500,5.000,1,1
1762884646.575414,STEP,3,0.000000,odom,1.421705,-0.000154,-0.020272,-0.007381,-0.003181,0.500,5.000,1,1
1762884646.596485,STEP,3,0.000000,odom,1.421705,0.000000,0.000000,0.000000,-0.003181,0.500,5.000,1,1
1762884646.615307,STEP,3,0.000000,odom,1.421705,0.000000,0.000000,0.000000,-0.003181,0.500,5.000,1,1
1762884646.635583,STEP,3,0.000000,odom,1.421705,0.000000,0.000000,0.000000,-0.003181,0.500,5.000,1,1
1762884646.655459,STEP,3,0.000000,odom,1.421705,0.000000,0.000000,0.000000,-0.003181,0.500,5.000,1,1
1762884646.675394,STEP,3,0.000000,odom,1.421705,0.000000,0.000000,0.000000,-0.003181,0.500,5.000,1,1
1762884646.695354,STEP,3,0.000000,odom,1.421705,0.000000,0.000000,0.000000,-0.003181,0.500,5.000,1,1
1762884646.715359,STEP,3,0.000000,odom,1.421705,0.000000,0.000000,0.000000,-0.002955,0.500,5.000,1,1
1762884646.735362,STEP,3,0.000000,odom,1.421701,-0.000156,-0.028396,-0.009979,-0.002881,0.500,5.000,1,1
1762884646.755340,STEP,3,0.000000,odom,1.421701,-0.000109,-0.019877,-0.006986,-0.002881,0.500,5.000,1,1
1762884646.778045,STEP,3,0.000000,odom,1.421701,0.000000,0.000000,0.000000,-0.002881,0.500,5.000,1,1
1762884646.795333,STEP,3,0.000000,odom,1.421701,0.000000,0.000000,0.000000,-0.002881,0.500,5.000,1,1
1762884646.815361,STEP,3,0.000000,odom,1.421701,0.000000,0.000000,0.000000,-0.002881,0.500,5.000,1,1
1762884646.835292,STEP,3,0.000000,odom,1.421701,0.000000,0.000000,0.000000,-0.002881,0.500,5.000,1,1
1762884646.855358,STEP,3,0.000000,odom,1.421701,0.000000,0.000000,0.000000,-0.002662,0.500,5.000,1,1
1762884646.875342,STEP,3,0.000000,odom,1.421701,0.000000,0.000000,0.000000,-0.002430,0.500,5.000,1,1
1762884646.897065,STEP,3,0.000000,odom,1.421702,-0.000085,-0.027830,-0.009429,-0.002384,0.500,5.000,1,1
1762884646.915416,STEP,3,0.000000,odom,1.421702,0.000000,0.000000,0.000000,-0.002384,0.500,5.000,1,1
1762884646.935320,STEP,3,0.000000,odom,1.421702,0.000000,0.000000,0.000000,-0.002384,0.500,5.000,1,1
1762884646.955480,STEP,3,0.000000,odom,1.421702,0.000000,0.000000,0.000000,-0.002384,0.500,5.000,1,1
1762884646.975322,STEP,3,0.000000,odom,1.421702,0.000000,0.000000,0.000000,-0.002384,0.500,5.000,1,1
1762884646.995497,STEP,3,0.000000,odom,1.421702,0.000000,0.000000,0.000000,-0.002384,0.500,5.000,1,1
1762884647.015281,STEP,3,0.000000,odom,1.421702,0.000000,0.000000,0.000000,-0.002147,0.500,5.000,1,1
1762884647.035233,STEP,3,0.000000,odom,1.421704,-0.000060,-0.027259,-0.008899,-0.002030,0.500,5.000,1,1
1762884647.055457,STEP,3,0.000000,odom,1.421704,-0.000042,-0.019081,-0.006229,-0.002030,0.500,5.000,1,1
1762884647.075258,STEP,3,0.000000,odom,1.421704,0.000000,0.000000,0.000000,-0.002030,0.500,5.000,1,1
1762884647.096185,STEP,3,0.000000,odom,1.421704,0.000000,0.000000,0.000000,-0.002030,0.500,5.000,1,1
1762884647.115311,STEP,3,0.000000,odom,1.421704,0.000000,0.000000,0.000000,-0.002030,0.500,5.000,1,1
1762884647.135561,STEP,3,0.000000,odom,1.421704,0.000000,0.000000,0.000000,-0.002030,0.500,5.000,1,1
1762884647.155411,STEP,3,0.000000,odom,1.421704,0.000000,0.000000,0.000000,-0.002030,0.500,5.000,1,1
1762884647.175503,STEP,3,0.000000,odom,1.421704,0.000000,0.000000,0.000000,-0.002030,0.500,5.000,1,1
1762884647.197205,STEP,3,0.000000,odom,1.421704,0.000000,0.000000,0.000000,-0.001974,0.500,5.000,1,1
1762884647.215311,STEP,3,0.000000,odom,1.421704,0.000000,0.000000,0.000000,-0.001891,0.500,5.000,1,1
1762884647.235316,STEP,3,0.000000,odom,1.421711,0.000040,-0.044462,-0.013945,-0.001891,0.500,5.000,1,1
1762884647.257466,STEP,3,0.000000,odom,1.421711,0.000000,0.000000,0.000000,-0.001891,0.500,5.000,1,1
1762884647.275355,STEP,3,0.000000,odom,1.421711,0.000000,0.000000,0.000000,-0.001891,0.500,5.000,1,1
1762884647.295274,STEP,3,0.000000,odom,1.421711,0.000000,0.000000,0.000000,-0.001891,0.500,5.000,1,1
1762884647.315305,STEP,3,0.000000,odom,1.421711,0.000000,0.000000,0.000000,-0.001891,0.500,5.000,1,1
1762884647.336677,STEP,3,0.000000,odom,1.421711,0.000000,0.000000,0.000000,-0.001891,0.500,5.000,1,1
1762884647.356158,STEP,3,0.000000,odom,1.421711,0.000000,0.000000,0.000000,-0.001891,0.500,5.000,1,1
1762884647.376876,STEP,3,0.000000,odom,1.421711,0.000000,0.000000,0.000000,-0.001587,0.500,5.000,1,1
1762884647.395373,STEP,3,0.000000,odom,1.421727,0.000181,-0.032614,-0.009799,-0.001534,0.500,5.000,1,1
1762884647.417632,STEP,3,0.000000,odom,1.421727,0.000000,0.000000,0.000000,-0.001534,0.500,5.000,1,1
1762884647.438018,STEP,3,0.000000,odom,1.421727,0.000000,0.000000,0.000000,-0.001534,0.500,5.000,1,1
1762884647.455408,STEP,3,0.000000,odom,1.421727,0.000000,0.000000,0.000000,-0.001534,0.500,5.000,1,1
1762884647.477036,STEP,3,0.000000,odom,1.421727,0.000000,0.000000,0.000000,-0.001534,0.500,5.000,1,1
1762884647.495334,STEP,3,0.000000,odom,1.421727,0.000000,0.000000,0.000000,-0.001534,0.500,5.000,1,1
1762884647.515321,STEP,3,0.000000,odom,1.421727,0.000000,0.000000,0.000000,-0.001534,0.500,5.000,1,1
1762884647.535459,STEP,3,0.000000,odom,1.421727,0.000000,0.000000,0.000000,-0.001297,0.500,5.000,1,1
1762884647.555756,STEP,3,0.000000,odom,1.421748,0.000300,-0.031889,-0.009150,-0.001182,0.500,5.000,1,1
1762884647.575287,STEP,3,0.000000,odom,1.421748,0.000210,-0.022323,-0.006405,-0.001182,0.500,5.000,1,1
1762884647.595454,STEP,3,0.000000,odom,1.421748,0.000000,0.000000,0.000000,-0.001182,0.500,5.000,1,1
1762884647.615392,STEP,3,0.000000,odom,1.421748,0.000000,0.000000,0.000000,-0.001182,0.500,5.000,1,1
1762884647.635314,STEP,3,0.000000,odom,1.421748,0.000000,0.000000,0.000000,-0.001182,0.500,5.000,1,1
1762884647.655360,STEP,3,0.000000,odom,1.421748,0.000000,0.000000,0.000000,-0.001182,0.500,5.000,1,1
1762884647.675483,STEP,3,0.000000,odom,1.421748,0.000000,0.000000,0.000000,-0.001182,0.500,5.000,1,1
1762884647.695494,STEP,3,0.000000,odom,1.421748,0.000000,0.000000,0.000000,-0.001103,0.500,5.000,1,1
1762884647.715413,STEP,3,0.000000,odom,1.421748,0.000000,0.000000,0.000000,-0.000818,0.500,5.000,1,1
1762884647.735684,STEP,3,0.000000,odom,1.421778,0.000459,-0.031170,-0.008513,-0.000818,0.500,5.000,1,1
1762884647.755501,STEP,3,0.000000,odom,1.421778,0.000000,0.000000,0.000000,-0.000818,0.500,5.000,1,1
1762884647.775340,STEP,3,0.000000,odom,1.421778,0.000000,0.000000,0.000000,-0.000818,0.500,5.000,1,1
1762884647.795303,STEP,3,0.000000,odom,1.421778,0.000000,0.000000,0.000000,-0.000818,0.500,5.000,1,1
1762884647.815163,STEP,3,0.000000,odom,1.421778,0.000000,0.000000,0.000000,-0.000818,0.500,5.000,1,1
1762884647.835634,STEP,3,0.000000,odom,1.421778,0.000000,0.000000,0.000000,-0.000818,0.500,5.000,1,1
1762884647.855515,STEP,3,0.000000,odom,1.421778,0.000000,0.000000,0.000000,-0.000818,0.500,5.000,1,1
1762884647.876538,STEP,3,0.000000,odom,1.421778,0.000000,0.000000,0.000000,-0.000598,0.500,5.000,1,1
1762884647.895454,STEP,3,0.000000,odom,1.421778,0.000000,0.000000,0.000000,-0.000342,0.500,5.000,1,1
1762884647.915328,STEP,3,0.000000,odom,1.421778,0.000000,0.000000,0.000000,-0.000342,0.500,5.000,1,1
1762884647.937324,STEP,3,0.000000,odom,1.421778,0.000000,0.000000,0.000000,-0.000342,0.500,5.000,1,1
1762884647.955304,STEP,3,0.000000,odom,1.421778,0.000000,0.000000,0.000000,-0.000342,0.500,5.000,1,1
1762884647.975507,STEP,3,0.000000,odom,1.421778,0.000000,0.000000,0.000000,-0.000342,0.500,5.000,1,1
1762884647.995429,STEP,3,0.000000,odom,1.421778,0.000000,0.000000,0.000000,-0.000342,0.500,5.000,1,1
1762884648.015321,STEP,3,0.000000,odom,1.421778,0.000000,0.000000,0.000000,-0.000342,0.500,5.000,1,1
1762884648.035923,STEP,3,0.000000,odom,1.421819,0.001344,-0.060904,-0.015760,-0.000280,0.500,5.000,1,1
1762884648.055372,STEP,3,0.000000,odom,1.421819,0.000941,-0.042633,-0.011032,-0.000041,0.500,5.000,1,1
1762884648.075277,STEP,3,0.000000,odom,1.421819,0.000659,-0.029843,-0.007722,-0.000041,0.500,5.000,1,1
1762884648.095408,STEP,3,0.000000,odom,1.421819,0.000000,0.000000,0.000000,-0.000041,0.500,5.000,1,1
1762884648.117939,STEP,3,0.000000,odom,1.421819,0.000000,0.000000,0.000000,-0.000041,0.500,5.000,1,1
1762884648.135299,STEP,3,0.000000,odom,1.421819,0.000000,0.000000,0.000000,-0.000041,0.500,5.000,1,1
1762884648.155321,STEP,3,0.000000,odom,1.421819,0.000000,0.000000,0.000000,-0.000041,0.500,5.000,1,1
1762884648.175341,STEP,3,0.000000,odom,1.421819,0.000000,0.000000,0.000000,-0.000041,0.500,5.000,1,1
1762884648.195520,STEP,3,0.000000,odom,1.421819,0.000000,0.000000,0.000000,-0.000041,0.500,5.000,1,1
1762884648.215536,STEP,3,0.000000,odom,1.421872,0.001792,-0.059514,-0.014498,0.000160,0.500,5.000,1,1
1762884648.236969,STEP,3,0.000000,odom,1.421872,0.001254,-0.041660,-0.010148,0.000369,0.500,5.000,1,1
1762884648.255339,STEP,3,0.000000,odom,1.421872,0.000878,-0.029162,-0.007104,0.000369,0.500,5.000,1,1
1762884648.275670,STEP,3,0.000000,odom,1.421872,0.000000,0.000000,0.000000,0.000369,0.500,5.000,1,1
1762884648.295386,STEP,3,0.000000,odom,1.421872,0.000000,0.000000,0.000000,0.000369,0.500,5.000,1,1
1762884648.315303,STEP,3,0.000000,odom,1.421872,0.000000,0.000000,0.000000,0.000369,0.500,5.000,1,1
1762884648.335314,STEP,3,0.000000,odom,1.421872,0.000000,0.000000,0.000000,0.000369,0.500,5.000,1,1
1762884648.355368,STEP,3,0.000000,odom,1.421872,0.000000,0.000000,0.000000,0.000369,0.500,5.000,1,1
1762884648.375547,STEP,3,0.000000,odom,1.421872,0.000000,0.000000,0.000000,0.000572,0.500,5.000,1,1
1762884648.395644,STEP,3,0.000000,odom,1.421934,0.000877,-0.023264,-0.005314,0.000656,0.500,5.000,1,1
1762884648.415964,STEP,3,0.000000,odom,1.421934,0.000614,-0.016285,-0.003720,0.000746,0.500,5.000,1,1
1762884648.435252,STEP,3,0.000000,odom,1.421934,0.000000,0.000000,0.000000,0.000746,0.500,5.000,1,1
1762884648.455631,STEP,3,0.000000,odom,1.421934,0.000000,0.000000,0.000000,0.000746,0.500,5.000,1,1
1762884648.479110,STEP,3,0.000000,odom,1.421934,0.000000,0.000000,0.000000,0.000746,0.500,5.000,1,1
1762884648.495590,STEP,3,0.000000,odom,1.421934,0.000000,0.000000,0.000000,0.000746,0.500,5.000,1,1
1762884648.515326,STEP,3,0.000000,odom,1.421934,0.000000,0.000000,0.000000,0.000746,0.500,5.000,1,1
1762884648.535324,STEP,3,0.000000,odom,1.421934,0.000000,0.000000,0.000000,0.000803,0.500,5.000,1,1
1762884648.555317,STEP,3,0.000000,odom,1.422004,0.000985,-0.022751,-0.004841,0.001131,0.500,5.000,1,1
1762884648.577550,STEP,3,0.000000,odom,1.422004,0.000690,-0.015926,-0.003389,0.001131,0.500,5.000,1,1
1762884648.595543,STEP,3,0.000000,odom,1.422004,0.000000,0.000000,0.000000,0.001131,0.500,5.000,1,1
1762884648.615448,STEP,3,0.000000,odom,1.422004,0.000000,0.000000,0.000000,0.001131,0.500,5.000,1,1
1762884648.637602,STEP,3,0.000000,odom,1.422004,0.000000,0.000000,0.000000,0.001131,0.500,5.000,1,1
1762884648.655307,STEP,3,0.000000,odom,1.422004,0.000000,0.000000,0.000000,0.001131,0.500,5.000,1,1
1762884648.675535,STEP,3,0.000000,odom,1.422004,0.000000,0.000000,0.000000,0.001131,0.500,5.000,1,1
1762884648.695373,STEP,3,0.000000,odom,1.422004,0.000000,0.000000,0.000000,0.001131,0.500,5.000,1,1
1762884648.715370,STEP,3,0.000000,odom,1.422004,0.000000,0.000000,0.000000,0.001235,0.500,5.000,1,1
1762884648.736581,STEP,3,0.000000,odom,1.422080,0.001086,-0.022263,-0.004372,0.001372,0.500,5.000,1,1
1762884648.755419,STEP,3,0.000000,odom,1.422080,0.000760,-0.015584,-0.003060,0.001372,0.500,5.000,1,1
1762884648.775355,STEP,3,0.000000,odom,1.422080,0.000000,0.000000,0.000000,0.001372,0.500,5.000,1,1
1762884648.797333,STEP,3,0.000000,odom,1.422080,0.000000,0.000000,0.000000,0.001372,0.500,5.000,1,1
1762884648.815273,STEP,3,0.000000,odom,1.422080,0.000000,0.000000,0.000000,0.001372,0.500,5.000,1,1
1762884648.835529,STEP,3,0.000000,odom,1.422080,0.000000,0.000000,0.000000,0.001372,0.500,5.000,1,1
1762884648.855578,STEP,3,0.000000,odom,1.422080,0.000000,0.000000,0.000000,0.001372,0.500,5.000,1,1
1762884648.875333,STEP,3,0.000000,odom,1.422080,0.000000,0.000000,0.000000,0.001372,0.500,5.000,1,1
1762884648.895431,STEP,3,0.000000,odom,1.422080,0.000000,0.000000,0.000000,0.001402,0.500,5.000,1,1
1762884648.916738,STEP,3,0.000000,odom,1.422165,0.001532,-0.027258,-0.004906,0.001473,0.500,5.000,1,1
1762884648.935372,STEP,3,0.000000,odom,1.422165,0.001072,-0.019081,-0.003434,0.001538,0.500,5.000,1,1
1762884648.955867,STEP,3,0.000000,odom,1.422165,0.000000,0.000000,0.000000,0.001538,0.500,5.000,1,1
1762884648.975365,STEP,3,0.000000,odom,1.422165,0.000000,0.000000,0.000000,0.001538,0.500,5.000,1,1
1762884648.995372,STEP,3,0.000000,odom,1.422165,0.000000,0.000000,0.000000,0.001538,0.500,5.000,1,1
1762884649.015306,STEP,3,0.000000,odom,1.422165,0.000000,0.000000,0.000000,0.001538,0.500,5.000,1,1
1762884649.035325,STEP,3,0.000000,odom,1.422165,0.000000,0.000000,0.000000,0.001538,0.500,5.000,1,1
1762884649.055336,STEP,3,0.000000,odom,1.422165,0.000000,0.000000,0.000000,0.001657,0.500,5.000,1,1
1762884649.075315,STEP,3,0.000000,odom,1.422261,0.001399,-0.021380,-0.003491,0.001945,0.500,5.000,1,1
1762884649.095308,STEP,3,0.000000,odom,1.422261,0.000979,-0.014966,-0.002444,0.001945,0.500,5.000,1,1
1762884649.115385,STEP,3,0.000000,odom,1.422261,0.000000,0.000000,0.000000,0.001945,0.500,5.000,1,1
1762884649.135176,STEP,3,0.000000,odom,1.422261,0.000000,0.000000,0.000000,0.001945,0.500,5.000,1,1
1762884649.157030,STEP,3,0.000000,odom,1.422261,0.000000,0.000000,0.000000,0.001945,0.500,5.000,1,1
1762884649.177521,STEP,3,0.000000,odom,1.422261,0.000000,0.000000,0.000000,0.001945,0.500,5.000,1,1
1762884649.195388,STEP,3,0.000000,odom,1.422261,0.000000,0.000000,0.000000,0.001945,0.500,5.000,1,1
1762884649.215741,STEP,3,0.000000,odom,1.422261,0.000000,0.000000,0.000000,0.001945,0.500,5.000,1,1
1762884649.235402,STEP,3,0.000000,odom,1.422261,0.000000,0.000000,0.000000,0.001955,0.500,5.000,1,1
1762884649.255607,STEP,3,0.000000,odom,1.422261,0.000000,0.000000,0.000000,0.002104,0.500,5.000,1,1
1762884649.275524,STEP,3,0.000000,odom,1.422369,0.002641,-0.034975,-0.005107,0.002104,0.500,5.000,1,1
1762884649.295398,STEP,3,0.000000,odom,1.422369,0.000000,0.000000,0.000000,0.002104,0.500,5.000,1,1
1762884649.315323,STEP,3,0.000000,odom,1.422369,0.000000,0.000000,0.000000,0.002104,0.500,5.000,1,1
1762884649.335325,STEP,3,0.000000,odom,1.422369,0.000000,0.000000,0.000000,0.002104,0.500,5.000,1,1
1762884649.355453,STEP,3,0.000000,odom,1.422369,0.000000,0.000000,0.000000,0.002104,0.500,5.000,1,1
1762884649.375257,STEP,3,0.000000,odom,1.422369,0.000000,0.000000,0.000000,0.002104,0.500,5.000,1,1
1762884649.395318,STEP,3,0.000000,odom,1.422369,0.000000,0.000000,0.000000,0.002104,0.500,5.000,1,1
1762884649.415576,STEP,3,0.000000,odom,1.422369,0.000000,0.000000,0.000000,0.002260,0.500,5.000,1,1
1762884649.436466,STEP,3,0.000000,odom,1.422487,0.001742,-0.020628,-0.002639,0.002327,0.500,5.000,1,1
1762884649.456302,STEP,3,0.000000,odom,1.422487,0.000000,0.000000,0.000000,0.002327,0.500,5.000,1,1
1762884649.476375,STEP,3,0.000000,odom,1.422487,0.000000,0.000000,0.000000,0.002327,0.500,5.000,1,1
1762884649.496845,STEP,3,0.000000,odom,1.422487,0.000000,0.000000,0.000000,0.002327,0.500,5.000,1,1
1762884649.515296,STEP,3,0.000000,odom,1.422487,0.000000,0.000000,0.000000,0.002327,0.500,5.000,1,1
1762884649.535527,STEP,3,0.000000,odom,1.422487,0.000000,0.000000,0.000000,0.002327,0.500,5.000,1,1
1762884649.556874,STEP,3,0.000000,odom,1.422487,0.000000,0.000000,0.000000,0.002327,0.500,5.000,1,1
1762884649.575519,STEP,3,0.000000,odom,1.422487,0.000000,0.000000,0.000000,0.002430,0.500,5.000,1,1
1762884649.595204,STEP,3,0.000000,odom,1.422487,0.000000,0.000000,0.000000,0.002669,0.500,5.000,1,1
1762884649.615289,STEP,3,0.000000,odom,1.422616,0.004759,-0.050743,-0.005557,0.002669,0.500,5.000,1,1
1762884649.635292,STEP,3,0.000000,odom,1.422616,0.000000,0.000000,0.000000,0.002669,0.500,5.000,1,1
1762884649.655477,STEP,3,0.000000,odom,1.422616,0.000000,0.000000,0.000000,0.002669,0.500,5.000,1,1
1762884649.678938,STEP,3,0.000000,odom,1.422616,0.000000,0.000000,0.000000,0.002669,0.500,5.000,1,1
1762884649.695299,STEP,3,0.000000,odom,1.422616,0.000000,0.000000,0.000000,0.002669,0.500,5.000,1,1
1762884649.715341,STEP,3,0.000000,odom,1.422616,0.000000,0.000000,0.000000,0.002669,0.500,5.000,1,1
1762884649.735379,STEP,3,0.000000,odom,1.422616,0.000000,0.000000,0.000000,0.002669,0.500,5.000,1,1
1762884649.755283,STEP,3,0.000000,odom,1.422616,0.000000,0.000000,0.000000,0.002790,0.500,5.000,1,1
1762884649.775331,STEP,3,0.000000,odom,1.422751,0.002004,-0.019995,-0.001808,0.002847,0.500,5.000,1,1
1762884649.795356,STEP,3,0.000000,odom,1.422751,0.000000,0.000000,0.000000,0.002847,0.500,5.000,1,1
1762884649.815300,STEP,3,0.000000,odom,1.422751,0.000000,0.000000,0.000000,0.002847,0.500,5.000,1,1
1762884649.835305,STEP,3,0.000000,odom,1.422751,0.000000,0.000000,0.000000,0.002847,0.500,5.000,1,1
1762884649.855359,STEP,3,0.000000,odom,1.422751,0.000000,0.000000,0.000000,0.002847,0.500,5.000,1,1
1762884649.875333,STEP,3,0.000000,odom,1.422751,0.000000,0.000000,0.000000,0.002847,0.500,5.000,1,1
1762884649.895459,STEP,3,0.000000,odom,1.422751,0.000000,0.000000,0.000000,0.002847,0.500,5.000,1,1
1762884649.915369,STEP,3,0.000000,odom,1.422751,0.000000,0.000000,0.000000,0.003091,0.500,5.000,1,1
1762884649.935343,STEP,3,0.000000,odom,1.422751,0.000000,0.000000,0.000000,0.003173,0.500,5.000,1,1
1762884649.955299,STEP,3,0.000000,odom,1.422751,0.000000,0.000000,0.000000,0.003173,0.500,5.000,1,1
1762884649.975395,STEP,3,0.000000,odom,1.422751,0.000000,0.000000,0.000000,0.003173,0.500,5.000,1,1
1762884649.995774,STEP,3,0.000000,odom,1.422751,0.000000,0.000000,0.000000,0.003173,0.500,5.000,1,1
1762884650.016087,STEP,3,0.000000,odom,1.422751,0.000000,0.000000,0.000000,0.003173,0.500,5.000,1,1
1762884650.035292,STEP,3,0.000000,odom,1.422751,0.000000,0.000000,0.000000,0.003173,0.500,5.000,1,1
1762884650.055688,STEP,3,0.000000,odom,1.422751,0.000000,0.000000,0.000000,0.003173,0.500,5.000,1,1
1762884650.075366,STEP,3,0.000000,odom,1.422892,0.003472,-0.032859,-0.002327,0.003254,0.500,5.000,1,1
1762884650.095604,STEP,3,0.000000,odom,1.422892,0.002430,-0.023001,-0.001629,0.003357,0.500,5.000,1,1
1762884650.115291,STEP,3,0.000000,odom,1.422892,0.000000,0.000000,0.000000,0.003357,0.500,5.000,1,1
1762884650.138099,STEP,3,0.000000,odom,1.422892,0.000000,0.000000,0.000000,0.003357,0.500,5.000,1,1
1762884650.155336,STEP,3,0.000000,odom,1.422892,0.000000,0.000000,0.000000,0.003357,0.500,5.000,1,1
1762884650.176550,STEP,3,0.000000,odom,1.422892,0.000000,0.000000,0.000000,0.003357,0.500,5.000,1,1
1762884650.195329,STEP,3,0.000000,odom,1.422892,0.000000,0.000000,0.000000,0.003357,0.500,5.000,1,1
1762884650.215405,STEP,3,0.000000,odom,1.422892,0.000000,0.000000,0.000000,0.003357,0.500,5.000,1,1
1762884650.235774,STEP,3,0.000000,odom,1.422892,0.000000,0.000000,0.000000,0.003408,0.500,5.000,1,1
1762884650.255167,STEP,3,0.000000,odom,1.423036,0.002682,-0.024314,-0.001233,0.003611,0.500,5.000,1,1
1762884650.275320,STEP,3,0.000000,odom,1.423036,0.001877,-0.017019,-0.000863,0.003611,0.500,5.000,1,1
1762884650.295466,STEP,3,0.000000,odom,1.423036,0.000000,0.000000,0.000000,0.003611,0.500,5.000,1,1
1762884650.315356,STEP,3,0.000000,odom,1.423036,0.000000,0.000000,0.000000,0.003611,0.500,5.000,1,1
1762884650.335284,STEP,3,0.000000,odom,1.423036,0.000000,0.000000,0.000000,0.003611,0.500,5.000,1,1
1762884650.355528,STEP,3,0.000000,odom,1.423036,0.000000,0.000000,0.000000,0.003611,0.500,5.000,1,1
1762884650.375345,STEP,3,0.000000,odom,1.423036,0.000000,0.000000,0.000000,0.003611,0.500,5.000,1,1
1762884650.395292,STEP,3,0.000000,odom,1.423036,0.000000,0.000000,0.000000,0.003684,0.500,5.000,1,1
1762884650.415257,STEP,3,0.000000,odom,1.423182,0.001815,-0.016000,-0.000480,0.003812,0.500,5.000,1,1
1762884650.435352,STEP,3,0.000000,odom,1.423182,0.001271,-0.011200,-0.000336,0.003812,0.500,5.000,1,1
1762884650.455418,STEP,3,0.000000,odom,1.423182,0.000000,0.000000,0.000000,0.003812,0.500,5.000,1,1
1762884650.475325,STEP,3,0.000000,odom,1.423182,0.000000,0.000000,0.000000,0.003812,0.500,5.000,1,1
1762884650.495250,STEP,3,0.000000,odom,1.423182,0.000000,0.000000,0.000000,0.003812,0.500,5.000,1,1
1762884650.515481,STEP,3,0.000000,odom,1.423182,0.000000,0.000000,0.000000,0.003812,0.500,5.000,1,1
1762884650.535333,STEP,3,0.000000,odom,1.423182,0.000000,0.000000,0.000000,0.003812,0.500,5.000,1,1
1762884650.555419,STEP,3,0.000000,odom,1.423182,0.000000,0.000000,0.000000,0.003884,0.500,5.000,1,1
1762884650.575353,STEP,3,0.000000,odom,1.423331,0.002219,-0.018961,-0.000170,0.003982,0.500,5.000,1,1
1762884650.595311,STEP,3,0.000000,odom,1.423331,0.001553,-0.013273,-0.000119,0.003982,0.500,5.000,1,1
1762884650.615590,STEP,3,0.000000,odom,1.423331,0.000000,0.000000,0.000000,0.003982,0.500,5.000,1,1
1762884650.636492,STEP,3,0.000000,odom,1.423331,0.000000,0.000000,0.000000,0.003982,0.500,5.000,1,1
1762884650.655312,STEP,3,0.000000,odom,1.423331,0.000000,0.000000,0.000000,0.003982,0.500,5.000,1,1
1762884650.675313,STEP,3,0.000000,odom,1.423331,0.000000,0.000000,0.000000,0.003982,0.500,5.000,1,1
1762884650.696676,STEP,3,0.000000,odom,1.423331,0.000000,0.000000,0.000000,0.003982,0.500,5.000,1,1
1762884650.716041,STEP,3,0.000000,odom,1.423331,0.000000,0.000000,0.000000,0.004021,0.500,5.000,1,1
1762884650.735659,STEP,3,0.000000,odom,1.423480,0.003705,-0.031227,0.000370,0.004046,0.500,5.000,1,1
1762884650.755409,STEP,3,0.000000,odom,1.423480,0.002593,-0.021859,0.000259,0.004077,0.500,5.000,1,1
1762884650.775388,STEP,3,0.000000,odom,1.423480,0.000000,0.000000,0.000000,0.004077,0.500,5.000,1,1
1762884650.795477,STEP,3,0.000000,odom,1.423480,0.000000,0.000000,0.000000,0.004077,0.500,5.000,1,1
1762884650.815500,STEP,3,0.000000,odom,1.423480,0.000000,0.000000,0.000000,0.004077,0.500,5.000,1,1
1762884650.836716,STEP,3,0.000000,odom,1.423480,0.000000,0.000000,0.000000,0.004077,0.500,5.000,1,1
1762884650.855313,STEP,3,0.000000,odom,1.423480,0.000000,0.000000,0.000000,0.004077,0.500,5.000,1,1
1762884650.875622,STEP,3,0.000000,odom,1.423480,0.000000,0.000000,0.000000,0.004077,0.500,5.000,1,1
1762884650.895328,STEP,3,0.000000,odom,1.423480,0.000000,0.000000,0.000000,0.004258,0.500,5.000,1,1
1762884650.915852,STEP,3,0.000000,odom,1.423630,0.002798,-0.023143,0.000765,0.004413,0.500,5.000,1,1
1762884650.935374,STEP,3,0.000000,odom,1.423630,0.001959,-0.016200,0.000536,0.004413,0.500,5.000,1,1
1762884650.956277,STEP,3,0.000000,odom,1.423630,0.000000,0.000000,0.000000,0.004413,0.500,5.000,1,1
1762884650.975487,STEP,3,0.000000,odom,1.423630,0.000000,0.000000,0.000000,0.004413,0.500,5.000,1,1
1762884650.995343,STEP,3,0.000000,odom,1.423630,0.000000,0.000000,0.000000,0.004413,0.500,5.000,1,1
1762884651.015406,STEP,3,0.000000,odom,1.423630,0.000000,0.000000,0.000000,0.004413,0.500,5.000,1,1
1762884651.035801,STEP,3,0.000000,odom,1.423630,0.000000,0.000000,0.000000,0.004413,0.500,5.000,1,1
1762884651.055281,STEP,3,0.000000,odom,1.423630,0.000000,0.000000,0.000000,0.004766,0.500,5.000,1,1
1762884651.075309,STEP,3,0.000000,odom,1.423782,0.002827,-0.022884,0.001250,0.004766,0.500,5.000,1,1
1762884651.095474,STEP,3,0.000000,odom,1.423782,0.000000,0.000000,0.000000,0.004766,0.500,5.000,1,1
1762884651.116332,STEP,3,0.000000,odom,1.423782,0.000000,0.000000,0.000000,0.004766,0.500,5.000,1,1
1762884651.136203,STEP,3,0.000000,odom,1.423782,0.000000,0.000000,0.000000,0.004766,0.500,5.000,1,1
1762884651.156243,STEP,3,0.000000,odom,1.423782,0.000000,0.000000,0.000000,0.004766,0.500,5.000,1,1
1762884651.175326,STEP,3,0.000000,odom,1.423782,0.000000,0.000000,0.000000,0.004766,0.500,5.000,1,1
1762884651.196287,STEP,3,0.000000,odom,1.423782,0.000000,0.000000,0.000000,0.004766,0.500,5.000,1,1
1762884651.215647,STEP,3,0.000000,odom,1.423782,0.000000,0.000000,0.000000,0.004977,0.500,5.000,1,1
1762884651.235262,STEP,3,0.000000,odom,1.423934,0.002277,-0.018103,0.001376,0.005178,0.500,5.000,1,1
1762884651.255396,STEP,3,0.000000,odom,1.423934,0.001594,-0.012672,0.000963,0.005178,0.500,5.000,1,1
1762884651.275439,STEP,3,0.000000,odom,1.423934,0.000000,0.000000,0.000000,0.005178,0.500,5.000,1,1
1762884651.295392,STEP,3,0.000000,odom,1.423934,0.000000,0.000000,0.000000,0.005178,0.500,5.000,1,1
1762884651.315475,STEP,3,0.000000,odom,1.423934,0.000000,0.000000,0.000000,0.005178,0.500,5.000,1,1
1762884651.341509,STEP,3,0.000000,odom,1.423934,0.000000,0.000000,0.000000,0.005178,0.500,5.000,1,1
1762884651.355550,STEP,3,0.000000,odom,1.423934,0.000000,0.000000,0.000000,0.005178,0.500,5.000,1,1
1762884651.375463,STEP,3,0.000000,odom,1.423934,0.000000,0.000000,0.000000,0.005178,0.500,5.000,1,1
1762884651.395254,STEP,3,0.000000,odom,1.423934,0.000000,0.000000,0.000000,0.005318,0.500,5.000,1,1
1762884651.415363,STEP,3,0.000000,odom,1.424088,0.002295,-0.017909,0.001756,0.005426,0.500,5.000,1,1
1762884651.435296,STEP,3,0.000000,odom,1.424088,0.000000,0.000000,0.000000,0.005426,0.500,5.000,1,1
1762884651.458094,STEP,3,0.000000,odom,1.424088,0.000000,0.000000,0.000000,0.005426,0.500,5.000,1,1
1762884651.475350,STEP,3,0.000000,odom,1.424088,0.000000,0.000000,0.000000,0.005426,0.500,5.000,1,1
1762884651.498205,STEP,3,0.000000,odom,1.424088,0.000000,0.000000,0.000000,0.005426,0.500,5.000,1,1
1762884651.515482,STEP,3,0.000000,odom,1.424088,0.000000,0.000000,0.000000,0.005426,0.500,5.000,1,1
1762884651.535484,STEP,3,0.000000,odom,1.424088,0.000000,0.000000,0.000000,0.005426,0.500,5.000,1,1
1762884651.555357,STEP,3,0.000000,odom,1.424088,0.000000,0.000000,0.000000,0.005767,0.500,5.000,1,1
1762884651.575267,STEP,3,0.000000,odom,1.424242,0.001924,-0.014771,0.001772,0.005864,0.500,5.000,1,1
1762884651.595661,STEP,3,0.000000,odom,1.424242,0.001347,-0.010339,0.001240,0.005864,0.500,5.000,1,1
1762884651.615304,STEP,3,0.000000,odom,1.424242,0.000000,0.000000,0.000000,0.005864,0.500,5.000,1,1
1762884651.635277,STEP,3,0.000000,odom,1.424242,0.000000,0.000000,0.000000,0.005864,0.500,5.000,1,1
1762884651.655620,STEP,3,0.000000,odom,1.424242,0.000000,0.000000,0.000000,0.005864,0.500,5.000,1,1
1762884651.675587,STEP,3,0.000000,odom,1.424242,0.000000,0.000000,0.000000,0.005864,0.500,5.000,1,1
1762884651.695303,STEP,3,0.000000,odom,1.424242,0.000000,0.000000,0.000000,0.006007,0.500,5.000,1,1
1762884651.715504,STEP,3,0.000000,odom,1.424242,0.000000,0.000000,0.000000,0.006402,0.500,5.000,1,1
1762884651.735752,STEP,3,0.000000,odom,1.424400,0.003929,-0.029232,0.004135,0.006540,0.500,5.000,1,1
1762884651.755524,STEP,3,0.000000,odom,1.424400,0.000000,0.000000,0.000000,0.006540,0.500,5.000,1,1
1762884651.775595,STEP,3,0.000000,odom,1.424400,0.000000,0.000000,0.000000,0.006540,0.500,5.000,1,1
1762884651.795295,STEP,3,0.000000,odom,1.424400,0.000000,0.000000,0.000000,0.006540,0.500,5.000,1,1
1762884651.815517,STEP,3,0.000000,odom,1.424400,0.000000,0.000000,0.000000,0.006540,0.500,5.000,1,1
1762884651.835415,STEP,3,0.000000,odom,1.424400,0.000000,0.000000,0.000000,0.006540,0.500,5.000,1,1
1762884651.855456,STEP,3,0.000000,odom,1.424400,0.000000,0.000000,0.000000,0.006540,0.500,5.000,1,1
1762884651.875341,STEP,3,0.000000,odom,1.424400,0.000000,0.000000,0.000000,0.006690,0.500,5.000,1,1
1762884651.895626,STEP,3,0.000000,odom,1.424400,0.000000,0.000000,0.000000,0.007106,0.500,5.000,1,1
1762884651.915272,STEP,3,0.000000,odom,1.424400,0.000000,0.000000,0.000000,0.007106,0.500,5.000,1,1
1762884651.935511,STEP,3,0.000000,odom,1.424400,0.000000,0.000000,0.000000,0.007106,0.500,5.000,1,1
1762884651.955465,STEP,3,0.000000,odom,1.424400,0.000000,0.000000,0.000000,0.007106,0.500,5.000,1,1
1762884651.975227,STEP,3,0.000000,odom,1.424400,0.000000,0.000000,0.000000,0.007106,0.500,5.000,1,1
1762884651.995381,STEP,3,0.000000,odom,1.424400,0.000000,0.000000,0.000000,0.007106,0.500,5.000,1,1
1762884652.015399,STEP,3,0.000000,odom,1.424400,0.000000,0.000000,0.000000,0.007106,0.500,5.000,1,1
1762884652.035338,STEP,3,0.000000,odom,1.424558,0.011837,-0.086760,0.014146,0.007230,0.500,5.000,1,1
1762884652.055996,STEP,3,0.000000,odom,1.424558,0.008286,-0.060732,0.009902,0.007723,0.500,5.000,1,1
1762884652.075322,STEP,3,0.000000,odom,1.424558,0.005800,-0.042512,0.006931,0.007723,0.500,5.000,1,1
1762884652.096660,STEP,3,0.000000,odom,1.424558,0.000000,0.000000,0.000000,0.007723,0.500,5.000,1,1
1762884652.115384,STEP,3,0.000000,odom,1.424558,0.000000,0.000000,0.000000,0.007723,0.500,5.000,1,1
1762884652.135309,STEP,3,0.000000,odom,1.424558,0.000000,0.000000,0.000000,0.007723,0.500,5.000,1,1
1762884652.159183,STEP,3,0.000000,odom,1.424558,0.000000,0.000000,0.000000,0.007723,0.500,5.000,1,1
1762884652.175484,STEP,3,0.000000,odom,1.424558,0.000000,0.000000,0.000000,0.007723,0.500,5.000,1,1
1762884652.195185,STEP,3,0.000000,odom,1.424558,0.000000,0.000000,0.000000,0.007890,0.500,5.000,1,1
1762884652.215213,STEP,3,0.000000,odom,1.424714,0.002341,-0.017168,0.003162,0.008220,0.500,5.000,1,1
1762884652.235329,STEP,3,0.000000,odom,1.424714,0.001639,-0.012017,0.002213,0.008395,0.500,5.000,1,1
1762884652.255347,STEP,3,0.000000,odom,1.424714,0.000000,0.000000,0.000000,0.008395,0.500,5.000,1,1
1762884652.275544,STEP,3,0.000000,odom,1.424714,0.000000,0.000000,0.000000,0.008395,0.500,5.000,1,1
1762884652.295593,STEP,3,0.000000,odom,1.424714,0.000000,0.000000,0.000000,0.008395,0.500,5.000,1,1
1762884652.315513,STEP,3,0.000000,odom,1.424714,0.000000,0.000000,0.000000,0.008395,0.500,5.000,1,1
1762884652.335403,STEP,3,0.000000,odom,1.424714,0.000000,0.000000,0.000000,0.008395,0.500,5.000,1,1
1762884652.355316,STEP,3,0.000000,odom,1.424714,0.000000,0.000000,0.000000,0.008395,0.500,5.000,1,1
1762884652.375333,STEP,3,0.000000,odom,1.424714,0.000000,0.000000,0.000000,0.008765,0.500,5.000,1,1
1762884652.395193,STEP,3,0.000000,odom,1.424869,0.002321,-0.016968,0.003475,0.009099,0.500,5.000,1,1
1762884652.415382,STEP,3,0.000000,odom,1.424869,0.001625,-0.011877,0.002432,0.009099,0.500,5.000,1,1
1762884652.435685,STEP,3,0.000000,odom,1.424869,0.000000,0.000000,0.000000,0.009099,0.500,5.000,1,1
1762884652.455373,STEP,3,0.000000,odom,1.424869,0.000000,0.000000,0.000000,0.009099,0.500,5.000,1,1
1762884652.475467,STEP,3,0.000000,odom,1.424869,0.000000,0.000000,0.000000,0.009099,0.500,5.000,1,1
1762884652.495353,STEP,3,0.000000,odom,1.424869,0.000000,0.000000,0.000000,0.009099,0.500,5.000,1,1
1762884652.516525,STEP,3,0.000000,odom,1.424869,0.000000,0.000000,0.000000,0.009099,0.500,5.000,1,1
1762884652.535403,STEP,3,0.000000,odom,1.424869,0.000000,0.000000,0.000000,0.009099,0.500,5.000,1,1
1762884652.555310,STEP,3,0.000000,odom,1.425022,0.002856,-0.020961,0.004688,0.009514,0.500,5.000,1,1
1762884652.575480,STEP,3,0.000000,odom,1.425022,0.001999,-0.014673,0.003281,0.009579,0.500,5.000,1,1
1762884652.595310,STEP,3,0.000000,odom,1.425022,0.000000,0.000000,0.000000,0.009579,0.500,5.000,1,1
1762884652.618112,STEP,3,0.000000,odom,1.425022,0.000000,0.000000,0.000000,0.009579,0.500,5.000,1,1
1762884652.635342,STEP,3,0.000000,odom,1.425022,0.000000,0.000000,0.000000,0.009579,0.500,5.000,1,1
1762884652.655366,STEP,3,0.000000,odom,1.425022,0.000000,0.000000,0.000000,0.009579,0.500,5.000,1,1
1762884652.675313,STEP,3,0.000000,odom,1.425022,0.000000,0.000000,0.000000,0.009579,0.500,5.000,1,1
1762884652.695320,STEP,3,0.000000,odom,1.425022,0.000000,0.000000,0.000000,0.009579,0.500,5.000,1,1
1762884652.715420,STEP,3,0.000000,odom,1.425022,0.000000,0.000000,0.000000,0.009579,0.500,5.000,1,1
1762884652.735301,STEP,3,0.000000,odom,1.425022,0.000000,0.000000,0.000000,0.009982,0.500,5.000,1,1
1762884652.755403,STEP,3,0.000000,odom,1.425170,0.002759,-0.020700,0.004999,0.010137,0.500,5.000,1,1
1762884652.775433,STEP,3,0.000000,odom,1.425170,0.001931,-0.014490,0.003499,0.010137,0.500,5.000,1,1
1762884652.800812,STEP,3,0.000000,odom,1.425170,0.000000,0.000000,0.000000,0.010137,0.500,5.000,1,1
1762884652.815392,STEP,3,0.000000,odom,1.425170,0.000000,0.000000,0.000000,0.010137,0.500,5.000,1,1
1762884652.835481,STEP,3,0.000000,odom,1.425170,0.000000,0.000000,0.000000,0.010137,0.500,5.000,1,1
1762884652.855405,STEP,3,0.000000,odom,1.425170,0.000000,0.000000,0.000000,0.010137,0.500,5.000,1,1
1762884652.875427,STEP,3,0.000000,odom,1.425170,0.000000,0.000000,0.000000,0.010137,0.500,5.000,1,1
1762884652.895348,STEP,3,0.000000,odom,1.425170,0.000000,0.000000,0.000000,0.010137,0.500,5.000,1,1
1762884652.915339,STEP,3,0.000000,odom,1.425170,0.000000,0.000000,0.000000,0.010217,0.500,5.000,1,1
1762884652.935678,STEP,3,0.000000,odom,1.425311,0.002106,-0.016339,0.004215,0.010572,0.500,5.000,1,1
1762884652.955332,STEP,3,0.000000,odom,1.425311,0.001474,-0.011438,0.002951,0.010666,0.500,5.000,1,1
1762884652.975524,STEP,3,0.000000,odom,1.425311,0.000000,0.000000,0.000000,0.010666,0.500,5.000,1,1
1762884652.996375,STEP,3,0.000000,odom,1.425311,0.000000,0.000000,0.000000,0.010666,0.500,5.000,1,1
1762884653.015424,STEP,3,0.000000,odom,1.425311,0.000000,0.000000,0.000000,0.010666,0.500,5.000,1,1
1762884653.036214,STEP,3,0.000000,odom,1.425311,0.000000,0.000000,0.000000,0.010666,0.500,5.000,1,1
1762884653.055430,STEP,3,0.000000,odom,1.425311,0.000000,0.000000,0.000000,0.010666,0.500,5.000,1,1
1762884653.075329,STEP,3,0.000000,odom,1.425311,0.000000,0.000000,0.000000,0.010666,0.500,5.000,1,1
1762884653.095388,STEP,3,0.000000,odom,1.425311,0.000000,0.000000,0.000000,0.010666,0.500,5.000,1,1
1762884653.115392,STEP,3,0.000000,odom,1.425311,0.000000,0.000000,0.000000,0.010666,0.500,5.000,1,1
1762884653.135390,STEP,3,0.000000,odom,1.425311,0.000000,0.000000,0.000000,0.010666,0.500,5.000,1,1
1762884653.155649,STEP,3,0.000000,odom,1.425311,0.000000,0.000000,0.000000,0.010740,0.500,5.000,1,1
1762884653.175161,STEP,3,0.000000,odom,1.425311,0.000000,0.000000,0.000000,0.011094,0.500,5.000,1,1
1762884653.195300,STEP,3,0.000000,odom,1.425447,0.002533,-0.020141,0.005508,0.011094,0.500,5.000,1,1
1762884653.215688,STEP,3,0.000000,odom,1.425447,0.000000,0.000000,0.000000,0.011094,0.500,5.000,1,1
1762884653.236162,STEP,3,0.000000,odom,1.425447,0.000000,0.000000,0.000000,0.011094,0.500,5.000,1,1
1762884653.255331,STEP,3,0.000000,odom,1.425447,0.000000,0.000000,0.000000,0.011094,0.500,5.000,1,1
1762884653.275356,STEP,3,0.000000,odom,1.425447,0.000000,0.000000,0.000000,0.011094,0.500,5.000,1,1
1762884653.295546,STEP,3,0.000000,odom,1.425447,0.000000,0.000000,0.000000,0.011094,0.500,5.000,1,1
1762884653.316252,STEP,3,0.000000,odom,1.425447,0.000000,0.000000,0.000000,0.011094,0.500,5.000,1,1
1762884653.335411,STEP,3,0.000000,odom,1.425447,0.000000,0.000000,0.000000,0.011094,0.500,5.000,1,1
1762884653.355452,STEP,3,0.000000,odom,1.425447,0.000000,0.000000,0.000000,0.011149,0.500,5.000,1,1
1762884653.375312,STEP,3,0.000000,odom,1.425447,0.000000,0.000000,0.000000,0.011164,0.500,5.000,1,1
1762884653.395280,STEP,3,0.000000,odom,1.425579,0.003293,-0.026452,0.007619,0.011195,0.500,5.000,1,1
1762884653.415410,STEP,3,0.000000,odom,1.425579,0.000000,0.000000,0.000000,0.011195,0.500,5.000,1,1
1762884653.435400,STEP,3,0.000000,odom,1.425579,0.000000,0.000000,0.000000,0.011195,0.500,5.000,1,1
1762884653.459304,STEP,3,0.000000,odom,1.425579,0.000000,0.000000,0.000000,0.011195,0.500,5.000,1,1
1762884653.475472,STEP,3,0.000000,odom,1.425579,0.000000,0.000000,0.000000,0.011195,0.500,5.000,1,1
1762884653.495310,STEP,3,0.000000,odom,1.425579,0.000000,0.000000,0.000000,0.011195,0.500,5.000,1,1
1762884653.515329,STEP,3,0.000000,odom,1.425579,0.000000,0.000000,0.000000,0.011195,0.500,5.000,1,1
1762884653.535507,STEP,3,0.000000,odom,1.425579,0.000000,0.000000,0.000000,0.011195,0.500,5.000,1,1
1762884653.555427,STEP,3,0.000000,odom,1.425579,0.000000,0.000000,0.000000,0.011195,0.500,5.000,1,1
1762884653.575914,STEP,3,0.000000,odom,1.425579,0.000000,0.000000,0.000000,0.011332,0.500,5.000,1,1
1762884653.595363,STEP,3,0.000000,odom,1.425710,0.001951,-0.015610,0.004716,0.011481,0.500,5.000,1,1
1762884653.615571,STEP,3,0.000000,odom,1.425710,0.001366,-0.010927,0.003301,0.011481,0.500,5.000,1,1
1762884653.636867,STEP,3,0.000000,odom,1.425710,0.000000,0.000000,0.000000,0.011481,0.500,5.000,1,1
1762884653.655713,STEP,3,0.000000,odom,1.425710,0.000000,0.000000,0.000000,0.011481,0.500,5.000,1,1
1762884653.675315,STEP,3,0.000000,odom,1.425710,0.000000,0.000000,0.000000,0.011481,0.500,5.000,1,1
1762884653.695475,STEP,3,0.000000,odom,1.425710,0.000000,0.000000,0.000000,0.011481,0.500,5.000,1,1
1762884653.715301,STEP,3,0.000000,odom,1.425710,0.000000,0.000000,0.000000,0.011481,0.500,5.000,1,1
1762884653.735313,STEP,3,0.000000,odom,1.425710,0.000000,0.000000,0.000000,0.011481,0.500,5.000,1,1
1762884653.755707,STEP,3,0.000000,odom,1.425710,0.000000,0.000000,0.000000,0.011536,0.500,5.000,1,1
1762884653.775332,STEP,3,0.000000,odom,1.425710,0.000000,0.000000,0.000000,0.011670,0.500,5.000,1,1
1762884653.795901,STEP,3,0.000000,odom,1.425841,0.001952,-0.015328,0.004852,0.011784,0.500,5.000,1,1
1762884653.815522,STEP,3,0.000000,odom,1.425841,0.000000,0.000000,0.000000,0.011784,0.500,5.000,1,1
1762884653.837153,STEP,3,0.000000,odom,1.425841,0.000000,0.000000,0.000000,0.011784,0.500,5.000,1,1
1762884653.855586,STEP,3,0.000000,odom,1.425841,0.000000,0.000000,0.000000,0.011784,0.500,5.000,1,1
1762884653.875299,STEP,3,0.000000,odom,1.425841,0.000000,0.000000,0.000000,0.011784,0.500,5.000,1,1
1762884653.895485,STEP,3,0.000000,odom,1.425841,0.000000,0.000000,0.000000,0.011784,0.500,5.000,1,1
1762884653.915706,STEP,3,0.000000,odom,1.425841,0.000000,0.000000,0.000000,0.011784,0.500,5.000,1,1
1762884653.935230,STEP,3,0.000000,odom,1.425841,0.000000,0.000000,0.000000,0.011902,0.500,5.000,1,1
