t_sec,phase,step_idx,v_z_cmd_ENU,v_z_cmd_NED_z,odom_frame,z_ENU,vz_ENU_meas,vz_NED_meas,alt_min,alt_max,armed,offboard
1762883021.115631,STEP,0,0.500000,-0.500000,odom,1.482994,0.000000,-0.051873,0.500,5.000,1,1
1762883021.135795,STEP,0,0.500000,-0.500000,odom,1.482994,0.000000,-0.051873,0.500,5.000,1,1
1762883021.156662,STEP,0,0.500000,-0.500000,odom,1.482994,0.000000,-0.051873,0.500,5.000,1,1
1762883021.175786,STEP,0,0.500000,-0.500000,odom,1.482994,0.000000,-0.051873,0.500,5.000,1,1
1762883021.195774,STEP,0,0.500000,-0.500000,odom,1.482994,0.000000,-0.068132,0.500,5.000,1,1
1762883021.215604,STEP,0,0.500000,-0.500000,odom,1.482994,0.000000,-0.101152,0.500,5.000,1,1
1762883021.235628,STEP,0,0.500000,-0.500000,odom,1.486998,0.075078,-0.101152,0.500,5.000,1,1
1762883021.255602,STEP,0,0.500000,-0.500000,odom,1.486998,0.000000,-0.101152,0.500,5.000,1,1
1762883021.275743,STEP,0,0.500000,-0.500000,odom,1.486998,0.000000,-0.101152,0.500,5.000,1,1
1762883021.295645,STEP,0,0.500000,-0.500000,odom,1.486998,0.000000,-0.101152,0.500,5.000,1,1
1762883021.315750,STEP,0,0.500000,-0.500000,odom,1.486998,0.000000,-0.101152,0.500,5.000,1,1
1762883021.335926,STEP,0,0.500000,-0.500000,odom,1.486998,0.000000,-0.101152,0.500,5.000,1,1
1762883021.356005,STEP,0,0.500000,-0.500000,odom,1.486998,0.000000,-0.101152,0.500,5.000,1,1
1762883021.376221,STEP,0,0.500000,-0.500000,odom,1.486998,0.000000,-0.101152,0.500,5.000,1,1
1762883021.395659,STEP,0,0.500000,-0.500000,odom,1.486998,0.000000,-0.149292,0.500,5.000,1,1
1762883021.415790,STEP,0,0.500000,-0.500000,odom,1.486998,0.000000,-0.164527,0.500,5.000,1,1
1762883021.435842,STEP,0,0.500000,-0.500000,odom,1.486998,0.000000,-0.164527,0.500,5.000,1,1
1762883021.455888,STEP,0,0.500000,-0.500000,odom,1.486998,0.000000,-0.164527,0.500,5.000,1,1
1762883021.475763,STEP,0,0.500000,-0.500000,odom,1.486998,0.000000,-0.164527,0.500,5.000,1,1
1762883021.498100,STEP,0,0.500000,-0.500000,odom,1.486998,0.000000,-0.164527,0.500,5.000,1,1
1762883021.515598,STEP,0,0.500000,-0.500000,odom,1.486998,0.000000,-0.164527,0.500,5.000,1,1
1762883021.535759,STEP,0,0.500000,-0.500000,odom,1.486998,0.000000,-0.164527,0.500,5.000,1,1
1762883021.555699,STEP,0,0.500000,-0.500000,odom,1.486998,0.000000,-0.164527,0.500,5.000,1,1
1762883021.575650,STEP,0,0.500000,-0.500000,odom,1.486998,0.000000,-0.164527,0.500,5.000,1,1
1762883021.595613,STEP,0,0.500000,-0.500000,odom,1.486998,0.000000,-0.207154,0.500,5.000,1,1
1762883021.616535,STEP,0,0.500000,-0.500000,odom,1.493522,0.122325,-0.232954,0.500,5.000,1,1
1762883021.636064,STEP,0,0.500000,-0.500000,odom,1.493522,0.085627,-0.232954,0.500,5.000,1,1
1762883021.655663,STEP,0,0.500000,-0.500000,odom,1.493522,0.000000,-0.232954,0.500,5.000,1,1
1762883021.675598,STEP,0,0.500000,-0.500000,odom,1.493522,0.000000,-0.232954,0.500,5.000,1,1
1762883021.695611,STEP,0,0.500000,-0.500000,odom,1.493522,0.000000,-0.232954,0.500,5.000,1,1
1762883021.715629,STEP,0,0.500000,-0.500000,odom,1.493522,0.000000,-0.232954,0.500,5.000,1,1
1762883021.735799,STEP,0,0.500000,-0.500000,odom,1.493522,0.000000,-0.232954,0.500,5.000,1,1
1762883021.756006,STEP,0,0.500000,-0.500000,odom,1.493522,0.000000,-0.232954,0.500,5.000,1,1
1762883021.775755,STEP,0,0.500000,-0.500000,odom,1.493522,0.000000,-0.232954,0.500,5.000,1,1
1762883021.795533,STEP,0,0.500000,-0.500000,odom,1.493522,0.000000,-0.267638,0.500,5.000,1,1
1762883021.816351,STEP,0,0.500000,-0.500000,odom,1.502198,0.108446,-0.278263,0.500,5.000,1,1
1762883021.835562,STEP,0,0.500000,-0.500000,odom,1.502198,0.075912,-0.278263,0.500,5.000,1,1
1762883021.855667,STEP,0,0.500000,-0.500000,odom,1.502198,0.000000,-0.278263,0.500,5.000,1,1
1762883021.875601,STEP,0,0.500000,-0.500000,odom,1.502198,0.000000,-0.278263,0.500,5.000,1,1
1762883021.897123,STEP,0,0.500000,-0.500000,odom,1.502198,0.000000,-0.278263,0.500,5.000,1,1
1762883021.916100,STEP,0,0.500000,-0.500000,odom,1.502198,0.000000,-0.278263,0.500,5.000,1,1
1762883021.935627,STEP,0,0.500000,-0.500000,odom,1.502198,0.000000,-0.278263,0.500,5.000,1,1
1762883021.955738,STEP,0,0.500000,-0.500000,odom,1.502198,0.000000,-0.278263,0.500,5.000,1,1
1762883021.977354,STEP,0,0.500000,-0.500000,odom,1.502198,0.000000,-0.288331,0.500,5.000,1,1
1762883021.995572,STEP,0,0.500000,-0.500000,odom,1.512642,0.261081,-0.315967,0.500,5.000,1,1
1762883022.015712,STEP,0,0.500000,-0.500000,odom,1.512642,0.182757,-0.315967,0.500,5.000,1,1
1762883022.036272,STEP,0,0.500000,-0.500000,odom,1.512642,0.000000,-0.315967,0.500,5.000,1,1
1762883022.055670,STEP,0,0.500000,-0.500000,odom,1.512642,0.000000,-0.315967,0.500,5.000,1,1
1762883022.075742,STEP,0,0.500000,-0.500000,odom,1.512642,0.000000,-0.315967,0.500,5.000,1,1
1762883022.096361,STEP,0,0.500000,-0.500000,odom,1.512642,0.000000,-0.315967,0.500,5.000,1,1
1762883022.116104,STEP,0,0.500000,-0.500000,odom,1.512642,0.000000,-0.315967,0.500,5.000,1,1
1762883022.135601,STEP,0,0.500000,-0.500000,odom,1.512642,0.000000,-0.315967,0.500,5.000,1,1
1762883022.155566,STEP,0,0.500000,-0.500000,odom,1.512642,0.000000,-0.332268,0.500,5.000,1,1
1762883022.175576,STEP,0,0.500000,-0.500000,odom,1.524514,0.296778,-0.339873,0.500,5.000,1,1
1762883022.195557,STEP,0,0.500000,-0.500000,odom,1.524514,0.207745,-0.354009,0.500,5.000,1,1
1762883022.215611,STEP,0,0.500000,-0.500000,odom,1.524514,0.000000,-0.354009,0.500,5.000,1,1
1762883022.235554,STEP,0,0.500000,-0.500000,odom,1.524514,0.000000,-0.354009,0.500,5.000,1,1
1762883022.255589,STEP,0,0.500000,-0.500000,odom,1.524514,0.000000,-0.354009,0.500,5.000,1,1
1762883022.275579,STEP,0,0.500000,-0.500000,odom,1.524514,0.000000,-0.354009,0.500,5.000,1,1
1762883022.296498,STEP,0,0.500000,-0.500000,odom,1.524514,0.000000,-0.354009,0.500,5.000,1,1
1762883022.315669,STEP,0,0.500000,-0.500000,odom,1.524514,0.000000,-0.354009,0.500,5.000,1,1
1762883022.335781,STEP,0,0.500000,-0.500000,odom,1.524514,0.000000,-0.354009,0.500,5.000,1,1
1762883022.355618,STEP,0,0.500000,-0.500000,odom,1.524514,0.000000,-0.366852,0.500,5.000,1,1
1762883022.375563,STEP,0,0.500000,-0.500000,odom,1.537531,0.244061,-0.372814,0.500,5.000,1,1
1762883022.395525,STEP,0,0.500000,-0.500000,odom,1.537531,0.170843,-0.372814,0.500,5.000,1,1
1762883022.415618,STEP,0,0.500000,-0.500000,odom,1.537531,0.000000,-0.372814,0.500,5.000,1,1
1762883022.437951,STEP,0,0.500000,-0.500000,odom,1.537531,0.000000,-0.372814,0.500,5.000,1,1
1762883022.455700,STEP,0,0.500000,-0.500000,odom,1.537531,0.000000,-0.372814,0.500,5.000,1,1
1762883022.475603,STEP,0,0.500000,-0.500000,odom,1.537531,0.000000,-0.372814,0.500,5.000,1,1
1762883022.495597,STEP,0,0.500000,-0.500000,odom,1.537531,0.000000,-0.372814,0.500,5.000,1,1
1762883022.516448,STEP,0,0.500000,-0.500000,odom,1.537531,0.000000,-0.372814,0.500,5.000,1,1
1762883022.535789,STEP,0,0.500000,-0.500000,odom,1.537531,0.000000,-0.389061,0.500,5.000,1,1
1762883022.555603,STEP,0,0.500000,-0.500000,odom,1.551464,0.208975,-0.393971,0.500,5.000,1,1
1762883022.575748,STEP,0,0.500000,-0.500000,odom,1.551464,0.146283,-0.393971,0.500,5.000,1,1
1762883022.595523,STEP,0,0.500000,-0.500000,odom,1.551464,0.000000,-0.393971,0.500,5.000,1,1
1762883022.615616,STEP,0,0.500000,-0.500000,odom,1.551464,0.000000,-0.393971,0.500,5.000,1,1
1762883022.635608,STEP,0,0.500000,-0.500000,odom,1.551464,0.000000,-0.393971,0.500,5.000,1,1
1762883022.656257,STEP,0,0.500000,-0.500000,odom,1.551464,0.000000,-0.393971,0.500,5.000,1,1
1762883022.675606,STEP,0,0.500000,-0.500000,odom,1.551464,0.000000,-0.393971,0.500,5.000,1,1
1762883022.695688,STEP,0,0.500000,-0.500000,odom,1.551464,0.000000,-0.393971,0.500,5.000,1,1
1762883022.716275,STEP,0,0.500000,-0.500000,odom,1.551464,0.000000,-0.407370,0.500,5.000,1,1
1762883022.735607,STEP,0,0.500000,-0.500000,odom,1.566124,0.219893,-0.415160,0.500,5.000,1,1
1762883022.755587,STEP,0,0.500000,-0.500000,odom,1.566124,0.153925,-0.415160,0.500,5.000,1,1
1762883022.775766,STEP,0,0.500000,-0.500000,odom,1.566124,0.000000,-0.415160,0.500,5.000,1,1
1762883022.795665,STEP,0,0.500000,-0.500000,odom,1.566124,0.000000,-0.415160,0.500,5.000,1,1
1762883022.815793,STEP,0,0.500000,-0.500000,odom,1.566124,0.000000,-0.415160,0.500,5.000,1,1
1762883022.836114,STEP,0,0.500000,-0.500000,odom,1.566124,0.000000,-0.415160,0.500,5.000,1,1
1762883022.855820,STEP,0,0.500000,-0.500000,odom,1.566124,0.000000,-0.415160,0.500,5.000,1,1
1762883022.875885,STEP,0,0.500000,-0.500000,odom,1.566124,0.000000,-0.415160,0.500,5.000,1,1
1762883022.895550,STEP,0,0.500000,-0.500000,odom,1.566124,0.000000,-0.418759,0.500,5.000,1,1
1762883022.915592,STEP,0,0.500000,-0.500000,odom,1.566124,0.000000,-0.428635,0.500,5.000,1,1
1762883022.935555,STEP,0,0.500000,-0.500000,odom,1.581360,0.380889,-0.428635,0.500,5.000,1,1
1762883022.955957,STEP,0,0.500000,-0.500000,odom,1.581360,0.000000,-0.428635,0.500,5.000,1,1
1762883022.977933,STEP,0,0.500000,-0.500000,odom,1.581360,0.000000,-0.428635,0.500,5.000,1,1
1762883022.995577,STEP,0,0.500000,-0.500000,odom,1.581360,0.000000,-0.428635,0.500,5.000,1,1
1762883023.016347,STEP,0,0.500000,-0.500000,odom,1.581360,0.000000,-0.428635,0.500,5.000,1,1
1762883023.035620,STEP,0,0.500000,-0.500000,odom,1.581360,0.000000,-0.428635,0.500,5.000,1,1
1762883023.058672,STEP,0,0.500000,-0.500000,odom,1.581360,0.000000,-0.428635,0.500,5.000,1,1
1762883023.076109,STEP,0,0.500000,-0.500000,odom,1.581360,0.000000,-0.431622,0.500,5.000,1,1
1762883023.095638,STEP,0,0.500000,-0.500000,odom,1.581360,0.000000,-0.439626,0.500,5.000,1,1
1762883023.115527,STEP,0,0.500000,-0.500000,odom,1.597051,0.294196,-0.439626,0.500,5.000,1,1
1762883023.135809,STEP,0,0.500000,-0.500000,odom,1.597051,0.205937,-0.439626,0.500,5.000,1,1
1762883023.155611,STEP,0,0.500000,-0.500000,odom,1.597051,0.000000,-0.439626,0.500,5.000,1,1
1762883023.175624,STEP,0,0.500000,-0.500000,odom,1.597051,0.000000,-0.439626,0.500,5.000,1,1
1762883023.195637,STEP,0,0.500000,-0.500000,odom,1.597051,0.000000,-0.439626,0.500,5.000,1,1
1762883023.215635,STEP,0,0.500000,-0.500000,odom,1.597051,0.000000,-0.439626,0.500,5.000,1,1
1762883023.236603,STEP,0,0.500000,-0.500000,odom,1.597051,0.000000,-0.439626,0.500,5.000,1,1
1762883023.256130,STEP,0,0.500000,-0.500000,odom,1.597051,0.000000,-0.439626,0.500,5.000,1,1
1762883023.276800,STEP,0,0.500000,-0.500000,odom,1.597051,0.000000,-0.444390,0.500,5.000,1,1
1762883023.295802,STEP,0,0.500000,-0.500000,odom,1.597051,0.000000,-0.450560,0.500,5.000,1,1
1762883023.315627,STEP,0,0.500000,-0.500000,odom,1.613101,0.401229,-0.450560,0.500,5.000,1,1
1762883023.336042,STEP,0,0.500000,-0.500000,odom,1.613101,0.000000,-0.450560,0.500,5.000,1,1
1762883023.357106,STEP,0,0.500000,-0.500000,odom,1.613101,0.000000,-0.450560,0.500,5.000,1,1
1762883023.375635,STEP,0,0.500000,-0.500000,odom,1.613101,0.000000,-0.450560,0.500,5.000,1,1
1762883023.395585,STEP,0,0.500000,-0.500000,odom,1.613101,0.000000,-0.450560,0.500,5.000,1,1
1762883023.415874,STEP,0,0.500000,-0.500000,odom,1.613101,0.000000,-0.450560,0.500,5.000,1,1
1762883023.435644,STEP,0,0.500000,-0.500000,odom,1.613101,0.000000,-0.450560,0.500,5.000,1,1
1762883023.455433,STEP,0,0.500000,-0.500000,odom,1.613101,0.000000,-0.454248,0.500,5.000,1,1
1762883023.475622,STEP,0,0.500000,-0.500000,odom,1.613101,0.000000,-0.455999,0.500,5.000,1,1
1762883023.495539,STEP,0,0.500000,-0.500000,odom,1.629431,0.408236,-0.455999,0.500,5.000,1,1
1762883023.516198,STEP,0,0.500000,-0.500000,odom,1.629431,0.000000,-0.455999,0.500,5.000,1,1
1762883023.536383,STEP,0,0.500000,-0.500000,odom,1.629431,0.000000,-0.455999,0.500,5.000,1,1
1762883023.557151,STEP,0,0.500000,-0.500000,odom,1.629431,0.000000,-0.455999,0.500,5.000,1,1
1762883023.575599,STEP,0,0.500000,-0.500000,odom,1.629431,0.000000,-0.455999,0.500,5.000,1,1
1762883023.595877,STEP,0,0.500000,-0.500000,odom,1.629431,0.000000,-0.455999,0.500,5.000,1,1
1762883023.615625,STEP,0,0.500000,-0.500000,odom,1.629431,0.000000,-0.455999,0.500,5.000,1,1
1762883023.635654,STEP,0,0.500000,-0.500000,odom,1.629431,0.000000,-0.459136,0.500,5.000,1,1
1762883023.655476,STEP,0,0.500000,-0.500000,odom,1.629431,0.000000,-0.461802,0.500,5.000,1,1
1762883023.675944,STEP,0,0.500000,-0.500000,odom,1.629431,0.000000,-0.461802,0.500,5.000,1,1
1762883023.695680,STEP,0,0.500000,-0.500000,odom,1.629431,0.000000,-0.461802,0.500,5.000,1,1
1762883023.715585,STEP,0,0.500000,-0.500000,odom,1.629431,0.000000,-0.461802,0.500,5.000,1,1
1762883023.738154,STEP,0,0.500000,-0.500000,odom,1.629431,0.000000,-0.461802,0.500,5.000,1,1
1762883023.755578,STEP,0,0.500000,-0.500000,odom,1.629431,0.000000,-0.461802,0.500,5.000,1,1
1762883023.775649,STEP,0,0.500000,-0.500000,odom,1.629431,0.000000,-0.461802,0.500,5.000,1,1
1762883023.795801,STEP,0,0.500000,-0.500000,odom,1.629431,0.000000,-0.461802,0.500,5.000,1,1
1762883023.815471,STEP,0,0.500000,-0.500000,odom,1.629431,0.000000,-0.464156,0.500,5.000,1,1
1762883023.835492,STEP,0,0.500000,-0.500000,odom,1.645976,0.413640,-0.466309,0.500,5.000,1,1
1762883023.855903,STEP,0,0.500000,-0.500000,odom,1.645976,0.289548,-0.466309,0.500,5.000,1,1
1762883023.875557,STEP,0,0.500000,-0.500000,odom,1.645976,0.000000,-0.466309,0.500,5.000,1,1
1762883023.895536,STEP,0,0.500000,-0.500000,odom,1.645976,0.000000,-0.466309,0.500,5.000,1,1
1762883023.915724,STEP,0,0.500000,-0.500000,odom,1.645976,0.000000,-0.466309,0.500,5.000,1,1
1762883023.938974,STEP,0,0.500000,-0.500000,odom,1.645976,0.000000,-0.466309,0.500,5.000,1,1
1762883023.955924,STEP,0,0.500000,-0.500000,odom,1.645976,0.000000,-0.466309,0.500,5.000,1,1
1762883023.975591,STEP,0,0.500000,-0.500000,odom,1.645976,0.000000,-0.466309,0.500,5.000,1,1
1762883023.995837,STEP,0,0.500000,-0.500000,odom,1.645976,0.000000,-0.466309,0.500,5.000,1,1
1762883024.015538,STEP,0,0.500000,-0.500000,odom,1.645976,0.000000,-0.468314,0.500,5.000,1,1
1762883024.035476,STEP,0,0.500000,-0.500000,odom,1.662688,0.250681,-0.470836,0.500,5.000,1,1
1762883024.055745,STEP,0,0.500000,-0.500000,odom,1.662688,0.175477,-0.470836,0.500,5.000,1,1
1762883024.075575,STEP,0,0.500000,-0.500000,odom,1.662688,0.000000,-0.470836,0.500,5.000,1,1
1762883024.096296,STEP,0,0.500000,-0.500000,odom,1.662688,0.000000,-0.470836,0.500,5.000,1,1
1762883024.115791,STEP,0,0.500000,-0.500000,odom,1.662688,0.000000,-0.470836,0.500,5.000,1,1
1762883024.135585,STEP,0,0.500000,-0.500000,odom,1.662688,0.000000,-0.470836,0.500,5.000,1,1
1762883024.157590,STEP,0,0.500000,-0.500000,odom,1.662688,0.000000,-0.470836,0.500,5.000,1,1
1762883024.175790,STEP,0,0.500000,-0.500000,odom,1.662688,0.000000,-0.470836,0.500,5.000,1,1
1762883024.195887,STEP,0,0.500000,-0.500000,odom,1.662688,0.000000,-0.473049,0.500,5.000,1,1
1762883024.215897,STEP,0,0.500000,-0.500000,odom,1.679529,0.252606,-0.473645,0.500,5.000,1,1
1762883024.235568,STEP,0,0.500000,-0.500000,odom,1.679529,0.176824,-0.473645,0.500,5.000,1,1
1762883024.256071,STEP,0,0.500000,-0.500000,odom,1.679529,0.000000,-0.473645,0.500,5.000,1,1
1762883024.275641,STEP,0,0.500000,-0.500000,odom,1.679529,0.000000,-0.473645,0.500,5.000,1,1
1762883024.295593,STEP,0,0.500000,-0.500000,odom,1.679529,0.000000,-0.473645,0.500,5.000,1,1
1762883024.315582,STEP,0,0.500000,-0.500000,odom,1.679529,0.000000,-0.473645,0.500,5.000,1,1
1762883024.335613,STEP,0,0.500000,-0.500000,odom,1.679529,0.000000,-0.473645,0.500,5.000,1,1
1762883024.355808,STEP,0,0.500000,-0.500000,odom,1.679529,0.000000,-0.473645,0.500,5.000,1,1
1762883024.378187,STEP,0,0.500000,-0.500000,odom,1.679529,0.000000,-0.474854,0.500,5.000,1,1
1762883024.396704,STEP,0,0.500000,-0.500000,odom,1.696467,0.254080,-0.475439,0.500,5.000,1,1
1762883024.415650,STEP,0,0.500000,-0.500000,odom,1.696467,0.177856,-0.475439,0.500,5.000,1,1
1762883024.435935,STEP,0,0.500000,-0.500000,odom,1.696467,0.000000,-0.475439,0.500,5.000,1,1
1762883024.456447,STEP,0,0.500000,-0.500000,odom,1.696467,0.000000,-0.475439,0.500,5.000,1,1
1762883024.478045,STEP,0,0.500000,-0.500000,odom,1.696467,0.000000,-0.475439,0.500,5.000,1,1
1762883024.495585,STEP,0,0.500000,-0.500000,odom,1.696467,0.000000,-0.475439,0.500,5.000,1,1
1762883024.515624,STEP,0,0.500000,-0.500000,odom,1.696467,0.000000,-0.475439,0.500,5.000,1,1
1762883024.535883,STEP,0,0.500000,-0.500000,odom,1.696467,0.000000,-0.475439,0.500,5.000,1,1
1762883024.555743,STEP,0,0.500000,-0.500000,odom,1.696467,0.000000,-0.476842,0.500,5.000,1,1
1762883024.576349,STEP,0,0.500000,-0.500000,odom,1.713479,0.318985,-0.477272,0.500,5.000,1,1
1762883024.595692,STEP,0,0.500000,-0.500000,odom,1.713479,0.223290,-0.477272,0.500,5.000,1,1
1762883024.615624,STEP,0,0.500000,-0.500000,odom,1.713479,0.000000,-0.477272,0.500,5.000,1,1
1762883024.636967,STEP,0,0.500000,-0.500000,odom,1.713479,0.000000,-0.477272,0.500,5.000,1,1
1762883024.658143,STEP,0,0.500000,-0.500000,odom,1.713479,0.000000,-0.477272,0.500,5.000,1,1
1762883024.676053,STEP,0,0.500000,-0.500000,odom,1.713479,0.000000,-0.477272,0.500,5.000,1,1
1762883024.695995,STEP,0,0.500000,-0.500000,odom,1.713479,0.000000,-0.477272,0.500,5.000,1,1
1762883024.715625,STEP,0,0.500000,-0.500000,odom,1.713479,0.000000,-0.477272,0.500,5.000,1,1
1762883024.735961,STEP,0,0.500000,-0.500000,odom,1.713479,0.000000,-0.478111,0.500,5.000,1,1
1762883024.755646,STEP,0,0.500000,-0.500000,odom,1.713479,0.000000,-0.478774,0.500,5.000,1,1
1762883024.775580,STEP,0,0.500000,-0.500000,odom,1.730548,0.213367,-0.479096,0.500,5.000,1,1
1762883024.795619,STEP,0,0.500000,-0.500000,odom,1.730548,0.149357,-0.479096,0.500,5.000,1,1
1762883024.815797,STEP,0,0.500000,-0.500000,odom,1.730548,0.000000,-0.479096,0.500,5.000,1,1
1762883024.838912,STEP,0,0.500000,-0.500000,odom,1.730548,0.000000,-0.479096,0.500,5.000,1,1
1762883024.856017,STEP,0,0.500000,-0.500000,odom,1.730548,0.000000,-0.479096,0.500,5.000,1,1
1762883024.875756,STEP,0,0.500000,-0.500000,odom,1.730548,0.000000,-0.479096,0.500,5.000,1,1
1762883024.895595,STEP,0,0.500000,-0.500000,odom,1.730548,0.000000,-0.479096,0.500,5.000,1,1
1762883024.915659,STEP,0,0.500000,-0.500000,odom,1.730548,0.000000,-0.479096,0.500,5.000,1,1
1762883024.935556,STEP,0,0.500000,-0.500000,odom,1.730548,0.000000,-0.479931,0.500,5.000,1,1
1762883024.955594,STEP,0,0.500000,-0.500000,odom,1.747659,0.256668,-0.480191,0.500,5.000,1,1
1762883024.976269,STEP,0,0.500000,-0.500000,odom,1.747659,0.179667,-0.480191,0.500,5.000,1,1
1762883024.995666,STEP,0,0.500000,-0.500000,odom,1.747659,0.000000,-0.480191,0.500,5.000,1,1
1762883025.015633,STEP,0,0.500000,-0.500000,odom,1.747659,0.000000,-0.480191,0.500,5.000,1,1
1762883025.035594,STEP,0,0.500000,-0.500000,odom,1.747659,0.000000,-0.480191,0.500,5.000,1,1
1762883025.055562,STEP,0,0.500000,-0.500000,odom,1.747659,0.000000,-0.480191,0.500,5.000,1,1
1762883025.075668,STEP,0,0.500000,-0.500000,odom,1.747659,0.000000,-0.480191,0.500,5.000,1,1
1762883025.095535,STEP,0,0.500000,-0.500000,odom,1.747659,0.000000,-0.480453,0.500,5.000,1,1
1762883025.115750,STEP,0,0.500000,-0.500000,odom,1.747659,0.000000,-0.481080,0.500,5.000,1,1
1762883025.136736,STEP,0,0.500000,-0.500000,odom,1.764800,0.321397,-0.481080,0.500,5.000,1,1
1762883025.155608,STEP,0,0.500000,-0.500000,odom,1.764800,0.224978,-0.481080,0.500,5.000,1,1
1762883025.175647,STEP,0,0.500000,-0.500000,odom,1.764800,0.000000,-0.481080,0.500,5.000,1,1
1762883025.196226,STEP,0,0.500000,-0.500000,odom,1.764800,0.000000,-0.481080,0.500,5.000,1,1
1762883025.215635,STEP,0,0.500000,-0.500000,odom,1.764800,0.000000,-0.481080,0.500,5.000,1,1
1762883025.235784,STEP,0,0.500000,-0.500000,odom,1.764800,0.000000,-0.481080,0.500,5.000,1,1
1762883025.255565,STEP,0,0.500000,-0.500000,odom,1.764800,0.000000,-0.481080,0.500,5.000,1,1
1762883025.275818,STEP,0,0.500000,-0.500000,odom,1.764800,0.000000,-0.481080,0.500,5.000,1,1
1762883025.297603,STEP,0,0.500000,-0.500000,odom,1.764800,0.000000,-0.481406,0.500,5.000,1,1
1762883025.315912,STEP,0,0.500000,-0.500000,odom,1.764800,0.000000,-0.481806,0.500,5.000,1,1
1762883025.335544,STEP,0,0.500000,-0.500000,odom,1.781960,0.429019,-0.481806,0.500,5.000,1,1
1762883025.355577,STEP,0,0.500000,-0.500000,odom,1.781960,0.000000,-0.481806,0.500,5.000,1,1
1762883025.375705,STEP,0,0.500000,-0.500000,odom,1.781960,0.000000,-0.481806,0.500,5.000,1,1
1762883025.396734,STEP,0,0.500000,-0.500000,odom,1.781960,0.000000,-0.481806,0.500,5.000,1,1
1762883025.417030,STEP,0,0.500000,-0.500000,odom,1.781960,0.000000,-0.481806,0.500,5.000,1,1
1762883025.435869,STEP,0,0.500000,-0.500000,odom,1.781960,0.000000,-0.481806,0.500,5.000,1,1
1762883025.455665,STEP,0,0.500000,-0.500000,odom,1.781960,0.000000,-0.481806,0.500,5.000,1,1
1762883025.475435,STEP,0,0.500000,-0.500000,odom,1.781960,0.000000,-0.482030,0.500,5.000,1,1
1762883025.496365,STEP,0,0.500000,-0.500000,odom,1.781960,0.000000,-0.482375,0.500,5.000,1,1
1762883025.515577,STEP,0,0.500000,-0.500000,odom,1.781960,0.000000,-0.482375,0.500,5.000,1,1
1762883025.535552,STEP,0,0.500000,-0.500000,odom,1.799132,0.643956,-0.482375,0.500,5.000,1,1
1762883025.556284,STEP,0,0.500000,-0.500000,odom,1.799132,0.000000,-0.482375,0.500,5.000,1,1
1762883025.575774,STEP,0,0.500000,-0.500000,odom,1.799132,0.000000,-0.482375,0.500,5.000,1,1
1762883025.595624,STEP,0,0.500000,-0.500000,odom,1.799132,0.000000,-0.482375,0.500,5.000,1,1
1762883025.615658,STEP,0,0.500000,-0.500000,odom,1.799132,0.000000,-0.482375,0.500,5.000,1,1
1762883025.636133,STEP,0,0.500000,-0.500000,odom,1.799132,0.000000,-0.482375,0.500,5.000,1,1
1762883025.655812,STEP,0,0.500000,-0.500000,odom,1.799132,0.000000,-0.482369,0.500,5.000,1,1
1762883025.675611,STEP,0,0.500000,-0.500000,odom,1.799132,0.000000,-0.482442,0.500,5.000,1,1
1762883025.695581,STEP,0,0.500000,-0.500000,odom,1.799132,0.000000,-0.482442,0.500,5.000,1,1
1762883025.715840,STEP,0,0.500000,-0.500000,odom,1.816309,1.288306,-0.482442,0.500,5.000,1,1
1762883025.735599,STEP,0,0.500000,-0.500000,odom,1.816309,0.000000,-0.482442,0.500,5.000,1,1
1762883025.757575,STEP,0,0.500000,-0.500000,odom,1.816309,0.000000,-0.482442,0.500,5.000,1,1
1762883025.775666,STEP,0,0.500000,-0.500000,odom,1.816309,0.000000,-0.482442,0.500,5.000,1,1
1762883025.797256,STEP,0,0.500000,-0.500000,odom,1.816309,0.000000,-0.482442,0.500,5.000,1,1
1762883025.816386,STEP,0,0.500000,-0.500000,odom,1.816309,0.000000,-0.482442,0.500,5.000,1,1
1762883025.835727,STEP,0,0.500000,-0.500000,odom,1.816309,0.000000,-0.482442,0.500,5.000,1,1
1762883025.855576,STEP,0,0.500000,-0.500000,odom,1.816309,0.000000,-0.482390,0.500,5.000,1,1
1762883025.875695,STEP,0,0.500000,-0.500000,odom,1.816309,0.000000,-0.482382,0.500,5.000,1,1
1762883025.895571,STEP,0,0.500000,-0.500000,odom,1.816309,0.000000,-0.482382,0.500,5.000,1,1
1762883025.915560,STEP,0,0.500000,-0.500000,odom,1.816309,0.000000,-0.482382,0.500,5.000,1,1
1762883025.935896,STEP,0,0.500000,-0.500000,odom,1.816309,0.000000,-0.482382,0.500,5.000,1,1
1762883025.955575,STEP,0,0.500000,-0.500000,odom,1.816309,0.000000,-0.482382,0.500,5.000,1,1
1762883025.978080,STEP,0,0.500000,-0.500000,odom,1.816309,0.000000,-0.482382,0.500,5.000,1,1
1762883025.995605,STEP,0,0.500000,-0.500000,odom,1.816309,0.000000,-0.482382,0.500,5.000,1,1
1762883026.015840,STEP,0,0.500000,-0.500000,odom,1.816309,0.000000,-0.482382,0.500,5.000,1,1
1762883026.035516,STEP,0,0.500000,-0.500000,odom,1.816309,0.000000,-0.482330,0.500,5.000,1,1
1762883026.055704,STEP,0,0.500000,-0.500000,odom,1.833483,0.214689,-0.482311,0.500,5.000,1,1
1762883026.075576,STEP,0,0.500000,-0.500000,odom,1.833483,0.150282,-0.482311,0.500,5.000,1,1
1762883026.096014,STEP,0,0.500000,-0.500000,odom,1.833483,0.000000,-0.482311,0.500,5.000,1,1
1762883026.116288,STEP,0,0.500000,-0.500000,odom,1.833483,0.000000,-0.482311,0.500,5.000,1,1
1762883026.135679,STEP,0,0.500000,-0.500000,odom,1.833483,0.000000,-0.482311,0.500,5.000,1,1
1762883026.156241,STEP,0,0.500000,-0.500000,odom,1.833483,0.000000,-0.482311,0.500,5.000,1,1
1762883026.175597,STEP,0,0.500000,-0.500000,odom,1.833483,0.000000,-0.482311,0.500,5.000,1,1
1762883026.195628,STEP,0,0.500000,-0.500000,odom,1.833483,0.000000,-0.482311,0.500,5.000,1,1
1762883026.215824,STEP,0,0.500000,-0.500000,odom,1.833483,0.000000,-0.482288,0.500,5.000,1,1
1762883026.235606,STEP,0,0.500000,-0.500000,odom,1.850651,0.643809,-0.482308,0.500,5.000,1,1
1762883026.257225,STEP,0,0.500000,-0.500000,odom,1.850651,0.450666,-0.482308,0.500,5.000,1,1
1762883026.275599,STEP,0,0.500000,-0.500000,odom,1.850651,0.315466,-0.482308,0.500,5.000,1,1
1762883026.295535,STEP,0,0.500000,-0.500000,odom,1.850651,0.000000,-0.482308,0.500,5.000,1,1
1762883026.315835,STEP,0,0.500000,-0.500000,odom,1.850651,0.000000,-0.482308,0.500,5.000,1,1
1762883026.335974,STEP,0,0.500000,-0.500000,odom,1.850651,0.000000,-0.482308,0.500,5.000,1,1
1762883026.361260,STEP,0,0.500000,-0.500000,odom,1.850651,0.000000,-0.482308,0.500,5.000,1,1
1762883026.375612,STEP,0,0.500000,-0.500000,odom,1.850651,0.000000,-0.482308,0.500,5.000,1,1
1762883026.395839,STEP,0,0.500000,-0.500000,odom,1.850651,0.000000,-0.482308,0.500,5.000,1,1
1762883026.415636,STEP,0,0.500000,-0.500000,odom,1.850651,0.000000,-0.482360,0.500,5.000,1,1
1762883026.435601,STEP,0,0.500000,-0.500000,odom,1.867813,0.257438,-0.482415,0.500,5.000,1,1
1762883026.455592,STEP,0,0.500000,-0.500000,odom,1.867813,0.180207,-0.482415,0.500,5.000,1,1
1762883026.475718,STEP,0,0.500000,-0.500000,odom,1.867813,0.000000,-0.482415,0.500,5.000,1,1
1762883026.495545,STEP,0,0.500000,-0.500000,odom,1.867813,0.000000,-0.482415,0.500,5.000,1,1
1762883026.515648,STEP,0,0.500000,-0.500000,odom,1.867813,0.000000,-0.482415,0.500,5.000,1,1
1762883026.535615,STEP,0,0.500000,-0.500000,odom,1.867813,0.000000,-0.482415,0.500,5.000,1,1
1762883026.555600,STEP,0,0.500000,-0.500000,odom,1.867813,0.000000,-0.482415,0.500,5.000,1,1
1762883026.575755,STEP,0,0.500000,-0.500000,odom,1.867813,0.000000,-0.482415,0.500,5.000,1,1
1762883026.595447,STEP,0,0.500000,-0.500000,odom,1.867813,0.000000,-0.482351,0.500,5.000,1,1
1762883026.615761,STEP,0,0.500000,-0.500000,odom,1.884970,0.257368,-0.482303,0.500,5.000,1,1
1762883026.635626,STEP,0,0.500000,-0.500000,odom,1.884970,0.180158,-0.482303,0.500,5.000,1,1
1762883026.655920,STEP,0,0.500000,-0.500000,odom,1.884970,0.000000,-0.482303,0.500,5.000,1,1
1762883026.677882,STEP,0,0.500000,-0.500000,odom,1.884970,0.000000,-0.482303,0.500,5.000,1,1
1762883026.695536,STEP,0,0.500000,-0.500000,odom,1.884970,0.000000,-0.482303,0.500,5.000,1,1
1762883026.719090,STEP,0,0.500000,-0.500000,odom,1.884970,0.000000,-0.482303,0.500,5.000,1,1
1762883026.735595,STEP,0,0.500000,-0.500000,odom,1.884970,0.000000,-0.482303,0.500,5.000,1,1
1762883026.755619,STEP,0,0.500000,-0.500000,odom,1.884970,0.000000,-0.482303,0.500,5.000,1,1
1762883026.775663,STEP,0,0.500000,-0.500000,odom,1.884970,0.000000,-0.482234,0.500,5.000,1,1
1762883026.795628,STEP,0,0.500000,-0.500000,odom,1.902123,0.321617,-0.482340,0.500,5.000,1,1
1762883026.815594,STEP,0,0.500000,-0.500000,odom,1.902123,0.225132,-0.482340,0.500,5.000,1,1
1762883026.836075,STEP,0,0.500000,-0.500000,odom,1.902123,0.000000,-0.482340,0.500,5.000,1,1
1762883026.855658,STEP,0,0.500000,-0.500000,odom,1.902123,0.000000,-0.482340,0.500,5.000,1,1
1762883026.875606,STEP,0,0.500000,-0.500000,odom,1.902123,0.000000,-0.482340,0.500,5.000,1,1
1762883026.897064,STEP,0,0.500000,-0.500000,odom,1.902123,0.000000,-0.482340,0.500,5.000,1,1
1762883026.915646,STEP,0,0.500000,-0.500000,odom,1.902123,0.000000,-0.482340,0.500,5.000,1,1
1762883026.935580,STEP,0,0.500000,-0.500000,odom,1.902123,0.000000,-0.482340,0.500,5.000,1,1
1762883026.955904,STEP,0,0.500000,-0.500000,odom,1.902123,0.000000,-0.482305,0.500,5.000,1,1
1762883026.975684,STEP,0,0.500000,-0.500000,odom,1.902123,0.000000,-0.482421,0.500,5.000,1,1
1762883026.995589,STEP,0,0.500000,-0.500000,odom,1.919277,0.257315,-0.482460,0.500,5.000,1,1
1762883027.016055,STEP,0,0.500000,-0.500000,odom,1.919277,0.180120,-0.482460,0.500,5.000,1,1
1762883027.037610,STEP,0,0.500000,-0.500000,odom,1.919277,0.000000,-0.482460,0.500,5.000,1,1
1762883027.055810,STEP,0,0.500000,-0.500000,odom,1.919277,0.000000,-0.482460,0.500,5.000,1,1
1762883027.076083,STEP,0,0.500000,-0.500000,odom,1.919277,0.000000,-0.482460,0.500,5.000,1,1
1762883027.096969,STEP,0,0.500000,-0.500000,odom,1.919277,0.000000,-0.482460,0.500,5.000,1,1
1762883027.115609,STEP,0,0.500000,-0.500000,odom,1.919277,0.000000,-0.482460,0.500,5.000,1,1
1762883027.135506,STEP,0,0.500000,-0.500000,odom,1.919277,0.000000,-0.482495,0.500,5.000,1,1
1762883027.155500,STEP,0,0.500000,-0.500000,odom,1.919277,0.000000,-0.482498,0.500,5.000,1,1
1762883027.175574,STEP,0,0.500000,-0.500000,odom,1.936436,0.321741,-0.482498,0.500,5.000,1,1
1762883027.196354,STEP,0,0.500000,-0.500000,odom,1.936436,0.225218,-0.482498,0.500,5.000,1,1
1762883027.215706,STEP,0,0.500000,-0.500000,odom,1.936436,0.000000,-0.482498,0.500,5.000,1,1
1762883027.235744,STEP,0,0.500000,-0.500000,odom,1.936436,0.000000,-0.482498,0.500,5.000,1,1
1762883027.255647,STEP,0,0.500000,-0.500000,odom,1.936436,0.000000,-0.482498,0.500,5.000,1,1
1762883027.278557,STEP,0,0.500000,-0.500000,odom,1.936436,0.000000,-0.482498,0.500,5.000,1,1
1762883027.295810,STEP,0,0.500000,-0.500000,odom,1.936436,0.000000,-0.482498,0.500,5.000,1,1
1762883027.315586,STEP,0,0.500000,-0.500000,odom,1.936436,0.000000,-0.482485,0.500,5.000,1,1
1762883027.335415,STEP,0,0.500000,-0.500000,odom,1.936436,0.000000,-0.482602,0.500,5.000,1,1
1762883027.355586,STEP,0,0.500000,-0.500000,odom,1.953600,0.257461,-0.482602,0.500,5.000,1,1
1762883027.375674,STEP,0,0.500000,-0.500000,odom,1.953600,0.180223,-0.482602,0.500,5.000,1,1
1762883027.395590,STEP,0,0.500000,-0.500000,odom,1.953600,0.000000,-0.482602,0.500,5.000,1,1
1762883027.415848,STEP,0,0.500000,-0.500000,odom,1.953600,0.000000,-0.482602,0.500,5.000,1,1
1762883027.435573,STEP,0,0.500000,-0.500000,odom,1.953600,0.000000,-0.482602,0.500,5.000,1,1
1762883027.457072,STEP,0,0.500000,-0.500000,odom,1.953600,0.000000,-0.482602,0.500,5.000,1,1
1762883027.476132,STEP,0,0.500000,-0.500000,odom,1.953600,0.000000,-0.482602,0.500,5.000,1,1
1762883027.495763,STEP,0,0.500000,-0.500000,odom,1.953600,0.000000,-0.482602,0.500,5.000,1,1
1762883027.515628,STEP,0,0.500000,-0.500000,odom,1.953600,0.000000,-0.482689,0.500,5.000,1,1
1762883027.535572,STEP,0,0.500000,-0.500000,odom,1.953600,0.000000,-0.482714,0.500,5.000,1,1
1762883027.555591,STEP,0,0.500000,-0.500000,odom,1.970770,0.429259,-0.482714,0.500,5.000,1,1
1762883027.577192,STEP,0,0.500000,-0.500000,odom,1.970770,0.000000,-0.482714,0.500,5.000,1,1
1762883027.596801,STEP,0,0.500000,-0.500000,odom,1.970770,0.000000,-0.482714,0.500,5.000,1,1
1762883027.615619,STEP,0,0.500000,-0.500000,odom,1.970770,0.000000,-0.482714,0.500,5.000,1,1
1762883027.635615,STEP,0,0.500000,-0.500000,odom,1.970770,0.000000,-0.482714,0.500,5.000,1,1
1762883027.655614,STEP,0,0.500000,-0.500000,odom,1.970770,0.000000,-0.482714,0.500,5.000,1,1
1762883027.676265,STEP,0,0.500000,-0.500000,odom,1.970770,0.000000,-0.482714,0.500,5.000,1,1
1762883027.695402,STEP,0,0.500000,-0.500000,odom,1.970770,0.000000,-0.482818,0.500,5.000,1,1
1762883027.715678,STEP,0,0.500000,-0.500000,odom,1.970770,0.000000,-0.482848,0.500,5.000,1,1
1762883027.735605,STEP,0,0.500000,-0.500000,odom,1.987950,0.322135,-0.482940,0.500,5.000,1,1
1762883027.755570,STEP,0,0.500000,-0.500000,odom,1.987950,0.225495,-0.482940,0.500,5.000,1,1
1762883027.775801,STEP,0,0.500000,-0.500000,odom,1.987950,0.000000,-0.482940,0.500,5.000,1,1
1762883027.795756,STEP,0,0.500000,-0.500000,odom,1.987950,0.000000,-0.482940,0.500,5.000,1,1
1762883027.815592,STEP,0,0.500000,-0.500000,odom,1.987950,0.000000,-0.482940,0.500,5.000,1,1
1762883027.835900,STEP,0,0.500000,-0.500000,odom,1.987950,0.000000,-0.482940,0.500,5.000,1,1
1762883027.855731,STEP,0,0.500000,-0.500000,odom,1.987950,0.000000,-0.482940,0.500,5.000,1,1
1762883027.875911,STEP,0,0.500000,-0.500000,odom,1.987950,0.000000,-0.482957,0.500,5.000,1,1
1762883027.895632,STEP,0,0.500000,-0.500000,odom,1.987950,0.000000,-0.482915,0.500,5.000,1,1
1762883027.915675,STEP,0,0.500000,-0.500000,odom,2.005141,0.257863,-0.482915,0.500,5.000,1,1
1762883027.935606,STEP,0,0.500000,-0.500000,odom,2.005141,0.000000,-0.482915,0.500,5.000,1,1
1762883027.955618,STEP,0,0.500000,-0.500000,odom,2.005141,0.000000,-0.482915,0.500,5.000,1,1
1762883027.975658,STEP,0,0.500000,-0.500000,odom,2.005141,0.000000,-0.482915,0.500,5.000,1,1
1762883027.995751,STEP,0,0.500000,-0.500000,odom,2.005141,0.000000,-0.482915,0.500,5.000,1,1
1762883028.017418,STEP,0,0.500000,-0.500000,odom,2.005141,0.000000,-0.482915,0.500,5.000,1,1
1762883028.035516,STEP,0,0.500000,-0.500000,odom,2.005141,0.000000,-0.482915,0.500,5.000,1,1
1762883028.057136,STEP,0,0.500000,-0.500000,odom,2.005141,0.000000,-0.483017,0.500,5.000,1,1
1762883028.075536,STEP,0,0.500000,-0.500000,odom,2.005141,0.000000,-0.483088,0.500,5.000,1,1
1762883028.095577,STEP,0,0.500000,-0.500000,odom,2.005141,0.000000,-0.483088,0.500,5.000,1,1
1762883028.115671,STEP,0,0.500000,-0.500000,odom,2.005141,0.000000,-0.483088,0.500,5.000,1,1
1762883028.138160,STEP,0,0.500000,-0.500000,odom,2.005141,0.000000,-0.483088,0.500,5.000,1,1
1762883028.155724,STEP,0,0.500000,-0.500000,odom,2.005141,0.000000,-0.483088,0.500,5.000,1,1
1762883028.176289,STEP,0,0.500000,-0.500000,odom,2.005141,0.000000,-0.483088,0.500,5.000,1,1
1762883028.198681,STEP,0,0.500000,-0.500000,odom,2.005141,0.000000,-0.483088,0.500,5.000,1,1
1762883028.215665,STEP,0,0.500000,-0.500000,odom,2.005141,0.000000,-0.483088,0.500,5.000,1,1
1762883028.235702,STEP,0,0.500000,-0.500000,odom,2.005141,0.000000,-0.483088,0.500,5.000,1,1
1762883028.255809,STEP,0,0.500000,-0.500000,odom,2.005141,0.000000,-0.483181,0.500,5.000,1,1
1762883028.275604,STEP,0,0.500000,-0.500000,odom,2.022343,0.322554,-0.483391,0.500,5.000,1,1
1762883028.295699,STEP,0,0.500000,-0.500000,odom,2.022343,0.225788,-0.483391,0.500,5.000,1,1
1762883028.316027,STEP,0,0.500000,-0.500000,odom,2.022343,0.000000,-0.483391,0.500,5.000,1,1
1762883028.335849,STEP,0,0.500000,-0.500000,odom,2.022343,0.000000,-0.483391,0.500,5.000,1,1
1762883028.356410,STEP,0,0.500000,-0.500000,odom,2.022343,0.000000,-0.483391,0.500,5.000,1,1
1762883028.375593,STEP,0,0.500000,-0.500000,odom,2.022343,0.000000,-0.483391,0.500,5.000,1,1
1762883028.395720,STEP,0,0.500000,-0.500000,odom,2.022343,0.000000,-0.483391,0.500,5.000,1,1
1762883028.416774,STEP,0,0.500000,-0.500000,odom,2.022343,0.000000,-0.483391,0.500,5.000,1,1
1762883028.435937,STEP,0,0.500000,-0.500000,odom,2.022343,0.000000,-0.483506,0.500,5.000,1,1
1762883028.455528,STEP,0,0.500000,-0.500000,odom,2.039563,0.322876,-0.483791,0.500,5.000,1,1
1762883028.475559,STEP,0,0.500000,-0.500000,odom,2.039563,0.226013,-0.483791,0.500,5.000,1,1
1762883028.495651,STEP,0,0.500000,-0.500000,odom,2.039563,0.000000,-0.483791,0.500,5.000,1,1
1762883028.515556,STEP,0,0.500000,-0.500000,odom,2.039563,0.000000,-0.483791,0.500,5.000,1,1
1762883028.535630,STEP,0,0.500000,-0.500000,odom,2.039563,0.000000,-0.483791,0.500,5.000,1,1
1762883028.556710,STEP,0,0.500000,-0.500000,odom,2.039563,0.000000,-0.483791,0.500,5.000,1,1
1762883028.575574,STEP,0,0.500000,-0.500000,odom,2.039563,0.000000,-0.483791,0.500,5.000,1,1
1762883028.595604,STEP,0,0.500000,-0.500000,odom,2.039563,0.000000,-0.483791,0.500,5.000,1,1
1762883028.615628,STEP,0,0.500000,-0.500000,odom,2.039563,0.000000,-0.483965,0.500,5.000,1,1
1762883028.635925,STEP,0,0.500000,-0.500000,odom,2.056800,0.323192,-0.484069,0.500,5.000,1,1
1762883028.655713,STEP,0,0.500000,-0.500000,odom,2.056800,0.226234,-0.484069,0.500,5.000,1,1
1762883028.675615,STEP,0,0.500000,-0.500000,odom,2.056800,0.000000,-0.484069,0.500,5.000,1,1
1762883028.695609,STEP,0,0.500000,-0.500000,odom,2.056800,0.000000,-0.484069,0.500,5.000,1,1
1762883028.715588,STEP,0,0.500000,-0.500000,odom,2.056800,0.000000,-0.484069,0.500,5.000,1,1
1762883028.735622,STEP,0,0.500000,-0.500000,odom,2.056800,0.000000,-0.484069,0.500,5.000,1,1
1762883028.755647,STEP,0,0.500000,-0.500000,odom,2.056800,0.000000,-0.484069,0.500,5.000,1,1
1762883028.775638,STEP,0,0.500000,-0.500000,odom,2.056800,0.000000,-0.484069,0.500,5.000,1,1
1762883028.795568,STEP,0,0.500000,-0.500000,odom,2.056800,0.000000,-0.484287,0.500,5.000,1,1
1762883028.815668,STEP,0,0.500000,-0.500000,odom,2.074056,0.431396,-0.484405,0.500,5.000,1,1
1762883028.835686,STEP,0,0.500000,-0.500000,odom,2.074056,0.301977,-0.484405,0.500,5.000,1,1
1762883028.855589,STEP,0,0.500000,-0.500000,odom,2.074056,0.000000,-0.484405,0.500,5.000,1,1
1762883028.875722,STEP,0,0.500000,-0.500000,odom,2.074056,0.000000,-0.484405,0.500,5.000,1,1
1762883028.896232,STEP,0,0.500000,-0.500000,odom,2.074056,0.000000,-0.484405,0.500,5.000,1,1
1762883028.915726,STEP,0,0.500000,-0.500000,odom,2.074056,0.000000,-0.484405,0.500,5.000,1,1
1762883028.936044,STEP,0,0.500000,-0.500000,odom,2.074056,0.000000,-0.484405,0.500,5.000,1,1
1762883028.955542,STEP,0,0.500000,-0.500000,odom,2.074056,0.000000,-0.484405,0.500,5.000,1,1
1762883028.976075,STEP,0,0.500000,-0.500000,odom,2.074056,0.000000,-0.484544,0.500,5.000,1,1
1762883028.995389,STEP,0,0.500000,-0.500000,odom,2.074056,0.000000,-0.484991,0.500,5.000,1,1
1762883029.015694,STEP,0,0.500000,-0.500000,odom,2.091331,0.259137,-0.485202,0.500,5.000,1,1
1762883029.035876,STEP,0,0.500000,-0.500000,odom,2.091331,0.181396,-0.485202,0.500,5.000,1,1
1762883029.055927,STEP,0,0.500000,-0.500000,odom,2.091331,0.000000,-0.485202,0.500,5.000,1,1
1762883029.076731,STEP,0,0.500000,-0.500000,odom,2.091331,0.000000,-0.485202,0.500,5.000,1,1
1762883029.095582,STEP,0,0.500000,-0.500000,odom,2.091331,0.000000,-0.485202,0.500,5.000,1,1
1762883029.116264,STEP,0,0.500000,-0.500000,odom,2.091331,0.000000,-0.485202,0.500,5.000,1,1
1762883029.136610,STEP,0,0.500000,-0.500000,odom,2.091331,0.000000,-0.485202,0.500,5.000,1,1
1762883029.155674,STEP,0,0.500000,-0.500000,odom,2.091331,0.000000,-0.485202,0.500,5.000,1,1
1762883029.177017,STEP,0,0.500000,-0.500000,odom,2.091331,0.000000,-0.485330,0.500,5.000,1,1
1762883029.195582,STEP,0,0.500000,-0.500000,odom,2.091331,0.000000,-0.485593,0.500,5.000,1,1
1762883029.215637,STEP,0,0.500000,-0.500000,odom,2.108626,0.324280,-0.485593,0.500,5.000,1,1
1762883029.235851,STEP,0,0.500000,-0.500000,odom,2.108626,0.000000,-0.485593,0.500,5.000,1,1
1762883029.255580,STEP,0,0.500000,-0.500000,odom,2.108626,0.000000,-0.485593,0.500,5.000,1,1
1762883029.275650,STEP,0,0.500000,-0.500000,odom,2.108626,0.000000,-0.485593,0.500,5.000,1,1
1762883029.295741,STEP,0,0.500000,-0.500000,odom,2.108626,0.000000,-0.485593,0.500,5.000,1,1
1762883029.316439,STEP,0,0.500000,-0.500000,odom,2.108626,0.000000,-0.485593,0.500,5.000,1,1
1762883029.335966,STEP,0,0.500000,-0.500000,odom,2.108626,0.000000,-0.485593,0.500,5.000,1,1
1762883029.355888,STEP,0,0.500000,-0.500000,odom,2.108626,0.000000,-0.485728,0.500,5.000,1,1
1762883029.375425,STEP,0,0.500000,-0.500000,odom,2.108626,0.000000,-0.485969,0.500,5.000,1,1
1762883029.395581,STEP,0,0.500000,-0.500000,odom,2.125937,0.324586,-0.485969,0.500,5.000,1,1
1762883029.415612,STEP,0,0.500000,-0.500000,odom,2.125937,0.227210,-0.485969,0.500,5.000,1,1
1762883029.435575,STEP,0,0.500000,-0.500000,odom,2.125937,0.000000,-0.485969,0.500,5.000,1,1
1762883029.456155,STEP,0,0.500000,-0.500000,odom,2.125937,0.000000,-0.485969,0.500,5.000,1,1
1762883029.475687,STEP,0,0.500000,-0.500000,odom,2.125937,0.000000,-0.485969,0.500,5.000,1,1
1762883029.496071,STEP,0,0.500000,-0.500000,odom,2.125937,0.000000,-0.485969,0.500,5.000,1,1
1762883029.515738,STEP,0,0.500000,-0.500000,odom,2.125937,0.000000,-0.485969,0.500,5.000,1,1
1762883029.535578,STEP,0,0.500000,-0.500000,odom,2.125937,0.000000,-0.485969,0.500,5.000,1,1
1762883029.555574,STEP,0,0.500000,-0.500000,odom,2.125937,0.000000,-0.486177,0.500,5.000,1,1
1762883029.575479,STEP,0,0.500000,-0.500000,odom,2.125937,0.000000,-0.486338,0.500,5.000,1,1
1762883029.596060,STEP,0,0.500000,-0.500000,odom,2.143264,0.324885,-0.486338,0.500,5.000,1,1
1762883029.616960,STEP,0,0.500000,-0.500000,odom,2.143264,0.000000,-0.486338,0.500,5.000,1,1
1762883029.635843,STEP,0,0.500000,-0.500000,odom,2.143264,0.000000,-0.486338,0.500,5.000,1,1
1762883029.656022,STEP,0,0.500000,-0.500000,odom,2.143264,0.000000,-0.486338,0.500,5.000,1,1
1762883029.675617,STEP,0,0.500000,-0.500000,odom,2.143264,0.000000,-0.486338,0.500,5.000,1,1
1762883029.695662,STEP,0,0.500000,-0.500000,odom,2.143264,0.000000,-0.486338,0.500,5.000,1,1
1762883029.715559,STEP,0,0.500000,-0.500000,odom,2.143264,0.000000,-0.486338,0.500,5.000,1,1
1762883029.736018,STEP,0,0.500000,-0.500000,odom,2.143264,0.000000,-0.486438,0.500,5.000,1,1
1762883029.757790,STEP,0,0.500000,-0.500000,odom,2.143264,0.000000,-0.486577,0.500,5.000,1,1
1762883029.775697,STEP,0,0.500000,-0.500000,odom,2.160603,0.260087,-0.486577,0.500,5.000,1,1
1762883029.795679,STEP,0,0.500000,-0.500000,odom,2.160603,0.000000,-0.486577,0.500,5.000,1,1
1762883029.815615,STEP,0,0.500000,-0.500000,odom,2.160603,0.000000,-0.486577,0.500,5.000,1,1
1762883029.835662,STEP,0,0.500000,-0.500000,odom,2.160603,0.000000,-0.486577,0.500,5.000,1,1
1762883029.857049,STEP,0,0.500000,-0.500000,odom,2.160603,0.000000,-0.486577,0.500,5.000,1,1
1762883029.875667,STEP,0,0.500000,-0.500000,odom,2.160603,0.000000,-0.486577,0.500,5.000,1,1
1762883029.895922,STEP,0,0.500000,-0.500000,odom,2.160603,0.000000,-0.486577,0.500,5.000,1,1
1762883029.916824,STEP,0,0.500000,-0.500000,odom,2.160603,0.000000,-0.486749,0.500,5.000,1,1
1762883029.935766,STEP,0,0.500000,-0.500000,odom,2.160603,0.000000,-0.486804,0.500,5.000,1,1
1762883029.955735,STEP,0,0.500000,-0.500000,odom,2.177954,0.260268,-0.486804,0.500,5.000,1,1
1762883029.975559,STEP,0,0.500000,-0.500000,odom,2.177954,0.000000,-0.486804,0.500,5.000,1,1
1762883029.995629,STEP,0,0.500000,-0.500000,odom,2.177954,0.000000,-0.486804,0.500,5.000,1,1
1762883030.016026,STEP,0,0.500000,-0.500000,odom,2.177954,0.000000,-0.486804,0.500,5.000,1,1
1762883030.036171,STEP,0,0.500000,-0.500000,odom,2.177954,0.000000,-0.486804,0.500,5.000,1,1
1762883030.055951,STEP,0,0.500000,-0.500000,odom,2.177954,0.000000,-0.486804,0.500,5.000,1,1
1762883030.075739,STEP,0,0.500000,-0.500000,odom,2.177954,0.000000,-0.486804,0.500,5.000,1,1
1762883030.095437,STEP,0,0.500000,-0.500000,odom,2.177954,0.000000,-0.486835,0.500,5.000,1,1
1762883030.115431,STEP,0,0.500000,-0.500000,odom,2.177954,0.000000,-0.487085,0.500,5.000,1,1
1762883030.135742,STEP,0,0.500000,-0.500000,odom,2.177954,0.000000,-0.487113,0.500,5.000,1,1
1762883030.155566,STEP,0,0.500000,-0.500000,odom,2.195317,0.651146,-0.487113,0.500,5.000,1,1
1762883030.175736,STEP,0,0.500000,-0.500000,odom,2.195317,0.000000,-0.487113,0.500,5.000,1,1
1762883030.195694,STEP,0,0.500000,-0.500000,odom,2.195317,0.000000,-0.487113,0.500,5.000,1,1
1762883030.215604,STEP,0,0.500000,-0.500000,odom,2.195317,0.000000,-0.487113,0.500,5.000,1,1
1762883030.235619,STEP,0,0.500000,-0.500000,odom,2.195317,0.000000,-0.487113,0.500,5.000,1,1
1762883030.255938,STEP,0,0.500000,-0.500000,odom,2.195317,0.000000,-0.487113,0.500,5.000,1,1
1762883030.275732,STEP,0,0.500000,-0.500000,odom,2.195317,0.000000,-0.487113,0.500,5.000,1,1
1762883030.295614,STEP,0,0.500000,-0.500000,odom,2.195317,0.000000,-0.487189,0.500,5.000,1,1
1762883030.315546,STEP,0,0.500000,-0.500000,odom,2.195317,0.000000,-0.487318,0.500,5.000,1,1
1762883030.335707,STEP,0,0.500000,-0.500000,odom,2.195317,0.000000,-0.487318,0.500,5.000,1,1
1762883030.355574,STEP,0,0.500000,-0.500000,odom,2.195317,0.000000,-0.487318,0.500,5.000,1,1
1762883030.375663,STEP,0,0.500000,-0.500000,odom,2.195317,0.000000,-0.487318,0.500,5.000,1,1
1762883030.395655,STEP,0,0.500000,-0.500000,odom,2.195317,0.000000,-0.487318,0.500,5.000,1,1
1762883030.415628,STEP,0,0.500000,-0.500000,odom,2.195317,0.000000,-0.487318,0.500,5.000,1,1
1762883030.435740,STEP,0,0.500000,-0.500000,odom,2.195317,0.000000,-0.487318,0.500,5.000,1,1
1762883030.455682,STEP,0,0.500000,-0.500000,odom,2.195317,0.000000,-0.487318,0.500,5.000,1,1
1762883030.475427,STEP,0,0.500000,-0.500000,odom,2.195317,0.000000,-0.487407,0.500,5.000,1,1
1762883030.495418,STEP,0,0.500000,-0.500000,odom,2.212693,0.651601,-0.487523,0.500,5.000,1,1
1762883030.515704,STEP,0,0.500000,-0.500000,odom,2.212693,0.456121,-0.487523,0.500,5.000,1,1
1762883030.535574,STEP,0,0.500000,-0.500000,odom,2.212693,0.319284,-0.487523,0.500,5.000,1,1
1762883030.555911,STEP,0,0.500000,-0.500000,odom,2.212693,0.000000,-0.487523,0.500,5.000,1,1
1762883030.575646,STEP,0,0.500000,-0.500000,odom,2.212693,0.000000,-0.487523,0.500,5.000,1,1
1762883030.597242,STEP,0,0.500000,-0.500000,odom,2.212693,0.000000,-0.487523,0.500,5.000,1,1
1762883030.615603,STEP,0,0.500000,-0.500000,odom,2.212693,0.000000,-0.487523,0.500,5.000,1,1
1762883030.635689,STEP,0,0.500000,-0.500000,odom,2.212693,0.000000,-0.487523,0.500,5.000,1,1
1762883030.655767,STEP,0,0.500000,-0.500000,odom,2.212693,0.000000,-0.487458,0.500,5.000,1,1
1762883030.675562,STEP,0,0.500000,-0.500000,odom,2.230077,0.260773,-0.487660,0.500,5.000,1,1
1762883030.695728,STEP,0,0.500000,-0.500000,odom,2.230077,0.182541,-0.487660,0.500,5.000,1,1
1762883030.715627,STEP,0,0.500000,-0.500000,odom,2.230077,0.000000,-0.487660,0.500,5.000,1,1
1762883030.736338,STEP,0,0.500000,-0.500000,odom,2.230077,0.000000,-0.487660,0.500,5.000,1,1
1762883030.756099,STEP,0,0.500000,-0.500000,odom,2.230077,0.000000,-0.487660,0.500,5.000,1,1
1762883030.775593,STEP,0,0.500000,-0.500000,odom,2.230077,0.000000,-0.487660,0.500,5.000,1,1
1762883030.796314,STEP,0,0.500000,-0.500000,odom,2.230077,0.000000,-0.487660,0.500,5.000,1,1
1762883030.818124,STEP,0,0.500000,-0.500000,odom,2.230077,0.000000,-0.487660,0.500,5.000,1,1
1762883030.837749,STEP,0,0.500000,-0.500000,odom,2.230077,0.000000,-0.487716,0.500,5.000,1,1
1762883030.855898,STEP,0,0.500000,-0.500000,odom,2.247469,0.326115,-0.487753,0.500,5.000,1,1
1762883030.875636,STEP,0,0.500000,-0.500000,odom,2.247469,0.228280,-0.487753,0.500,5.000,1,1
1762883030.895939,STEP,0,0.500000,-0.500000,odom,2.247469,0.000000,-0.487753,0.500,5.000,1,1
1762883030.915950,STEP,0,0.500000,-0.500000,odom,2.247469,0.000000,-0.487753,0.500,5.000,1,1
1762883030.935633,STEP,0,0.500000,-0.500000,odom,2.247469,0.000000,-0.487753,0.500,5.000,1,1
1762883030.958617,STEP,0,0.500000,-0.500000,odom,2.247469,0.000000,-0.487753,0.500,5.000,1,1
1762883030.975568,STEP,0,0.500000,-0.500000,odom,2.247469,0.000000,-0.487753,0.500,5.000,1,1
1762883030.995778,STEP,0,0.500000,-0.500000,odom,2.247469,0.000000,-0.487753,0.500,5.000,1,1
1762883031.015691,STEP,0,0.500000,-0.500000,odom,2.247469,0.000000,-0.487820,0.500,5.000,1,1
1762883031.036044,STEP,0,0.500000,-0.500000,odom,2.264868,0.261000,-0.487837,0.500,5.000,1,1
1762883031.056089,STEP,0,0.500000,-0.500000,odom,2.264868,0.182700,-0.487837,0.500,5.000,1,1
1762883031.075735,STEP,0,0.500000,-0.500000,odom,2.264868,0.000000,-0.487837,0.500,5.000,1,1
1762883031.095598,STEP,0,0.500000,-0.500000,odom,2.264868,0.000000,-0.487837,0.500,5.000,1,1
1762883031.115597,STEP,0,0.500000,-0.500000,odom,2.264868,0.000000,-0.487837,0.500,5.000,1,1
1762883031.135602,STEP,0,0.500000,-0.500000,odom,2.264868,0.000000,-0.487837,0.500,5.000,1,1
1762883031.155797,STEP,0,0.500000,-0.500000,odom,2.264868,0.000000,-0.487837,0.500,5.000,1,1
1762883031.175566,STEP,0,0.500000,-0.500000,odom,2.264868,0.000000,-0.487837,0.500,5.000,1,1
1762883031.195691,STEP,0,0.500000,-0.500000,odom,2.264868,0.000000,-0.487835,0.500,5.000,1,1
1762883031.215744,STEP,0,0.500000,-0.500000,odom,2.264868,0.000000,-0.487981,0.500,5.000,1,1
1762883031.235571,STEP,0,0.500000,-0.500000,odom,2.282277,0.326430,-0.487981,0.500,5.000,1,1
1762883031.255764,STEP,0,0.500000,-0.500000,odom,2.282277,0.228501,-0.487981,0.500,5.000,1,1
1762883031.275659,STEP,0,0.500000,-0.500000,odom,2.282277,0.000000,-0.487981,0.500,5.000,1,1
1762883031.298301,STEP,0,0.500000,-0.500000,odom,2.282277,0.000000,-0.487981,0.500,5.000,1,1
1762883031.317183,STEP,0,0.500000,-0.500000,odom,2.282277,0.000000,-0.487981,0.500,5.000,1,1
1762883031.338069,STEP,0,0.500000,-0.500000,odom,2.282277,0.000000,-0.487981,0.500,5.000,1,1
1762883031.355634,STEP,0,0.500000,-0.500000,odom,2.282277,0.000000,-0.487981,0.500,5.000,1,1
1762883031.376591,STEP,0,0.500000,-0.500000,odom,2.282277,0.000000,-0.487981,0.500,5.000,1,1
1762883031.395775,STEP,0,0.500000,-0.500000,odom,2.282277,0.000000,-0.488029,0.500,5.000,1,1
1762883031.415949,STEP,0,0.500000,-0.500000,odom,2.282277,0.000000,-0.488228,0.500,5.000,1,1
1762883031.435597,STEP,0,0.500000,-0.500000,odom,2.299700,0.261358,-0.488290,0.500,5.000,1,1
1762883031.456806,STEP,0,0.500000,-0.500000,odom,2.299700,0.182951,-0.488290,0.500,5.000,1,1
1762883031.475593,STEP,0,0.500000,-0.500000,odom,2.299700,0.000000,-0.488290,0.500,5.000,1,1
1762883031.496322,STEP,0,0.500000,-0.500000,odom,2.299700,0.000000,-0.488290,0.500,5.000,1,1
1762883031.517085,STEP,0,0.500000,-0.500000,odom,2.299700,0.000000,-0.488290,0.500,5.000,1,1
1762883031.535559,STEP,0,0.500000,-0.500000,odom,2.299700,0.000000,-0.488290,0.500,5.000,1,1
1762883031.555680,STEP,0,0.500000,-0.500000,odom,2.299700,0.000000,-0.488290,0.500,5.000,1,1
1762883031.575631,STEP,0,0.500000,-0.500000,odom,2.299700,0.000000,-0.488399,0.500,5.000,1,1
1762883031.597075,STEP,0,0.500000,-0.500000,odom,2.299700,0.000000,-0.488647,0.500,5.000,1,1
1762883031.615729,STEP,0,0.500000,-0.500000,odom,2.317138,0.261587,-0.488647,0.500,5.000,1,1
1762883031.635687,STEP,0,0.500000,-0.500000,odom,2.317138,0.000000,-0.488647,0.500,5.000,1,1
1762883031.655574,STEP,0,0.500000,-0.500000,odom,2.317138,0.000000,-0.488647,0.500,5.000,1,1
1762883031.675653,STEP,0,0.500000,-0.500000,odom,2.317138,0.000000,-0.488647,0.500,5.000,1,1
1762883031.695596,STEP,0,0.500000,-0.500000,odom,2.317138,0.000000,-0.488647,0.500,5.000,1,1
1762883031.715727,STEP,0,0.500000,-0.500000,odom,2.317138,0.000000,-0.488647,0.500,5.000,1,1
1762883031.735731,STEP,0,0.500000,-0.500000,odom,2.317138,0.000000,-0.488647,0.500,5.000,1,1
1762883031.755729,STEP,0,0.500000,-0.500000,odom,2.317138,0.000000,-0.488647,0.500,5.000,1,1
1762883031.775606,STEP,0,0.500000,-0.500000,odom,2.317138,0.000000,-0.488958,0.500,5.000,1,1
1762883031.795620,STEP,0,0.500000,-0.500000,odom,2.334594,0.327310,-0.488958,0.500,5.000,1,1
1762883031.815532,STEP,0,0.500000,-0.500000,odom,2.334594,0.229117,-0.488958,0.500,5.000,1,1
1762883031.835599,STEP,0,0.500000,-0.500000,odom,2.334594,0.000000,-0.488958,0.500,5.000,1,1
1762883031.855603,STEP,0,0.500000,-0.500000,odom,2.334594,0.000000,-0.488958,0.500,5.000,1,1
1762883031.875639,STEP,0,0.500000,-0.500000,odom,2.334594,0.000000,-0.488958,0.500,5.000,1,1
1762883031.900673,STEP,0,0.500000,-0.500000,odom,2.334594,0.000000,-0.488958,0.500,5.000,1,1
1762883031.915689,STEP,0,0.500000,-0.500000,odom,2.334594,0.000000,-0.488958,0.500,5.000,1,1
1762883031.935573,STEP,0,0.500000,-0.500000,odom,2.334594,0.000000,-0.488958,0.500,5.000,1,1
1762883031.955884,STEP,0,0.500000,-0.500000,odom,2.334594,0.000000,-0.489074,0.500,5.000,1,1
1762883031.975568,STEP,0,0.500000,-0.500000,odom,2.334594,0.000000,-0.489165,0.500,5.000,1,1
1762883031.995679,STEP,0,0.500000,-0.500000,odom,2.352066,0.218416,-0.489165,0.500,5.000,1,1
1762883032.015777,STEP,0,0.500000,-0.500000,odom,2.352066,0.000000,-0.489165,0.500,5.000,1,1
1762883032.035690,STEP,0,0.500000,-0.500000,odom,2.352066,0.000000,-0.489165,0.500,5.000,1,1
1762883032.055621,STEP,0,0.500000,-0.500000,odom,2.352066,0.000000,-0.489165,0.500,5.000,1,1
1762883032.077091,STEP,0,0.500000,-0.500000,odom,2.352066,0.000000,-0.489165,0.500,5.000,1,1
1762883032.095616,STEP,0,0.500000,-0.500000,odom,2.352066,0.000000,-0.489165,0.500,5.000,1,1
1762883032.115816,STEP,0,0.500000,-0.500000,odom,2.352066,0.000000,-0.489165,0.500,5.000,1,1
1762883032.135653,STEP,0,0.500000,-0.500000,odom,2.352066,0.000000,-0.489165,0.500,5.000,1,1
1762883032.155539,STEP,0,0.500000,-0.500000,odom,2.352066,0.000000,-0.489430,0.500,5.000,1,1
1762883032.177668,STEP,0,0.500000,-0.500000,odom,2.352066,0.000000,-0.489476,0.500,5.000,1,1
1762883032.195683,STEP,0,0.500000,-0.500000,odom,2.369556,0.262359,-0.489476,0.500,5.000,1,1
1762883032.215598,STEP,0,0.500000,-0.500000,odom,2.369556,0.000000,-0.489476,0.500,5.000,1,1
1762883032.235584,STEP,0,0.500000,-0.500000,odom,2.369556,0.000000,-0.489476,0.500,5.000,1,1
1762883032.256065,STEP,0,0.500000,-0.500000,odom,2.369556,0.000000,-0.489476,0.500,5.000,1,1
1762883032.275576,STEP,0,0.500000,-0.500000,odom,2.369556,0.000000,-0.489476,0.500,5.000,1,1
1762883032.295626,STEP,0,0.500000,-0.500000,odom,2.369556,0.000000,-0.489476,0.500,5.000,1,1
1762883032.316593,STEP,0,0.500000,-0.500000,odom,2.369556,0.000000,-0.489476,0.500,5.000,1,1
1762883032.336081,STEP,0,0.500000,-0.500000,odom,2.369556,0.000000,-0.489476,0.500,5.000,1,1
1762883032.355632,STEP,0,0.500000,-0.500000,odom,2.369556,0.000000,-0.489653,0.500,5.000,1,1
1762883032.375881,STEP,0,0.500000,-0.500000,odom,2.369556,0.000000,-0.489713,0.500,5.000,1,1
1762883032.395545,STEP,0,0.500000,-0.500000,odom,2.387064,0.656579,-0.489713,0.500,5.000,1,1
1762883032.415853,STEP,0,0.500000,-0.500000,odom,2.387064,0.000000,-0.489713,0.500,5.000,1,1
1762883032.435943,STEP,0,0.500000,-0.500000,odom,2.387064,0.000000,-0.489713,0.500,5.000,1,1
1762883032.455576,STEP,0,0.500000,-0.500000,odom,2.387064,0.000000,-0.489713,0.500,5.000,1,1
1762883032.475856,STEP,0,0.500000,-0.500000,odom,2.387064,0.000000,-0.489713,0.500,5.000,1,1
1762883032.495610,STEP,0,0.500000,-0.500000,odom,2.387064,0.000000,-0.489713,0.500,5.000,1,1
1762883032.515620,STEP,0,0.500000,-0.500000,odom,2.387064,0.000000,-0.489713,0.500,5.000,1,1
1762883032.536047,STEP,0,0.500000,-0.500000,odom,2.387064,0.000000,-0.489814,0.500,5.000,1,1
1762883032.556335,STEP,0,0.500000,-0.500000,odom,2.387064,0.000000,-0.489970,0.500,5.000,1,1
1762883032.575585,STEP,0,0.500000,-0.500000,odom,2.387064,0.000000,-0.489970,0.500,5.000,1,1
1762883032.596896,STEP,0,0.500000,-0.500000,odom,2.387064,0.000000,-0.489970,0.500,5.000,1,1
1762883032.617050,STEP,0,0.500000,-0.500000,odom,2.387064,0.000000,-0.489970,0.500,5.000,1,1
1762883032.635613,STEP,0,0.500000,-0.500000,odom,2.387064,0.000000,-0.489970,0.500,5.000,1,1
1762883032.659284,STEP,0,0.500000,-0.500000,odom,2.387064,0.000000,-0.489970,0.500,5.000,1,1
1762883032.675617,STEP,0,0.500000,-0.500000,odom,2.387064,0.000000,-0.489970,0.500,5.000,1,1
1762883032.695885,STEP,0,0.500000,-0.500000,odom,2.387064,0.000000,-0.489970,0.500,5.000,1,1
1762883032.718007,STEP,0,0.500000,-0.500000,odom,2.387064,0.000000,-0.490098,0.500,5.000,1,1
1762883032.735635,STEP,0,0.500000,-0.500000,odom,2.404595,0.657449,-0.490360,0.500,5.000,1,1
1762883032.755628,STEP,0,0.500000,-0.500000,odom,2.404595,0.460215,-0.490360,0.500,5.000,1,1
1762883032.775580,STEP,0,0.500000,-0.500000,odom,2.404595,0.000000,-0.490360,0.500,5.000,1,1
1762883032.795566,STEP,0,0.500000,-0.500000,odom,2.404595,0.000000,-0.490360,0.500,5.000,1,1
1762883032.815867,STEP,0,0.500000,-0.500000,odom,2.404595,0.000000,-0.490360,0.500,5.000,1,1
1762883032.839879,STEP,0,0.500000,-0.500000,odom,2.404595,0.000000,-0.490360,0.500,5.000,1,1
1762883032.855698,STEP,0,0.500000,-0.500000,odom,2.404595,0.000000,-0.490360,0.500,5.000,1,1
1762883032.876196,STEP,0,0.500000,-0.500000,odom,2.404595,0.000000,-0.490360,0.500,5.000,1,1
1762883032.895615,STEP,0,0.500000,-0.500000,odom,2.404595,0.000000,-0.490360,0.500,5.000,1,1
1762883032.915668,STEP,0,0.500000,-0.500000,odom,2.422153,0.658455,-0.490572,0.500,5.000,1,1
1762883032.936033,STEP,0,0.500000,-0.500000,odom,2.422153,0.460919,-0.490681,0.500,5.000,1,1
1762883032.955618,STEP,0,0.500000,-0.500000,odom,2.422153,0.322643,-0.490681,0.500,5.000,1,1
1762883032.976338,STEP,0,0.500000,-0.500000,odom,2.422153,0.000000,-0.490681,0.500,5.000,1,1
1762883032.999069,STEP,0,0.500000,-0.500000,odom,2.422153,0.000000,-0.490681,0.500,5.000,1,1
1762883033.015636,STEP,0,0.500000,-0.500000,odom,2.422153,0.000000,-0.490681,0.500,5.000,1,1
1762883033.037441,STEP,0,0.500000,-0.500000,odom,2.422153,0.000000,-0.490681,0.500,5.000,1,1
1762883033.055621,STEP,0,0.500000,-0.500000,odom,2.422153,0.000000,-0.490681,0.500,5.000,1,1
1762883033.075644,STEP,0,0.500000,-0.500000,odom,2.422153,0.000000,-0.490841,0.500,5.000,1,1
1762883033.095776,STEP,0,0.500000,-0.500000,odom,2.439740,0.659531,-0.491142,0.500,5.000,1,1
1762883033.115565,STEP,0,0.500000,-0.500000,odom,2.439740,0.461672,-0.491142,0.500,5.000,1,1
1762883033.135741,STEP,0,0.500000,-0.500000,odom,2.439740,0.323170,-0.491142,0.500,5.000,1,1
1762883033.155591,STEP,0,0.500000,-0.500000,odom,2.439740,0.000000,-0.491142,0.500,5.000,1,1
1762883033.175847,STEP,0,0.500000,-0.500000,odom,2.439740,0.000000,-0.491142,0.500,5.000,1,1
1762883033.195609,STEP,0,0.500000,-0.500000,odom,2.439740,0.000000,-0.491142,0.500,5.000,1,1
1762883033.217073,STEP,0,0.500000,-0.500000,odom,2.439740,0.000000,-0.491142,0.500,5.000,1,1
1762883033.235574,STEP,0,0.500000,-0.500000,odom,2.439740,0.000000,-0.491142,0.500,5.000,1,1
1762883033.256911,STEP,0,0.500000,-0.500000,odom,2.439740,0.000000,-0.491142,0.500,5.000,1,1
1762883033.275623,STEP,0,0.500000,-0.500000,odom,2.439740,0.000000,-0.491490,0.500,5.000,1,1
1762883033.295691,STEP,0,0.500000,-0.500000,odom,2.457359,0.330365,-0.491672,0.500,5.000,1,1
1762883033.315654,STEP,0,0.500000,-0.500000,odom,2.457359,0.231255,-0.491672,0.500,5.000,1,1
1762883033.336214,STEP,0,0.500000,-0.500000,odom,2.457359,0.000000,-0.491672,0.500,5.000,1,1
1762883033.355573,STEP,0,0.500000,-0.500000,odom,2.457359,0.000000,-0.491672,0.500,5.000,1,1
1762883033.375786,STEP,0,0.500000,-0.500000,odom,2.457359,0.000000,-0.491672,0.500,5.000,1,1
1762883033.396238,STEP,0,0.500000,-0.500000,odom,2.457359,0.000000,-0.491672,0.500,5.000,1,1
1762883033.415658,STEP,0,0.500000,-0.500000,odom,2.457359,0.000000,-0.491672,0.500,5.000,1,1
1762883033.436033,STEP,0,0.500000,-0.500000,odom,2.457359,0.000000,-0.491672,0.500,5.000,1,1
1762883033.455739,STEP,0,0.500000,-0.500000,odom,2.457359,0.000000,-0.491672,0.500,5.000,1,1
1762883033.475780,STEP,0,0.500000,-0.500000,odom,2.457359,0.000000,-0.491783,0.500,5.000,1,1
1762883033.495699,STEP,0,0.500000,-0.500000,odom,2.475011,0.330983,-0.492203,0.500,5.000,1,1
1762883033.515598,STEP,0,0.500000,-0.500000,odom,2.475011,0.231688,-0.492203,0.500,5.000,1,1
1762883033.535583,STEP,0,0.500000,-0.500000,odom,2.475011,0.000000,-0.492203,0.500,5.000,1,1
1762883033.555938,STEP,0,0.500000,-0.500000,odom,2.475011,0.000000,-0.492203,0.500,5.000,1,1
1762883033.575575,STEP,0,0.500000,-0.500000,odom,2.475011,0.000000,-0.492203,0.500,5.000,1,1
1762883033.598135,STEP,0,0.500000,-0.500000,odom,2.475011,0.000000,-0.492203,0.500,5.000,1,1
1762883033.615592,STEP,0,0.500000,-0.500000,odom,2.475011,0.000000,-0.492203,0.500,5.000,1,1
1762883033.636012,STEP,0,0.500000,-0.500000,odom,2.475011,0.000000,-0.492203,0.500,5.000,1,1
1762883033.655661,STEP,0,0.500000,-0.500000,odom,2.475011,0.000000,-0.492294,0.500,5.000,1,1
1762883033.675666,STEP,0,0.500000,-0.500000,odom,2.475011,0.000000,-0.492627,0.500,5.000,1,1
1762883033.695624,STEP,0,0.500000,-0.500000,odom,2.492698,0.265303,-0.492627,0.500,5.000,1,1
1762883033.715683,STEP,0,0.500000,-0.500000,odom,2.492698,0.000000,-0.492627,0.500,5.000,1,1
1762883033.735613,STEP,0,0.500000,-0.500000,odom,2.492698,0.000000,-0.492627,0.500,5.000,1,1
1762883033.755642,STEP,0,0.500000,-0.500000,odom,2.492698,0.000000,-0.492627,0.500,5.000,1,1
1762883033.775578,STEP,0,0.500000,-0.500000,odom,2.492698,0.000000,-0.492627,0.500,5.000,1,1
1762883033.795645,STEP,0,0.500000,-0.500000,odom,2.492698,0.000000,-0.492627,0.500,5.000,1,1
1762883033.815891,STEP,0,0.500000,-0.500000,odom,2.492698,0.000000,-0.492627,0.500,5.000,1,1
1762883033.835675,STEP,0,0.500000,-0.500000,odom,2.492698,0.000000,-0.492736,0.500,5.000,1,1
1762883033.855522,STEP,0,0.500000,-0.500000,odom,2.492698,0.000000,-0.492909,0.500,5.000,1,1
1762883033.875568,STEP,0,0.500000,-0.500000,odom,2.510418,0.265808,-0.493024,0.500,5.000,1,1
1762883033.895692,STEP,0,0.500000,-0.500000,odom,2.510418,0.186065,-0.493024,0.500,5.000,1,1
1762883033.915694,STEP,0,0.500000,-0.500000,odom,2.510418,0.000000,-0.493024,0.500,5.000,1,1
1762883033.935680,STEP,0,0.500000,-0.500000,odom,2.510418,0.000000,-0.493024,0.500,5.000,1,1
1762883033.955742,STEP,0,0.500000,-0.500000,odom,2.510418,0.000000,-0.493024,0.500,5.000,1,1
1762883033.975641,STEP,0,0.500000,-0.500000,odom,2.510418,0.000000,-0.493024,0.500,5.000,1,1
1762883033.999112,STEP,0,0.500000,-0.500000,odom,2.510418,0.000000,-0.493024,0.500,5.000,1,1
1762883034.015819,STEP,0,0.500000,-0.500000,odom,2.510418,0.000000,-0.493024,0.500,5.000,1,1
1762883034.035721,STEP,0,0.500000,-0.500000,odom,2.510418,0.000000,-0.493293,0.500,5.000,1,1
1762883034.055565,STEP,0,0.500000,-0.500000,odom,2.510418,0.000000,-0.493573,0.500,5.000,1,1
1762883034.075638,STEP,0,0.500000,-0.500000,odom,2.528173,0.266321,-0.493573,0.500,5.000,1,1
1762883034.097431,STEP,0,0.500000,-0.500000,odom,2.528173,0.000000,-0.493573,0.500,5.000,1,1
1762883034.115551,STEP,0,0.500000,-0.500000,odom,2.528173,0.000000,-0.493573,0.500,5.000,1,1
1762883034.135590,STEP,0,0.500000,-0.500000,odom,2.528173,0.000000,-0.493573,0.500,5.000,1,1
1762883034.155651,STEP,0,0.500000,-0.500000,odom,2.528173,0.000000,-0.493573,0.500,5.000,1,1
1762883034.175585,STEP,0,0.500000,-0.500000,odom,2.528173,0.000000,-0.493573,0.500,5.000,1,1
1762883034.195646,STEP,0,0.500000,-0.500000,odom,2.528173,0.000000,-0.493573,0.500,5.000,1,1
1762883034.215620,STEP,0,0.500000,-0.500000,odom,2.528173,0.000000,-0.493573,0.500,5.000,1,1
1762883034.235782,STEP,0,0.500000,-0.500000,odom,2.528173,0.000000,-0.493914,0.500,5.000,1,1
1762883034.255689,STEP,0,0.500000,-0.500000,odom,2.528173,0.000000,-0.494104,0.500,5.000,1,1
1762883034.275637,STEP,0,0.500000,-0.500000,odom,2.528173,0.000000,-0.494211,0.500,5.000,1,1
1762883034.295595,STEP,0,0.500000,-0.500000,odom,2.545964,1.334332,-0.494211,0.500,5.000,1,1
1762883034.315882,STEP,0,0.500000,-0.500000,odom,2.545964,0.000000,-0.494211,0.500,5.000,1,1
1762883034.335603,STEP,0,0.500000,-0.500000,odom,2.545964,0.000000,-0.494211,0.500,5.000,1,1
1762883034.359389,STEP,0,0.500000,-0.500000,odom,2.545964,0.000000,-0.494211,0.500,5.000,1,1
1762883034.375712,STEP,0,0.500000,-0.500000,odom,2.545964,0.000000,-0.494211,0.500,5.000,1,1
1762883034.395738,STEP,0,0.500000,-0.500000,odom,2.545964,0.000000,-0.494211,0.500,5.000,1,1
1762883034.415581,STEP,0,0.500000,-0.500000,odom,2.545964,0.000000,-0.494211,0.500,5.000,1,1
1762883034.435879,STEP,0,0.500000,-0.500000,odom,2.545964,0.000000,-0.494211,0.500,5.000,1,1
1762883034.457217,STEP,0,0.500000,-0.500000,odom,2.545964,0.000000,-0.494314,0.500,5.000,1,1
1762883034.475496,STEP,0,0.500000,-0.500000,odom,2.545964,0.000000,-0.495112,0.500,5.000,1,1
1762883034.495734,STEP,0,0.500000,-0.500000,odom,2.563793,0.267433,-0.495112,0.500,5.000,1,1
1762883034.515745,STEP,0,0.500000,-0.500000,odom,2.563793,0.000000,-0.495112,0.500,5.000,1,1
1762883034.537149,STEP,0,0.500000,-0.500000,odom,2.563793,0.000000,-0.495112,0.500,5.000,1,1
1762883034.557607,STEP,0,0.500000,-0.500000,odom,2.563793,0.000000,-0.495112,0.500,5.000,1,1
1762883034.575670,STEP,0,0.500000,-0.500000,odom,2.563793,0.000000,-0.495112,0.500,5.000,1,1
1762883034.597073,STEP,0,0.500000,-0.500000,odom,2.563793,0.000000,-0.495112,0.500,5.000,1,1
1762883034.615864,STEP,0,0.500000,-0.500000,odom,2.563793,0.000000,-0.495112,0.500,5.000,1,1
1762883034.635732,STEP,0,0.500000,-0.500000,odom,2.563793,0.000000,-0.495112,0.500,5.000,1,1
1762883034.655604,STEP,0,0.500000,-0.500000,odom,2.563793,0.000000,-0.495112,0.500,5.000,1,1
1762883034.675648,STEP,0,0.500000,-0.500000,odom,2.563793,0.000000,-0.495266,0.500,5.000,1,1
1762883034.695662,STEP,0,0.500000,-0.500000,odom,2.563793,0.000000,-0.495756,0.500,5.000,1,1
1762883034.716008,STEP,0,0.500000,-0.500000,odom,2.581660,0.335013,-0.495756,0.500,5.000,1,1
1762883034.735620,STEP,0,0.500000,-0.500000,odom,2.581660,0.000000,-0.495756,0.500,5.000,1,1
1762883034.755754,STEP,0,0.500000,-0.500000,odom,2.581660,0.000000,-0.495756,0.500,5.000,1,1
1762883034.776115,STEP,0,0.500000,-0.500000,odom,2.581660,0.000000,-0.495756,0.500,5.000,1,1
1762883034.795682,STEP,0,0.500000,-0.500000,odom,2.581660,0.000000,-0.495756,0.500,5.000,1,1
1762883034.815841,STEP,0,0.500000,-0.500000,odom,2.581660,0.000000,-0.495756,0.500,5.000,1,1
1762883034.836013,STEP,0,0.500000,-0.500000,odom,2.581660,0.000000,-0.495756,0.500,5.000,1,1
1762883034.856183,STEP,0,0.500000,-0.500000,odom,2.581660,0.000000,-0.495756,0.500,5.000,1,1
1762883034.875655,STEP,0,0.500000,-0.500000,odom,2.581660,0.000000,-0.495756,0.500,5.000,1,1
1762883034.895546,STEP,0,0.500000,-0.500000,odom,2.581660,0.000000,-0.495938,0.500,5.000,1,1
1762883034.915687,STEP,0,0.500000,-0.500000,odom,2.581660,0.000000,-0.496115,0.500,5.000,1,1
1762883034.935900,STEP,0,0.500000,-0.500000,odom,2.581660,0.000000,-0.496462,0.500,5.000,1,1
1762883034.955611,STEP,0,0.500000,-0.500000,odom,2.581660,0.000000,-0.496462,0.500,5.000,1,1
1762883034.975774,STEP,0,0.500000,-0.500000,odom,2.581660,0.000000,-0.496462,0.500,5.000,1,1
1762883034.996556,STEP,0,0.500000,-0.500000,odom,2.581660,0.000000,-0.496462,0.500,5.000,1,1
1762883035.016250,STEP,0,0.500000,-0.500000,odom,2.581660,0.000000,-0.496462,0.500,5.000,1,1
1762883035.035765,STEP,0,0.500000,-0.500000,odom,2.581660,0.000000,-0.496462,0.500,5.000,1,1
1762883035.055640,STEP,0,0.500000,-0.500000,odom,2.581660,0.000000,-0.496462,0.500,5.000,1,1
1762883035.076243,STEP,0,0.500000,-0.500000,odom,2.581660,0.000000,-0.496462,0.500,5.000,1,1
1762883035.096313,STEP,0,0.500000,-0.500000,odom,2.581660,0.000000,-0.496462,0.500,5.000,1,1
1762883035.115873,STEP,0,0.500000,-0.500000,odom,2.581660,0.000000,-0.496599,0.500,5.000,1,1
1762883035.135921,STEP,0,0.500000,-0.500000,odom,2.599564,0.447582,-0.496928,0.500,5.000,1,1
1762883035.155918,STEP,0,0.500000,-0.500000,odom,2.599564,0.313307,-0.496928,0.500,5.000,1,1
1762883035.175792,STEP,0,0.500000,-0.500000,odom,2.599564,0.219315,-0.496928,0.500,5.000,1,1
1762883035.195900,STEP,0,0.500000,-0.500000,odom,2.599564,0.000000,-0.496928,0.500,5.000,1,1
1762883035.216237,STEP,0,0.500000,-0.500000,odom,2.599564,0.000000,-0.496928,0.500,5.000,1,1
1762883035.235688,STEP,0,0.500000,-0.500000,odom,2.599564,0.000000,-0.496928,0.500,5.000,1,1
1762883035.256187,STEP,0,0.500000,-0.500000,odom,2.599564,0.000000,-0.496928,0.500,5.000,1,1
1762883035.275864,STEP,0,0.500000,-0.500000,odom,2.599564,0.000000,-0.496928,0.500,5.000,1,1
1762883035.295820,STEP,0,0.500000,-0.500000,odom,2.599564,0.000000,-0.496928,0.500,5.000,1,1
1762883035.315922,STEP,0,0.500000,-0.500000,odom,2.599564,0.000000,-0.496928,0.500,5.000,1,1
1762883035.335864,STEP,0,0.500000,-0.500000,odom,2.599564,0.000000,-0.497277,0.500,5.000,1,1
1762883035.355737,STEP,0,0.500000,-0.500000,odom,2.617499,0.269021,-0.497603,0.500,5.000,1,1
1762883035.375765,STEP,0,0.500000,-0.500000,odom,2.617499,0.188314,-0.497603,0.500,5.000,1,1
1762883035.395636,STEP,0,0.500000,-0.500000,odom,2.617499,0.000000,-0.497603,0.500,5.000,1,1
1762883035.415679,STEP,0,0.500000,-0.500000,odom,2.617499,0.000000,-0.497603,0.500,5.000,1,1
1762883035.435763,STEP,0,0.500000,-0.500000,odom,2.617499,0.000000,-0.497603,0.500,5.000,1,1
1762883035.455596,STEP,0,0.500000,-0.500000,odom,2.617499,0.000000,-0.497603,0.500,5.000,1,1
1762883035.476367,STEP,0,0.500000,-0.500000,odom,2.617499,0.000000,-0.497603,0.500,5.000,1,1
1762883035.495779,STEP,0,0.500000,-0.500000,odom,2.617499,0.000000,-0.497603,0.500,5.000,1,1
1762883035.516104,STEP,0,0.500000,-0.500000,odom,2.617499,0.000000,-0.497603,0.500,5.000,1,1
1762883035.535640,STEP,0,0.500000,-0.500000,odom,2.617499,0.000000,-0.497762,0.500,5.000,1,1
1762883035.555590,STEP,0,0.500000,-0.500000,odom,2.635459,0.336749,-0.498127,0.500,5.000,1,1
1762883035.575886,STEP,0,0.500000,-0.500000,odom,2.635459,0.235725,-0.498127,0.500,5.000,1,1
1762883035.595617,STEP,0,0.500000,-0.500000,odom,2.635459,0.000000,-0.498127,0.500,5.000,1,1
1762883035.615865,STEP,0,0.500000,-0.500000,odom,2.635459,0.000000,-0.498127,0.500,5.000,1,1
1762883035.636116,STEP,0,0.500000,-0.500000,odom,2.635459,0.000000,-0.498127,0.500,5.000,1,1
1762883035.655973,STEP,0,0.500000,-0.500000,odom,2.635459,0.000000,-0.498127,0.500,5.000,1,1
1762883035.675763,STEP,0,0.500000,-0.500000,odom,2.635459,0.000000,-0.498127,0.500,5.000,1,1
1762883035.696360,STEP,0,0.500000,-0.500000,odom,2.635459,0.000000,-0.498127,0.500,5.000,1,1
1762883035.715636,STEP,0,0.500000,-0.500000,odom,2.635459,0.000000,-0.498127,0.500,5.000,1,1
1762883035.735459,STEP,0,0.500000,-0.500000,odom,2.635459,0.000000,-0.498244,0.500,5.000,1,1
1762883035.755462,STEP,0,0.500000,-0.500000,odom,2.635459,0.000000,-0.498660,0.500,5.000,1,1
1762883035.775587,STEP,0,0.500000,-0.500000,odom,2.653438,0.269687,-0.498660,0.500,5.000,1,1
1762883035.795604,STEP,0,0.500000,-0.500000,odom,2.653438,0.188781,-0.498660,0.500,5.000,1,1
1762883035.815547,STEP,0,0.500000,-0.500000,odom,2.653438,0.000000,-0.498660,0.500,5.000,1,1
1762883035.837192,STEP,0,0.500000,-0.500000,odom,2.653438,0.000000,-0.498660,0.500,5.000,1,1
1762883035.855602,STEP,0,0.500000,-0.500000,odom,2.653438,0.000000,-0.498660,0.500,5.000,1,1
1762883035.875627,STEP,0,0.500000,-0.500000,odom,2.653438,0.000000,-0.498660,0.500,5.000,1,1
1762883035.896163,STEP,0,0.500000,-0.500000,odom,2.653438,0.000000,-0.498660,0.500,5.000,1,1
1762883035.916374,STEP,0,0.500000,-0.500000,odom,2.653438,0.000000,-0.498762,0.500,5.000,1,1
1762883035.935777,STEP,0,0.500000,-0.500000,odom,2.653438,0.000000,-0.499019,0.500,5.000,1,1
1762883035.957293,STEP,0,0.500000,-0.500000,odom,2.671435,0.224957,-0.499019,0.500,5.000,1,1
1762883035.975618,STEP,0,0.500000,-0.500000,odom,2.671435,0.000000,-0.499019,0.500,5.000,1,1
1762883035.995629,STEP,0,0.500000,-0.500000,odom,2.671435,0.000000,-0.499019,0.500,5.000,1,1
1762883036.015808,STEP,0,0.500000,-0.500000,odom,2.671435,0.000000,-0.499019,0.500,5.000,1,1
1762883036.035631,STEP,0,0.500000,-0.500000,odom,2.671435,0.000000,-0.499019,0.500,5.000,1,1
1762883036.055611,STEP,0,0.500000,-0.500000,odom,2.671435,0.000000,-0.499019,0.500,5.000,1,1
1762883036.075569,STEP,0,0.500000,-0.500000,odom,2.671435,0.000000,-0.499019,0.500,5.000,1,1
1762883036.095908,STEP,0,0.500000,-0.500000,odom,2.671435,0.000000,-0.499019,0.500,5.000,1,1
1762883036.115928,STEP,0,0.500000,-0.500000,odom,2.671435,0.000000,-0.499353,0.500,5.000,1,1
1762883036.135623,STEP,0,0.500000,-0.500000,odom,2.689446,0.270156,-0.499417,0.500,5.000,1,1
1762883036.156020,STEP,0,0.500000,-0.500000,odom,2.689446,0.189109,-0.499417,0.500,5.000,1,1
1762883036.175741,STEP,0,0.500000,-0.500000,odom,2.689446,0.000000,-0.499417,0.500,5.000,1,1
1762883036.195977,STEP,0,0.500000,-0.500000,odom,2.689446,0.000000,-0.499417,0.500,5.000,1,1
1762883036.215735,STEP,0,0.500000,-0.500000,odom,2.689446,0.000000,-0.499417,0.500,5.000,1,1
1762883036.237104,STEP,0,0.500000,-0.500000,odom,2.689446,0.000000,-0.499417,0.500,5.000,1,1
1762883036.255617,STEP,0,0.500000,-0.500000,odom,2.689446,0.000000,-0.499417,0.500,5.000,1,1
1762883036.276068,STEP,0,0.500000,-0.500000,odom,2.689446,0.000000,-0.499417,0.500,5.000,1,1
1762883036.295740,STEP,0,0.500000,-0.500000,odom,2.689446,0.000000,-0.499417,0.500,5.000,1,1
1762883036.316244,STEP,0,0.500000,-0.500000,odom,2.689446,0.000000,-0.499507,0.500,5.000,1,1
1762883036.335794,STEP,0,0.500000,-0.500000,odom,2.689446,0.000000,-0.499493,0.500,5.000,1,1
1762883036.355574,STEP,0,0.500000,-0.500000,odom,2.707465,0.337860,-0.499493,0.500,5.000,1,1
1762883036.375723,STEP,0,0.500000,-0.500000,odom,2.707465,0.236502,-0.499493,0.500,5.000,1,1
1762883036.395620,STEP,0,0.500000,-0.500000,odom,2.707465,0.000000,-0.499493,0.500,5.000,1,1
1762883036.417261,STEP,0,0.500000,-0.500000,odom,2.707465,0.000000,-0.499493,0.500,5.000,1,1
1762883036.435863,STEP,0,0.500000,-0.500000,odom,2.707465,0.000000,-0.499493,0.500,5.000,1,1
1762883036.458068,STEP,0,0.500000,-0.500000,odom,2.707465,0.000000,-0.499493,0.500,5.000,1,1
1762883036.475604,STEP,0,0.500000,-0.500000,odom,2.707465,0.000000,-0.499493,0.500,5.000,1,1
1762883036.496634,STEP,0,0.500000,-0.500000,odom,2.707465,0.000000,-0.499493,0.500,5.000,1,1
1762883036.515630,STEP,0,0.500000,-0.500000,odom,2.707465,0.000000,-0.499499,0.500,5.000,1,1
1762883036.535729,STEP,0,0.500000,-0.500000,odom,2.707465,0.000000,-0.499536,0.500,5.000,1,1
1762883036.555715,STEP,0,0.500000,-0.500000,odom,2.725487,0.337917,-0.499556,0.500,5.000,1,1
1762883036.575567,STEP,0,0.500000,-0.500000,odom,2.725487,0.236542,-0.499556,0.500,5.000,1,1
1762883036.595626,STEP,0,0.500000,-0.500000,odom,2.725487,0.000000,-0.499556,0.500,5.000,1,1
1762883036.616556,STEP,0,0.500000,-0.500000,odom,2.725487,0.000000,-0.499556,0.500,5.000,1,1
1762883036.635894,STEP,0,0.500000,-0.500000,odom,2.725487,0.000000,-0.499556,0.500,5.000,1,1
1762883036.655572,STEP,0,0.500000,-0.500000,odom,2.725487,0.000000,-0.499556,0.500,5.000,1,1
1762883036.675612,STEP,0,0.500000,-0.500000,odom,2.725487,0.000000,-0.499556,0.500,5.000,1,1
1762883036.695653,STEP,0,0.500000,-0.500000,odom,2.725487,0.000000,-0.499556,0.500,5.000,1,1
1762883036.715546,STEP,0,0.500000,-0.500000,odom,2.725487,0.000000,-0.499660,0.500,5.000,1,1
1762883036.735978,STEP,0,0.500000,-0.500000,odom,2.725487,0.000000,-0.499813,0.500,5.000,1,1
1762883036.755648,STEP,0,0.500000,-0.500000,odom,2.743511,0.450600,-0.499813,0.500,5.000,1,1
1762883036.775609,STEP,0,0.500000,-0.500000,odom,2.743511,0.000000,-0.499813,0.500,5.000,1,1
1762883036.797067,STEP,0,0.500000,-0.500000,odom,2.743511,0.000000,-0.499813,0.500,5.000,1,1
1762883036.815692,STEP,0,0.500000,-0.500000,odom,2.743511,0.000000,-0.499813,0.500,5.000,1,1
1762883036.837110,STEP,0,0.500000,-0.500000,odom,2.743511,0.000000,-0.499813,0.500,5.000,1,1
1762883036.855658,STEP,0,0.500000,-0.500000,odom,2.743511,0.000000,-0.499813,0.500,5.000,1,1
1762883036.875616,STEP,0,0.500000,-0.500000,odom,2.743511,0.000000,-0.499813,0.500,5.000,1,1
1762883036.896605,STEP,0,0.500000,-0.500000,odom,2.743511,0.000000,-0.499810,0.500,5.000,1,1
1762883036.915619,STEP,0,0.500000,-0.500000,odom,2.743511,0.000000,-0.499886,0.500,5.000,1,1
1762883036.936550,STEP,0,0.500000,-0.500000,odom,2.761533,0.270337,-0.499886,0.500,5.000,1,1
1762883036.955620,STEP,0,0.500000,-0.500000,odom,2.761533,0.000000,-0.499886,0.500,5.000,1,1
1762883036.975726,STEP,0,0.500000,-0.500000,odom,2.761533,0.000000,-0.499886,0.500,5.000,1,1
1762883036.995623,STEP,0,0.500000,-0.500000,odom,2.761533,0.000000,-0.499886,0.500,5.000,1,1
1762883037.016134,STEP,0,0.500000,-0.500000,odom,2.761533,0.000000,-0.499886,0.500,5.000,1,1
1762883037.035581,STEP,0,0.500000,-0.500000,odom,2.761533,0.000000,-0.499886,0.500,5.000,1,1
1762883037.055619,STEP,0,0.500000,-0.500000,odom,2.761533,0.000000,-0.499886,0.500,5.000,1,1
1762883037.075613,STEP,0,0.500000,-0.500000,odom,2.761533,0.000000,-0.499886,0.500,5.000,1,1
1762883037.095870,STEP,0,0.500000,-0.500000,odom,2.761533,0.000000,-0.499886,0.500,5.000,1,1
1762883037.116040,STEP,0,0.500000,-0.500000,odom,2.761533,0.000000,-0.499891,0.500,5.000,1,1
1762883037.137640,STEP,0,0.500000,-0.500000,odom,2.761533,0.000000,-0.499834,0.500,5.000,1,1
1762883037.155685,STEP,0,0.500000,-0.500000,odom,2.779550,0.450451,-0.499834,0.500,5.000,1,1
1762883037.175631,STEP,0,0.500000,-0.500000,odom,2.779550,0.000000,-0.499834,0.500,5.000,1,1
1762883037.195571,STEP,0,0.500000,-0.500000,odom,2.779550,0.000000,-0.499834,0.500,5.000,1,1
1762883037.219242,STEP,0,0.500000,-0.500000,odom,2.779550,0.000000,-0.499834,0.500,5.000,1,1
1762883037.235625,STEP,0,0.500000,-0.500000,odom,2.779550,0.000000,-0.499834,0.500,5.000,1,1
1762883037.255643,STEP,0,0.500000,-0.500000,odom,2.779550,0.000000,-0.499834,0.500,5.000,1,1
1762883037.275646,STEP,0,0.500000,-0.500000,odom,2.779550,0.000000,-0.499834,0.500,5.000,1,1
1762883037.296062,STEP,0,0.500000,-0.500000,odom,2.779550,0.000000,-0.499834,0.500,5.000,1,1
1762883037.315846,STEP,0,0.500000,-0.500000,odom,2.779550,0.000000,-0.499722,0.500,5.000,1,1
1762883037.335482,STEP,0,0.500000,-0.500000,odom,2.779550,0.000000,-0.499580,0.500,5.000,1,1
1762883037.355751,STEP,0,0.500000,-0.500000,odom,2.779550,0.000000,-0.499580,0.500,5.000,1,1
1762883037.375614,STEP,0,0.500000,-0.500000,odom,2.779550,0.000000,-0.499580,0.500,5.000,1,1
1762883037.395634,STEP,0,0.500000,-0.500000,odom,2.779550,0.000000,-0.499580,0.500,5.000,1,1
1762883037.416000,STEP,0,0.500000,-0.500000,odom,2.779550,0.000000,-0.499580,0.500,5.000,1,1
1762883037.435709,STEP,0,0.500000,-0.500000,odom,2.779550,0.000000,-0.499580,0.500,5.000,1,1
1762883037.457072,STEP,0,0.500000,-0.500000,odom,2.779550,0.000000,-0.499580,0.500,5.000,1,1
1762883037.476915,STEP,0,0.500000,-0.500000,odom,2.779550,0.000000,-0.499580,0.500,5.000,1,1
1762883037.495942,STEP,0,0.500000,-0.500000,odom,2.779550,0.000000,-0.499580,0.500,5.000,1,1
1762883037.515620,STEP,0,0.500000,-0.500000,odom,2.779550,0.000000,-0.499580,0.500,5.000,1,1
1762883037.535899,STEP,0,0.500000,-0.500000,odom,2.797561,0.675415,-0.499336,0.500,5.000,1,1
1762883037.556133,STEP,0,0.500000,-0.500000,odom,2.797561,0.472790,-0.499336,0.500,5.000,1,1
1762883037.575593,STEP,0,0.500000,-0.500000,odom,2.797561,0.330953,-0.499336,0.500,5.000,1,1
1762883037.596640,STEP,0,0.500000,-0.500000,odom,2.797561,0.000000,-0.499336,0.500,5.000,1,1
1762883037.615644,STEP,0,0.500000,-0.500000,odom,2.797561,0.000000,-0.499336,0.500,5.000,1,1
1762883037.635627,STEP,0,0.500000,-0.500000,odom,2.797561,0.000000,-0.499336,0.500,5.000,1,1
1762883037.658306,STEP,0,0.500000,-0.500000,odom,2.797561,0.000000,-0.499336,0.500,5.000,1,1
1762883037.675633,STEP,0,0.500000,-0.500000,odom,2.797561,0.000000,-0.499336,0.500,5.000,1,1
1762883037.695690,STEP,0,0.500000,-0.500000,odom,2.797561,0.000000,-0.499336,0.500,5.000,1,1
1762883037.715679,STEP,0,0.500000,-0.500000,odom,2.797561,0.000000,-0.499336,0.500,5.000,1,1
1762883037.736038,STEP,0,0.500000,-0.500000,odom,2.797561,0.000000,-0.499336,0.500,5.000,1,1
1762883037.755861,STEP,0,0.500000,-0.500000,odom,2.797561,0.000000,-0.499215,0.500,5.000,1,1
1762883037.775624,STEP,0,0.500000,-0.500000,odom,2.815562,0.337535,-0.499091,0.500,5.000,1,1
1762883037.795670,STEP,0,0.500000,-0.500000,odom,2.815562,0.236274,-0.499091,0.500,5.000,1,1
1762883037.815691,STEP,0,0.500000,-0.500000,odom,2.815562,0.165392,-0.499091,0.500,5.000,1,1
1762883037.835931,STEP,0,0.500000,-0.500000,odom,2.815562,0.000000,-0.499091,0.500,5.000,1,1
1762883037.857878,STEP,0,0.500000,-0.500000,odom,2.815562,0.000000,-0.499091,0.500,5.000,1,1
1762883037.875939,STEP,0,0.500000,-0.500000,odom,2.815562,0.000000,-0.499091,0.500,5.000,1,1
1762883037.895894,STEP,0,0.500000,-0.500000,odom,2.815562,0.000000,-0.499091,0.500,5.000,1,1
1762883037.915901,STEP,0,0.500000,-0.500000,odom,2.815562,0.000000,-0.499091,0.500,5.000,1,1
1762883037.936129,STEP,0,0.500000,-0.500000,odom,2.815562,0.000000,-0.499091,0.500,5.000,1,1
1762883037.955648,STEP,0,0.500000,-0.500000,odom,2.815562,0.000000,-0.499091,0.500,5.000,1,1
1762883037.975662,STEP,0,0.500000,-0.500000,odom,2.815562,0.000000,-0.499053,0.500,5.000,1,1
1762883037.995601,STEP,0,0.500000,-0.500000,odom,2.833556,0.674811,-0.499053,0.500,5.000,1,1
1762883038.015575,STEP,0,0.500000,-0.500000,odom,2.833556,0.472368,-0.499006,0.500,5.000,1,1
1762883038.036067,STEP,0,0.500000,-0.500000,odom,2.833556,0.330657,-0.499006,0.500,5.000,1,1
1762883038.055596,STEP,0,0.500000,-0.500000,odom,2.833556,0.000000,-0.499006,0.500,5.000,1,1
1762883038.075614,STEP,0,0.500000,-0.500000,odom,2.833556,0.000000,-0.499006,0.500,5.000,1,1
1762883038.096851,STEP,0,0.500000,-0.500000,odom,2.833556,0.000000,-0.499006,0.500,5.000,1,1
1762883038.115779,STEP,0,0.500000,-0.500000,odom,2.833556,0.000000,-0.499006,0.500,5.000,1,1
1762883038.139168,STEP,0,0.500000,-0.500000,odom,2.833556,0.000000,-0.499006,0.500,5.000,1,1
1762883038.155585,STEP,0,0.500000,-0.500000,odom,2.833556,0.000000,-0.499006,0.500,5.000,1,1
1762883038.175610,STEP,0,0.500000,-0.500000,odom,2.833556,0.000000,-0.499006,0.500,5.000,1,1
1762883038.195699,STEP,0,0.500000,-0.500000,odom,2.833556,0.000000,-0.499006,0.500,5.000,1,1
1762883038.216747,STEP,0,0.500000,-0.500000,odom,2.833556,0.000000,-0.498962,0.500,5.000,1,1
1762883038.236363,STEP,0,0.500000,-0.500000,odom,2.851546,0.449748,-0.498872,0.500,5.000,1,1
1762883038.255625,STEP,0,0.500000,-0.500000,odom,2.851546,0.314823,-0.498872,0.500,5.000,1,1
1762883038.275556,STEP,0,0.500000,-0.500000,odom,2.851546,0.000000,-0.498872,0.500,5.000,1,1
1762883038.295570,STEP,0,0.500000,-0.500000,odom,2.851546,0.000000,-0.498872,0.500,5.000,1,1
1762883038.315807,STEP,0,0.500000,-0.500000,odom,2.851546,0.000000,-0.498872,0.500,5.000,1,1
1762883038.335613,STEP,0,0.500000,-0.500000,odom,2.851546,0.000000,-0.498872,0.500,5.000,1,1
1762883038.355612,STEP,0,0.500000,-0.500000,odom,2.851546,0.000000,-0.498872,0.500,5.000,1,1
1762883038.376085,STEP,0,0.500000,-0.500000,odom,2.851546,0.000000,-0.498872,0.500,5.000,1,1
1762883038.395723,STEP,0,0.500000,-0.500000,odom,2.851546,0.000000,-0.498872,0.500,5.000,1,1
1762883038.416265,STEP,0,0.500000,-0.500000,odom,2.851546,0.000000,-0.498842,0.500,5.000,1,1
1762883038.435456,STEP,0,0.500000,-0.500000,odom,2.851546,0.000000,-0.498603,0.500,5.000,1,1
1762883038.456351,STEP,0,0.500000,-0.500000,odom,2.869527,0.269727,-0.498603,0.500,5.000,1,1
1762883038.475618,STEP,0,0.500000,-0.500000,odom,2.869527,0.188809,-0.498603,0.500,5.000,1,1
1762883038.495632,STEP,0,0.500000,-0.500000,odom,2.869527,0.000000,-0.498603,0.500,5.000,1,1
1762883038.515604,STEP,0,0.500000,-0.500000,odom,2.869527,0.000000,-0.498603,0.500,5.000,1,1
1762883038.535580,STEP,0,0.500000,-0.500000,odom,2.869527,0.000000,-0.498603,0.500,5.000,1,1
1762883038.555615,STEP,0,0.500000,-0.500000,odom,2.869527,0.000000,-0.498603,0.500,5.000,1,1
1762883038.575609,STEP,0,0.500000,-0.500000,odom,2.869527,0.000000,-0.498603,0.500,5.000,1,1
1762883038.595824,STEP,0,0.500000,-0.500000,odom,2.869527,0.000000,-0.498603,0.500,5.000,1,1
1762883038.615436,STEP,0,0.500000,-0.500000,odom,2.869527,0.000000,-0.498560,0.500,5.000,1,1
1762883038.635463,STEP,0,0.500000,-0.500000,odom,2.869527,0.000000,-0.498407,0.500,5.000,1,1
1762883038.655641,STEP,0,0.500000,-0.500000,odom,2.887501,0.269627,-0.498407,0.500,5.000,1,1
1762883038.675649,STEP,0,0.500000,-0.500000,odom,2.887501,0.000000,-0.498407,0.500,5.000,1,1
1762883038.695607,STEP,0,0.500000,-0.500000,odom,2.887501,0.000000,-0.498407,0.500,5.000,1,1
1762883038.715593,STEP,0,0.500000,-0.500000,odom,2.887501,0.000000,-0.498407,0.500,5.000,1,1
1762883038.735573,STEP,0,0.500000,-0.500000,odom,2.887501,0.000000,-0.498407,0.500,5.000,1,1
1762883038.755587,STEP,0,0.500000,-0.500000,odom,2.887501,0.000000,-0.498407,0.500,5.000,1,1
1762883038.775631,STEP,0,0.500000,-0.500000,odom,2.887501,0.000000,-0.498407,0.500,5.000,1,1
1762883038.796246,STEP,0,0.500000,-0.500000,odom,2.887501,0.000000,-0.498353,0.500,5.000,1,1
1762883038.815793,STEP,0,0.500000,-0.500000,odom,2.887501,0.000000,-0.498316,0.500,5.000,1,1
1762883038.835706,STEP,0,0.500000,-0.500000,odom,2.905469,0.336922,-0.498316,0.500,5.000,1,1
1762883038.855540,STEP,0,0.500000,-0.500000,odom,2.905469,0.000000,-0.498316,0.500,5.000,1,1
1762883038.875783,STEP,0,0.500000,-0.500000,odom,2.905469,0.000000,-0.498316,0.500,5.000,1,1
1762883038.897831,STEP,0,0.500000,-0.500000,odom,2.905469,0.000000,-0.498316,0.500,5.000,1,1
1762883038.919143,STEP,0,0.500000,-0.500000,odom,2.905469,0.000000,-0.498316,0.500,5.000,1,1
1762883038.935754,STEP,0,0.500000,-0.500000,odom,2.905469,0.000000,-0.498316,0.500,5.000,1,1
1762883038.956245,STEP,0,0.500000,-0.500000,odom,2.905469,0.000000,-0.498316,0.500,5.000,1,1
1762883038.975622,STEP,0,0.500000,-0.500000,odom,2.905469,0.000000,-0.498407,0.500,5.000,1,1
1762883038.995568,STEP,0,0.500000,-0.500000,odom,2.905469,0.000000,-0.498388,0.500,5.000,1,1
1762883039.015594,STEP,0,0.500000,-0.500000,odom,2.923432,0.269458,-0.498388,0.500,5.000,1,1
1762883039.035758,STEP,0,0.500000,-0.500000,odom,2.923432,0.000000,-0.498388,0.500,5.000,1,1
1762883039.055791,STEP,0,0.500000,-0.500000,odom,2.923432,0.000000,-0.498388,0.500,5.000,1,1
1762883039.077092,STEP,0,0.500000,-0.500000,odom,2.923432,0.000000,-0.498388,0.500,5.000,1,1
1762883039.095757,STEP,0,0.500000,-0.500000,odom,2.923432,0.000000,-0.498388,0.500,5.000,1,1
1762883039.115620,STEP,0,0.500000,-0.500000,odom,2.923432,0.000000,-0.498388,0.500,5.000,1,1
1762883039.137817,STEP,0,0.500000,-0.500000,odom,2.923432,0.000000,-0.498388,0.500,5.000,1,1
1762883039.158342,STEP,0,0.500000,-0.500000,odom,2.923432,0.000000,-0.498388,0.500,5.000,1,1
1762883039.175621,STEP,0,0.500000,-0.500000,odom,2.923432,0.000000,-0.498309,0.500,5.000,1,1
1762883039.195552,STEP,0,0.500000,-0.500000,odom,2.923432,0.000000,-0.498178,0.500,5.000,1,1
1762883039.215852,STEP,0,0.500000,-0.500000,odom,2.941390,0.269389,-0.498178,0.500,5.000,1,1
1762883039.235823,STEP,0,0.500000,-0.500000,odom,2.941390,0.000000,-0.498178,0.500,5.000,1,1
1762883039.255635,STEP,0,0.500000,-0.500000,odom,2.941390,0.000000,-0.498178,0.500,5.000,1,1
1762883039.275604,STEP,0,0.500000,-0.500000,odom,2.941390,0.000000,-0.498178,0.500,5.000,1,1
1762883039.295580,STEP,0,0.500000,-0.500000,odom,2.941390,0.000000,-0.498178,0.500,5.000,1,1
1762883039.316203,STEP,0,0.500000,-0.500000,odom,2.941390,0.000000,-0.498178,0.500,5.000,1,1
1762883039.335707,STEP,0,0.500000,-0.500000,odom,2.941390,0.000000,-0.498178,0.500,5.000,1,1
1762883039.355804,STEP,0,0.500000,-0.500000,odom,2.941390,0.000000,-0.498178,0.500,5.000,1,1
1762883039.377247,STEP,0,0.500000,-0.500000,odom,2.941390,0.000000,-0.498139,0.500,5.000,1,1
1762883039.395570,STEP,0,0.500000,-0.500000,odom,2.941390,0.000000,-0.498071,0.500,5.000,1,1
1762883039.415596,STEP,0,0.500000,-0.500000,odom,2.959344,0.336659,-0.498071,0.500,5.000,1,1
1762883039.435695,STEP,0,0.500000,-0.500000,odom,2.959344,0.000000,-0.498071,0.500,5.000,1,1
1762883039.457684,STEP,0,0.500000,-0.500000,odom,2.959344,0.000000,-0.498071,0.500,5.000,1,1
1762883039.475652,STEP,0,0.500000,-0.500000,odom,2.959344,0.000000,-0.498071,0.500,5.000,1,1
1762883039.496140,STEP,0,0.500000,-0.500000,odom,2.959344,0.000000,-0.498071,0.500,5.000,1,1
1762883039.515623,STEP,0,0.500000,-0.500000,odom,2.959344,0.000000,-0.498071,0.500,5.000,1,1
1762883039.535812,STEP,0,0.500000,-0.500000,odom,2.959344,0.000000,-0.498071,0.500,5.000,1,1
1762883039.555602,STEP,0,0.500000,-0.500000,odom,2.959344,0.000000,-0.498058,0.500,5.000,1,1
1762883039.575646,STEP,0,0.500000,-0.500000,odom,2.959344,0.000000,-0.497892,0.500,5.000,1,1
1762883039.595652,STEP,0,0.500000,-0.500000,odom,2.977292,0.224372,-0.497892,0.500,5.000,1,1
1762883039.615577,STEP,0,0.500000,-0.500000,odom,2.977292,0.000000,-0.497892,0.500,5.000,1,1
1762883039.635708,STEP,0,0.500000,-0.500000,odom,2.977292,0.000000,-0.497892,0.500,5.000,1,1
1762883039.656111,STEP,0,0.500000,-0.500000,odom,2.977292,0.000000,-0.497892,0.500,5.000,1,1
1762883039.675644,STEP,0,0.500000,-0.500000,odom,2.977292,0.000000,-0.497892,0.500,5.000,1,1
1762883039.695979,STEP,0,0.500000,-0.500000,odom,2.977292,0.000000,-0.497892,0.500,5.000,1,1
1762883039.715794,STEP,0,0.500000,-0.500000,odom,2.977292,0.000000,-0.497892,0.500,5.000,1,1
1762883039.737598,STEP,0,0.500000,-0.500000,odom,2.977292,0.000000,-0.497892,0.500,5.000,1,1
1762883039.755657,STEP,0,0.500000,-0.500000,odom,2.977292,0.000000,-0.497913,0.500,5.000,1,1
1762883039.775630,STEP,0,0.500000,-0.500000,odom,2.977292,0.000000,-0.497904,0.500,5.000,1,1
1762883039.795668,STEP,0,0.500000,-0.500000,odom,2.977292,0.000000,-0.497904,0.500,5.000,1,1
1762883039.815916,STEP,0,0.500000,-0.500000,odom,2.977292,0.000000,-0.497904,0.500,5.000,1,1
1762883039.835919,STEP,0,0.500000,-0.500000,odom,2.977292,0.000000,-0.497904,0.500,5.000,1,1
1762883039.856967,STEP,0,0.500000,-0.500000,odom,2.977292,0.000000,-0.497904,0.500,5.000,1,1
1762883039.875597,STEP,0,0.500000,-0.500000,odom,2.977292,0.000000,-0.497904,0.500,5.000,1,1
1762883039.895622,STEP,0,0.500000,-0.500000,odom,2.977292,0.000000,-0.497904,0.500,5.000,1,1
1762883039.915601,STEP,0,0.500000,-0.500000,odom,2.977292,0.000000,-0.497904,0.500,5.000,1,1
1762883039.935619,STEP,0,0.500000,-0.500000,odom,2.977292,0.000000,-0.497868,0.500,5.000,1,1
1762883039.955844,STEP,0,0.500000,-0.500000,odom,2.995238,0.448662,-0.497839,0.500,5.000,1,1
1762883039.975714,STEP,0,0.500000,-0.500000,odom,2.995238,0.314063,-0.497839,0.500,5.000,1,1
1762883039.995652,STEP,0,0.500000,-0.500000,odom,2.995238,0.219844,-0.497839,0.500,5.000,1,1
1762883040.015585,STEP,0,0.500000,-0.500000,odom,2.995238,0.000000,-0.497839,0.500,5.000,1,1
1762883040.038136,STEP,0,0.500000,-0.500000,odom,2.995238,0.000000,-0.497839,0.500,5.000,1,1
1762883040.055641,STEP,0,0.500000,-0.500000,odom,2.995238,0.000000,-0.497839,0.500,5.000,1,1
1762883040.075570,STEP,0,0.500000,-0.500000,odom,2.995238,0.000000,-0.497839,0.500,5.000,1,1
1762883040.095793,STEP,0,0.500000,-0.500000,odom,2.995238,0.000000,-0.497839,0.500,5.000,1,1
1762883041.116196,STEP,1,0.000000,-0.000000,odom,3.084195,0.000000,-0.445077,0.500,5.000,1,1
1762883041.135766,STEP,1,0.000000,-0.000000,odom,3.084195,0.000000,-0.425867,0.500,5.000,1,1
1762883041.156121,STEP,1,0.000000,-0.000000,odom,3.084195,0.000000,-0.364188,0.500,5.000,1,1
1762883041.175704,STEP,1,0.000000,-0.000000,odom,3.098615,0.216315,-0.364188,0.500,5.000,1,1
1762883041.195883,STEP,1,0.000000,-0.000000,odom,3.098615,0.000000,-0.364188,0.500,5.000,1,1
1762883041.215566,STEP,1,0.000000,-0.000000,odom,3.098615,0.000000,-0.364188,0.500,5.000,1,1
1762883041.235722,STEP,1,0.000000,-0.000000,odom,3.098615,0.000000,-0.364188,0.500,5.000,1,1
1762883041.256133,STEP,1,0.000000,-0.000000,odom,3.098615,0.000000,-0.364188,0.500,5.000,1,1
1762883041.279162,STEP,1,0.000000,-0.000000,odom,3.098615,0.000000,-0.364188,0.500,5.000,1,1
1762883041.295605,STEP,1,0.000000,-0.000000,odom,3.098615,0.000000,-0.364188,0.500,5.000,1,1
1762883041.315626,STEP,1,0.000000,-0.000000,odom,3.098615,0.000000,-0.364188,0.500,5.000,1,1
1762883041.336388,STEP,1,0.000000,-0.000000,odom,3.098615,0.000000,-0.364188,0.500,5.000,1,1
1762883041.356252,STEP,1,0.000000,-0.000000,odom,3.098615,0.000000,-0.303875,0.500,5.000,1,1
1762883041.375644,STEP,1,0.000000,-0.000000,odom,3.098615,0.000000,-0.267260,0.500,5.000,1,1
1762883041.395674,STEP,1,0.000000,-0.000000,odom,3.109764,0.278755,-0.267260,0.500,5.000,1,1
1762883041.415628,STEP,1,0.000000,-0.000000,odom,3.109764,0.000000,-0.267260,0.500,5.000,1,1
1762883041.436001,STEP,1,0.000000,-0.000000,odom,3.109764,0.000000,-0.267260,0.500,5.000,1,1
1762883041.456146,STEP,1,0.000000,-0.000000,odom,3.109764,0.000000,-0.267260,0.500,5.000,1,1
1762883041.475675,STEP,1,0.000000,-0.000000,odom,3.109764,0.000000,-0.267260,0.500,5.000,1,1
1762883041.496773,STEP,1,0.000000,-0.000000,odom,3.109764,0.000000,-0.267260,0.500,5.000,1,1
1762883041.515701,STEP,1,0.000000,-0.000000,odom,3.109764,0.000000,-0.267260,0.500,5.000,1,1
1762883041.535748,STEP,1,0.000000,-0.000000,odom,3.109764,0.000000,-0.267260,0.500,5.000,1,1
1762883041.556806,STEP,1,0.000000,-0.000000,odom,3.109764,0.000000,-0.250147,0.500,5.000,1,1
1762883041.575635,STEP,1,0.000000,-0.000000,odom,3.109764,0.000000,-0.218185,0.500,5.000,1,1
1762883041.595626,STEP,1,0.000000,-0.000000,odom,3.118082,0.124800,-0.203356,0.500,5.000,1,1
1762883041.615645,STEP,1,0.000000,-0.000000,odom,3.118082,0.087360,-0.203356,0.500,5.000,1,1
1762883041.635933,STEP,1,0.000000,-0.000000,odom,3.118082,0.000000,-0.203356,0.500,5.000,1,1
1762883041.658237,STEP,1,0.000000,-0.000000,odom,3.118082,0.000000,-0.203356,0.500,5.000,1,1
1762883041.675632,STEP,1,0.000000,-0.000000,odom,3.118082,0.000000,-0.203356,0.500,5.000,1,1
1762883041.695602,STEP,1,0.000000,-0.000000,odom,3.118082,0.000000,-0.203356,0.500,5.000,1,1
1762883041.715757,STEP,1,0.000000,-0.000000,odom,3.118082,0.000000,-0.203356,0.500,5.000,1,1
1762883041.735641,STEP,1,0.000000,-0.000000,odom,3.118082,0.000000,-0.203356,0.500,5.000,1,1
1762883041.755623,STEP,1,0.000000,-0.000000,odom,3.118082,0.000000,-0.203356,0.500,5.000,1,1
1762883041.775850,STEP,1,0.000000,-0.000000,odom,3.118082,0.000000,-0.189352,0.500,5.000,1,1
1762883041.795649,STEP,1,0.000000,-0.000000,odom,3.118082,0.000000,-0.163333,0.500,5.000,1,1
1762883041.815630,STEP,1,0.000000,-0.000000,odom,3.124139,0.113574,-0.163333,0.500,5.000,1,1
1762883041.835639,STEP,1,0.000000,-0.000000,odom,3.124139,0.000000,-0.163333,0.500,5.000,1,1
1762883041.855668,STEP,1,0.000000,-0.000000,odom,3.124139,0.000000,-0.163333,0.500,5.000,1,1
1762883041.875842,STEP,1,0.000000,-0.000000,odom,3.124139,0.000000,-0.163333,0.500,5.000,1,1
1762883041.895756,STEP,1,0.000000,-0.000000,odom,3.124139,0.000000,-0.163333,0.500,5.000,1,1
1762883041.915914,STEP,1,0.000000,-0.000000,odom,3.124139,0.000000,-0.163333,0.500,5.000,1,1
1762883041.938106,STEP,1,0.000000,-0.000000,odom,3.124139,0.000000,-0.163333,0.500,5.000,1,1
1762883041.955730,STEP,1,0.000000,-0.000000,odom,3.124139,0.000000,-0.163333,0.500,5.000,1,1
1762883041.975681,STEP,1,0.000000,-0.000000,odom,3.124139,0.000000,-0.163333,0.500,5.000,1,1
1762883041.995866,STEP,1,0.000000,-0.000000,odom,3.124139,0.000000,-0.140271,0.500,5.000,1,1
1762883042.015759,STEP,1,0.000000,-0.000000,odom,3.124139,0.000000,-0.119301,0.500,5.000,1,1
1762883042.035616,STEP,1,0.000000,-0.000000,odom,3.124139,0.000000,-0.109696,0.500,5.000,1,1
1762883042.055580,STEP,1,0.000000,-0.000000,odom,3.128430,0.321907,-0.109696,0.500,5.000,1,1
1762883042.075770,STEP,1,0.000000,-0.000000,odom,3.128430,0.000000,-0.109696,0.500,5.000,1,1
1762883042.095606,STEP,1,0.000000,-0.000000,odom,3.128430,0.000000,-0.109696,0.500,5.000,1,1
1762883042.115710,STEP,1,0.000000,-0.000000,odom,3.128430,0.000000,-0.109696,0.500,5.000,1,1
1762883042.135628,STEP,1,0.000000,-0.000000,odom,3.128430,0.000000,-0.109696,0.500,5.000,1,1
1762883042.155724,STEP,1,0.000000,-0.000000,odom,3.128430,0.000000,-0.109696,0.500,5.000,1,1
1762883042.176257,STEP,1,0.000000,-0.000000,odom,3.128430,0.000000,-0.109696,0.500,5.000,1,1
1762883042.195637,STEP,1,0.000000,-0.000000,odom,3.128430,0.000000,-0.091950,0.500,5.000,1,1
1762883042.215808,STEP,1,0.000000,-0.000000,odom,3.128430,0.000000,-0.075990,0.500,5.000,1,1
1762883042.235618,STEP,1,0.000000,-0.000000,odom,3.128430,0.000000,-0.075990,0.500,5.000,1,1
1762883042.255620,STEP,1,0.000000,-0.000000,odom,3.128430,0.000000,-0.075990,0.500,5.000,1,1
1762883042.275685,STEP,1,0.000000,-0.000000,odom,3.128430,0.000000,-0.075990,0.500,5.000,1,1
1762883042.296074,STEP,1,0.000000,-0.000000,odom,3.128430,0.000000,-0.075990,0.500,5.000,1,1
1762883042.318078,STEP,1,0.000000,-0.000000,odom,3.128430,0.000000,-0.075990,0.500,5.000,1,1
1762883042.335749,STEP,1,0.000000,-0.000000,odom,3.128430,0.000000,-0.075990,0.500,5.000,1,1
1762883042.355788,STEP,1,0.000000,-0.000000,odom,3.128430,0.000000,-0.075990,0.500,5.000,1,1
1762883042.375855,STEP,1,0.000000,-0.000000,odom,3.128430,0.000000,-0.075990,0.500,5.000,1,1
1762883042.395588,STEP,1,0.000000,-0.000000,odom,3.128430,0.000000,-0.055149,0.500,5.000,1,1
1762883042.415880,STEP,1,0.000000,-0.000000,odom,3.131351,0.036527,-0.048906,0.500,5.000,1,1
1762883042.435592,STEP,1,0.000000,-0.000000,odom,3.131351,0.025569,-0.048906,0.500,5.000,1,1
1762883042.455633,STEP,1,0.000000,-0.000000,odom,3.131351,0.000000,-0.048906,0.500,5.000,1,1
1762883042.475738,STEP,1,0.000000,-0.000000,odom,3.131351,0.000000,-0.048906,0.500,5.000,1,1
1762883042.495626,STEP,1,0.000000,-0.000000,odom,3.131351,0.000000,-0.048906,0.500,5.000,1,1
1762883042.515704,STEP,1,0.000000,-0.000000,odom,3.131351,0.000000,-0.048906,0.500,5.000,1,1
1762883042.535586,STEP,1,0.000000,-0.000000,odom,3.131351,0.000000,-0.048906,0.500,5.000,1,1
1762883042.555734,STEP,1,0.000000,-0.000000,odom,3.131351,0.000000,-0.048906,0.500,5.000,1,1
1762883042.575971,STEP,1,0.000000,-0.000000,odom,3.131351,0.000000,-0.037487,0.500,5.000,1,1
1762883042.595587,STEP,1,0.000000,-0.000000,odom,3.133218,0.046706,-0.027496,0.500,5.000,1,1
1762883042.616649,STEP,1,0.000000,-0.000000,odom,3.133218,0.032694,-0.022961,0.500,5.000,1,1
1762883042.635593,STEP,1,0.000000,-0.000000,odom,3.133218,0.022886,-0.022961,0.500,5.000,1,1
1762883042.655874,STEP,1,0.000000,-0.000000,odom,3.133218,0.000000,-0.022961,0.500,5.000,1,1
1762883042.675684,STEP,1,0.000000,-0.000000,odom,3.133218,0.000000,-0.022961,0.500,5.000,1,1
1762883042.695668,STEP,1,0.000000,-0.000000,odom,3.133218,0.000000,-0.022961,0.500,5.000,1,1
1762883042.716432,STEP,1,0.000000,-0.000000,odom,3.133218,0.000000,-0.022961,0.500,5.000,1,1
1762883042.735738,STEP,1,0.000000,-0.000000,odom,3.133218,0.000000,-0.022961,0.500,5.000,1,1
1762883042.755857,STEP,1,0.000000,-0.000000,odom,3.133218,0.000000,-0.022961,0.500,5.000,1,1
1762883042.775622,STEP,1,0.000000,-0.000000,odom,3.133218,0.000000,-0.010765,0.500,5.000,1,1
1762883042.795652,STEP,1,0.000000,-0.000000,odom,3.134285,0.016013,-0.007259,0.500,5.000,1,1
1762883042.815607,STEP,1,0.000000,-0.000000,odom,3.134285,0.011209,-0.007259,0.500,5.000,1,1
1762883042.835900,STEP,1,0.000000,-0.000000,odom,3.134285,0.000000,-0.007259,0.500,5.000,1,1
1762883042.856040,STEP,1,0.000000,-0.000000,odom,3.134285,0.000000,-0.007259,0.500,5.000,1,1
1762883042.875884,STEP,1,0.000000,-0.000000,odom,3.134285,0.000000,-0.007259,0.500,5.000,1,1
1762883042.896547,STEP,1,0.000000,-0.000000,odom,3.134285,0.000000,-0.007259,0.500,5.000,1,1
1762883042.915709,STEP,1,0.000000,-0.000000,odom,3.134285,0.000000,-0.007259,0.500,5.000,1,1
1762883042.935588,STEP,1,0.000000,-0.000000,odom,3.134285,0.000000,-0.007259,0.500,5.000,1,1
1762883042.955730,STEP,1,0.000000,-0.000000,odom,3.134285,0.000000,-0.003851,0.500,5.000,1,1
1762883042.975477,STEP,1,0.000000,-0.000000,odom,3.134753,0.011721,0.005024,0.500,5.000,1,1
1762883042.996591,STEP,1,0.000000,-0.000000,odom,3.134753,0.008205,0.005024,0.500,5.000,1,1
1762883043.015588,STEP,1,0.000000,-0.000000,odom,3.134753,0.005744,0.005024,0.500,5.000,1,1
1762883043.037074,STEP,1,0.000000,-0.000000,odom,3.134753,0.000000,0.005024,0.500,5.000,1,1
1762883043.055593,STEP,1,0.000000,-0.000000,odom,3.134753,0.000000,0.005024,0.500,5.000,1,1
1762883043.075782,STEP,1,0.000000,-0.000000,odom,3.134753,0.000000,0.005024,0.500,5.000,1,1
1762883043.095696,STEP,1,0.000000,-0.000000,odom,3.134753,0.000000,0.005024,0.500,5.000,1,1
1762883043.115746,STEP,1,0.000000,-0.000000,odom,3.134753,0.000000,0.005024,0.500,5.000,1,1
1762883043.135731,STEP,1,0.000000,-0.000000,odom,3.134753,0.000000,0.005024,0.500,5.000,1,1
1762883043.157935,STEP,1,0.000000,-0.000000,odom,3.134753,0.000000,0.010152,0.500,5.000,1,1
1762883043.175819,STEP,1,0.000000,-0.000000,odom,3.134779,0.000410,0.012471,0.500,5.000,1,1
1762883043.195538,STEP,1,0.000000,-0.000000,odom,3.134779,0.000287,0.012471,0.500,5.000,1,1
1762883043.216178,STEP,1,0.000000,-0.000000,odom,3.134779,0.000000,0.012471,0.500,5.000,1,1
1762883043.235610,STEP,1,0.000000,-0.000000,odom,3.134779,0.000000,0.012471,0.500,5.000,1,1
1762883043.255667,STEP,1,0.000000,-0.000000,odom,3.134779,0.000000,0.012471,0.500,5.000,1,1
1762883043.275761,STEP,1,0.000000,-0.000000,odom,3.134779,0.000000,0.012471,0.500,5.000,1,1
1762883043.295750,STEP,1,0.000000,-0.000000,odom,3.134779,0.000000,0.012471,0.500,5.000,1,1
1762883043.315750,STEP,1,0.000000,-0.000000,odom,3.134779,0.000000,0.012471,0.500,5.000,1,1
1762883043.335721,STEP,1,0.000000,-0.000000,odom,3.134779,0.000000,0.016638,0.500,5.000,1,1
1762883043.355789,STEP,1,0.000000,-0.000000,odom,3.134779,0.000000,0.020224,0.500,5.000,1,1
1762883043.375726,STEP,1,0.000000,-0.000000,odom,3.134485,-0.004404,0.021836,0.500,5.000,1,1
1762883043.395575,STEP,1,0.000000,-0.000000,odom,3.134485,-0.003083,0.021836,0.500,5.000,1,1
1762883043.416158,STEP,1,0.000000,-0.000000,odom,3.134485,0.000000,0.021836,0.500,5.000,1,1
1762883043.435842,STEP,1,0.000000,-0.000000,odom,3.134485,0.000000,0.021836,0.500,5.000,1,1
1762883043.455637,STEP,1,0.000000,-0.000000,odom,3.134485,0.000000,0.021836,0.500,5.000,1,1
1762883043.477087,STEP,1,0.000000,-0.000000,odom,3.134485,0.000000,0.021836,0.500,5.000,1,1
1762883043.495892,STEP,1,0.000000,-0.000000,odom,3.134485,0.000000,0.021836,0.500,5.000,1,1
1762883043.515836,STEP,1,0.000000,-0.000000,odom,3.134485,0.000000,0.021836,0.500,5.000,1,1
1762883043.535969,STEP,1,0.000000,-0.000000,odom,3.134485,0.000000,0.026127,0.500,5.000,1,1
1762883043.557412,STEP,1,0.000000,-0.000000,odom,3.133963,-0.007822,0.027400,0.500,5.000,1,1
1762883043.575590,STEP,1,0.000000,-0.000000,odom,3.133963,-0.005475,0.027400,0.500,5.000,1,1
1762883043.595665,STEP,1,0.000000,-0.000000,odom,3.133963,0.000000,0.027400,0.500,5.000,1,1
1762883043.615709,STEP,1,0.000000,-0.000000,odom,3.133963,0.000000,0.027400,0.500,5.000,1,1
1762883043.637233,STEP,1,0.000000,-0.000000,odom,3.133963,0.000000,0.027400,0.500,5.000,1,1
1762883043.657080,STEP,1,0.000000,-0.000000,odom,3.133963,0.000000,0.027400,0.500,5.000,1,1
1762883043.675695,STEP,1,0.000000,-0.000000,odom,3.133963,0.000000,0.027400,0.500,5.000,1,1
1762883043.695655,STEP,1,0.000000,-0.000000,odom,3.133963,0.000000,0.027400,0.500,5.000,1,1
1762883043.715565,STEP,1,0.000000,-0.000000,odom,3.133963,0.000000,0.027400,0.500,5.000,1,1
1762883043.735707,STEP,1,0.000000,-0.000000,odom,3.133963,0.000000,0.030612,0.500,5.000,1,1
1762883043.755942,STEP,1,0.000000,-0.000000,odom,3.133963,0.000000,0.031530,0.500,5.000,1,1
1762883043.775547,STEP,1,0.000000,-0.000000,odom,3.133280,-0.017047,0.031530,0.500,5.000,1,1
1762883043.795649,STEP,1,0.000000,-0.000000,odom,3.133280,0.000000,0.031530,0.500,5.000,1,1
1762883043.815683,STEP,1,0.000000,-0.000000,odom,3.133280,0.000000,0.031530,0.500,5.000,1,1
1762883043.835597,STEP,1,0.000000,-0.000000,odom,3.133280,0.000000,0.031530,0.500,5.000,1,1
1762883043.858083,STEP,1,0.000000,-0.000000,odom,3.133280,0.000000,0.031530,0.500,5.000,1,1
1762883043.876132,STEP,1,0.000000,-0.000000,odom,3.133280,0.000000,0.031530,0.500,5.000,1,1
1762883043.897490,STEP,1,0.000000,-0.000000,odom,3.133280,0.000000,0.031530,0.500,5.000,1,1
1762883043.915654,STEP,1,0.000000,-0.000000,odom,3.133280,0.000000,0.032352,0.500,5.000,1,1
1762883043.935669,STEP,1,0.000000,-0.000000,odom,3.133280,0.000000,0.034574,0.500,5.000,1,1
1762883043.955667,STEP,1,0.000000,-0.000000,odom,3.132492,-0.014758,0.034574,0.500,5.000,1,1
1762883043.975615,STEP,1,0.000000,-0.000000,odom,3.132492,-0.010331,0.034574,0.500,5.000,1,1
1762883043.995575,STEP,1,0.000000,-0.000000,odom,3.132492,0.000000,0.034574,0.500,5.000,1,1
1762883044.015594,STEP,1,0.000000,-0.000000,odom,3.132492,0.000000,0.034574,0.500,5.000,1,1
1762883044.035687,STEP,1,0.000000,-0.000000,odom,3.132492,0.000000,0.034574,0.500,5.000,1,1
1762883044.055588,STEP,1,0.000000,-0.000000,odom,3.132492,0.000000,0.034574,0.500,5.000,1,1
1762883044.075662,STEP,1,0.000000,-0.000000,odom,3.132492,0.000000,0.034574,0.500,5.000,1,1
1762883044.095417,STEP,1,0.000000,-0.000000,odom,3.132492,0.000000,0.035141,0.500,5.000,1,1
1762883044.115476,STEP,1,0.000000,-0.000000,odom,3.132492,0.000000,0.036184,0.500,5.000,1,1
1762883044.135553,STEP,1,0.000000,-0.000000,odom,3.132492,0.000000,0.036614,0.500,5.000,1,1
1762883044.155890,STEP,1,0.000000,-0.000000,odom,3.131637,-0.021335,0.036614,0.500,5.000,1,1
1762883044.175766,STEP,1,0.000000,-0.000000,odom,3.131637,0.000000,0.036614,0.500,5.000,1,1
1762883044.195572,STEP,1,0.000000,-0.000000,odom,3.131637,0.000000,0.036614,0.500,5.000,1,1
1762883044.215643,STEP,1,0.000000,-0.000000,odom,3.131637,0.000000,0.036614,0.500,5.000,1,1
1762883044.237089,STEP,1,0.000000,-0.000000,odom,3.131637,0.000000,0.036614,0.500,5.000,1,1
1762883044.255579,STEP,1,0.000000,-0.000000,odom,3.131637,0.000000,0.036614,0.500,5.000,1,1
1762883044.275777,STEP,1,0.000000,-0.000000,odom,3.131637,0.000000,0.036614,0.500,5.000,1,1
1762883044.295870,STEP,1,0.000000,-0.000000,odom,3.131637,0.000000,0.036614,0.500,5.000,1,1
1762883044.315556,STEP,1,0.000000,-0.000000,odom,3.131637,0.000000,0.037603,0.500,5.000,1,1
1762883044.335716,STEP,1,0.000000,-0.000000,odom,3.131637,0.000000,0.037933,0.500,5.000,1,1
1762883044.355598,STEP,1,0.000000,-0.000000,odom,3.130747,-0.033338,0.037933,0.500,5.000,1,1
1762883044.377195,STEP,1,0.000000,-0.000000,odom,3.130747,0.000000,0.037933,0.500,5.000,1,1
1762883044.396249,STEP,1,0.000000,-0.000000,odom,3.130747,0.000000,0.037933,0.500,5.000,1,1
1762883044.415755,STEP,1,0.000000,-0.000000,odom,3.130747,0.000000,0.037933,0.500,5.000,1,1
1762883044.436685,STEP,1,0.000000,-0.000000,odom,3.130747,0.000000,0.037933,0.500,5.000,1,1
1762883044.455814,STEP,1,0.000000,-0.000000,odom,3.130747,0.000000,0.037933,0.500,5.000,1,1
1762883044.475598,STEP,1,0.000000,-0.000000,odom,3.130747,0.000000,0.037933,0.500,5.000,1,1
1762883044.495599,STEP,1,0.000000,-0.000000,odom,3.130747,0.000000,0.038509,0.500,5.000,1,1
1762883044.515665,STEP,1,0.000000,-0.000000,odom,3.130747,0.000000,0.038915,0.500,5.000,1,1
1762883044.535575,STEP,1,0.000000,-0.000000,odom,3.130747,0.000000,0.038915,0.500,5.000,1,1
1762883044.555604,STEP,1,0.000000,-0.000000,odom,3.130747,0.000000,0.038915,0.500,5.000,1,1
1762883044.576697,STEP,1,0.000000,-0.000000,odom,3.130747,0.000000,0.038915,0.500,5.000,1,1
1762883044.596458,STEP,1,0.000000,-0.000000,odom,3.130747,0.000000,0.038915,0.500,5.000,1,1
1762883044.620069,STEP,1,0.000000,-0.000000,odom,3.130747,0.000000,0.038915,0.500,5.000,1,1
1762883044.635917,STEP,1,0.000000,-0.000000,odom,3.130747,0.000000,0.038915,0.500,5.000,1,1
1762883044.655840,STEP,1,0.000000,-0.000000,odom,3.130747,0.000000,0.038915,0.500,5.000,1,1
1762883044.676956,STEP,1,0.000000,-0.000000,odom,3.130747,0.000000,0.038992,0.500,5.000,1,1
1762883044.695611,STEP,1,0.000000,-0.000000,odom,3.129841,-0.033911,0.039374,0.500,5.000,1,1
1762883044.715626,STEP,1,0.000000,-0.000000,odom,3.129841,-0.023738,0.039428,0.500,5.000,1,1
1762883044.735825,STEP,1,0.000000,-0.000000,odom,3.129841,-0.016617,0.039428,0.500,5.000,1,1
1762883044.755644,STEP,1,0.000000,-0.000000,odom,3.129841,0.000000,0.039428,0.500,5.000,1,1
1762883044.776073,STEP,1,0.000000,-0.000000,odom,3.129841,0.000000,0.039428,0.500,5.000,1,1
1762883044.795608,STEP,1,0.000000,-0.000000,odom,3.129841,0.000000,0.039428,0.500,5.000,1,1
1762883044.815593,STEP,1,0.000000,-0.000000,odom,3.129841,0.000000,0.039428,0.500,5.000,1,1
1762883044.836183,STEP,1,0.000000,-0.000000,odom,3.129841,0.000000,0.039428,0.500,5.000,1,1
1762883044.855747,STEP,1,0.000000,-0.000000,odom,3.129841,0.000000,0.039428,0.500,5.000,1,1
1762883044.875543,STEP,1,0.000000,-0.000000,odom,3.129841,0.000000,0.039397,0.500,5.000,1,1
1762883044.895864,STEP,1,0.000000,-0.000000,odom,3.128938,-0.013531,0.039388,0.500,5.000,1,1
1762883044.915715,STEP,1,0.000000,-0.000000,odom,3.128938,-0.009472,0.039388,0.500,5.000,1,1
1762883044.935607,STEP,1,0.000000,-0.000000,odom,3.128938,0.000000,0.039388,0.500,5.000,1,1
1762883044.955915,STEP,1,0.000000,-0.000000,odom,3.128938,0.000000,0.039388,0.500,5.000,1,1
1762883044.975743,STEP,1,0.000000,-0.000000,odom,3.128938,0.000000,0.039388,0.500,5.000,1,1
1762883044.995710,STEP,1,0.000000,-0.000000,odom,3.128938,0.000000,0.039388,0.500,5.000,1,1
1762883045.015659,STEP,1,0.000000,-0.000000,odom,3.128938,0.000000,0.039388,0.500,5.000,1,1
1762883045.035604,STEP,1,0.000000,-0.000000,odom,3.128938,0.000000,0.039388,0.500,5.000,1,1
1762883045.055691,STEP,1,0.000000,-0.000000,odom,3.128938,0.000000,0.039296,0.500,5.000,1,1
1762883045.075712,STEP,1,0.000000,-0.000000,odom,3.128938,0.000000,0.039168,0.500,5.000,1,1
1762883045.095622,STEP,1,0.000000,-0.000000,odom,3.128050,-0.013293,0.039168,0.500,5.000,1,1
1762883045.115611,STEP,1,0.000000,-0.000000,odom,3.128050,-0.009305,0.039168,0.500,5.000,1,1
1762883045.135711,STEP,1,0.000000,-0.000000,odom,3.128050,0.000000,0.039168,0.500,5.000,1,1
1762883045.158196,STEP,1,0.000000,-0.000000,odom,3.128050,0.000000,0.039168,0.500,5.000,1,1
1762883045.177235,STEP,1,0.000000,-0.000000,odom,3.128050,0.000000,0.039168,0.500,5.000,1,1
1762883045.195642,STEP,1,0.000000,-0.000000,odom,3.128050,0.000000,0.039168,0.500,5.000,1,1
1762883045.215742,STEP,1,0.000000,-0.000000,odom,3.128050,0.000000,0.039168,0.500,5.000,1,1
1762883045.235917,STEP,1,0.000000,-0.000000,odom,3.128050,0.000000,0.039168,0.500,5.000,1,1
1762883045.255419,STEP,1,0.000000,-0.000000,odom,3.128050,0.000000,0.038902,0.500,5.000,1,1
1762883045.275620,STEP,1,0.000000,-0.000000,odom,3.127187,-0.012926,0.038725,0.500,5.000,1,1
1762883045.296786,STEP,1,0.000000,-0.000000,odom,3.127187,-0.009048,0.038725,0.500,5.000,1,1
1762883045.316997,STEP,1,0.000000,-0.000000,odom,3.127187,0.000000,0.038725,0.500,5.000,1,1
1762883045.337966,STEP,1,0.000000,-0.000000,odom,3.127187,0.000000,0.038725,0.500,5.000,1,1
1762883045.355537,STEP,1,0.000000,-0.000000,odom,3.127187,0.000000,0.038725,0.500,5.000,1,1
1762883045.376517,STEP,1,0.000000,-0.000000,odom,3.127187,0.000000,0.038725,0.500,5.000,1,1
1762883045.395633,STEP,1,0.000000,-0.000000,odom,3.127187,0.000000,0.038725,0.500,5.000,1,1
1762883045.415920,STEP,1,0.000000,-0.000000,odom,3.127187,0.000000,0.038725,0.500,5.000,1,1
1762883045.435664,STEP,1,0.000000,-0.000000,odom,3.127187,0.000000,0.038593,0.500,5.000,1,1
1762883045.455537,STEP,1,0.000000,-0.000000,odom,3.126355,-0.015590,0.038399,0.500,5.000,1,1
1762883045.475541,STEP,1,0.000000,-0.000000,odom,3.126355,-0.010913,0.038399,0.500,5.000,1,1
1762883045.495615,STEP,1,0.000000,-0.000000,odom,3.126355,0.000000,0.038399,0.500,5.000,1,1
1762883045.515581,STEP,1,0.000000,-0.000000,odom,3.126355,0.000000,0.038399,0.500,5.000,1,1
1762883045.541563,STEP,1,0.000000,-0.000000,odom,3.126355,0.000000,0.038399,0.500,5.000,1,1
1762883045.555627,STEP,1,0.000000,-0.000000,odom,3.126355,0.000000,0.038399,0.500,5.000,1,1
1762883045.575585,STEP,1,0.000000,-0.000000,odom,3.126355,0.000000,0.038399,0.500,5.000,1,1
1762883045.595605,STEP,1,0.000000,-0.000000,odom,3.126355,0.000000,0.038399,0.500,5.000,1,1
1762883045.615702,STEP,1,0.000000,-0.000000,odom,3.126355,0.000000,0.038399,0.500,5.000,1,1
1762883045.635490,STEP,1,0.000000,-0.000000,odom,3.126355,0.000000,0.037985,0.500,5.000,1,1
1762883045.655667,STEP,1,0.000000,-0.000000,odom,3.125553,-0.012009,0.037898,0.500,5.000,1,1
1762883045.675586,STEP,1,0.000000,-0.000000,odom,3.125553,-0.008406,0.037898,0.500,5.000,1,1
1762883045.696288,STEP,1,0.000000,-0.000000,odom,3.125553,0.000000,0.037898,0.500,5.000,1,1
1762883045.715725,STEP,1,0.000000,-0.000000,odom,3.125553,0.000000,0.037898,0.500,5.000,1,1
1762883045.735588,STEP,1,0.000000,-0.000000,odom,3.125553,0.000000,0.037898,0.500,5.000,1,1
1762883045.755598,STEP,1,0.000000,-0.000000,odom,3.125553,0.000000,0.037898,0.500,5.000,1,1
1762883045.775893,STEP,1,0.000000,-0.000000,odom,3.125553,0.000000,0.037898,0.500,5.000,1,1
1762883045.795556,STEP,1,0.000000,-0.000000,odom,3.125553,0.000000,0.037898,0.500,5.000,1,1
1762883045.815677,STEP,1,0.000000,-0.000000,odom,3.125553,0.000000,0.037898,0.500,5.000,1,1
1762883045.837109,STEP,1,0.000000,-0.000000,odom,3.125553,0.000000,0.037625,0.500,5.000,1,1
1762883045.855726,STEP,1,0.000000,-0.000000,odom,3.125553,0.000000,0.037347,0.500,5.000,1,1
1762883045.876793,STEP,1,0.000000,-0.000000,odom,3.124783,-0.014403,0.037202,0.500,5.000,1,1
1762883045.895767,STEP,1,0.000000,-0.000000,odom,3.124783,0.000000,0.037202,0.500,5.000,1,1
1762883045.915636,STEP,1,0.000000,-0.000000,odom,3.124783,0.000000,0.037202,0.500,5.000,1,1
1762883045.936933,STEP,1,0.000000,-0.000000,odom,3.124783,0.000000,0.037202,0.500,5.000,1,1
1762883045.955698,STEP,1,0.000000,-0.000000,odom,3.124783,0.000000,0.037202,0.500,5.000,1,1
1762883045.976785,STEP,1,0.000000,-0.000000,odom,3.124783,0.000000,0.037202,0.500,5.000,1,1
1762883045.995551,STEP,1,0.000000,-0.000000,odom,3.124783,0.000000,0.037202,0.500,5.000,1,1
1762883046.015582,STEP,1,0.000000,-0.000000,odom,3.124783,0.000000,0.037202,0.500,5.000,1,1
1762883046.035898,STEP,1,0.000000,-0.000000,odom,3.124783,0.000000,0.036711,0.500,5.000,1,1
1762883046.055623,STEP,1,0.000000,-0.000000,odom,3.124047,-0.013784,0.036545,0.500,5.000,1,1
1762883046.076080,STEP,1,0.000000,-0.000000,odom,3.124047,-0.009649,0.036545,0.500,5.000,1,1
1762883046.095693,STEP,1,0.000000,-0.000000,odom,3.124047,0.000000,0.036545,0.500,5.000,1,1
1762883046.119079,STEP,1,0.000000,-0.000000,odom,3.124047,0.000000,0.036545,0.500,5.000,1,1
1762883046.135753,STEP,1,0.000000,-0.000000,odom,3.124047,0.000000,0.036545,0.500,5.000,1,1
1762883046.156157,STEP,1,0.000000,-0.000000,odom,3.124047,0.000000,0.036545,0.500,5.000,1,1
1762883046.175775,STEP,1,0.000000,-0.000000,odom,3.124047,0.000000,0.036545,0.500,5.000,1,1
1762883046.195744,STEP,1,0.000000,-0.000000,odom,3.124047,0.000000,0.036545,0.500,5.000,1,1
1762883046.215557,STEP,1,0.000000,-0.000000,odom,3.124047,0.000000,0.036394,0.500,5.000,1,1
1762883046.237364,STEP,1,0.000000,-0.000000,odom,3.124047,0.000000,0.036213,0.500,5.000,1,1
1762883046.255674,STEP,1,0.000000,-0.000000,odom,3.123345,-0.010518,0.036213,0.500,5.000,1,1
1762883046.275622,STEP,1,0.000000,-0.000000,odom,3.123345,0.000000,0.036213,0.500,5.000,1,1
1762883046.295781,STEP,1,0.000000,-0.000000,odom,3.123345,0.000000,0.036213,0.500,5.000,1,1
1762883046.315614,STEP,1,0.000000,-0.000000,odom,3.123345,0.000000,0.036213,0.500,5.000,1,1
1762883046.335577,STEP,1,0.000000,-0.000000,odom,3.123345,0.000000,0.036213,0.500,5.000,1,1
1762883046.355689,STEP,1,0.000000,-0.000000,odom,3.123345,0.000000,0.036213,0.500,5.000,1,1
1762883046.375700,STEP,1,0.000000,-0.000000,odom,3.123345,0.000000,0.036213,0.500,5.000,1,1
1762883046.395975,STEP,1,0.000000,-0.000000,odom,3.123345,0.000000,0.036213,0.500,5.000,1,1
1762883046.415768,STEP,1,0.000000,-0.000000,odom,3.123345,0.000000,0.035851,0.500,5.000,1,1
1762883046.435377,STEP,1,0.000000,-0.000000,odom,3.123345,0.000000,0.035342,0.500,5.000,1,1
1762883046.455801,STEP,1,0.000000,-0.000000,odom,3.122677,-0.009999,0.035342,0.500,5.000,1,1
1762883046.475722,STEP,1,0.000000,-0.000000,odom,3.122677,0.000000,0.035342,0.500,5.000,1,1
1762883046.495604,STEP,1,0.000000,-0.000000,odom,3.122677,0.000000,0.035342,0.500,5.000,1,1
1762883046.515651,STEP,1,0.000000,-0.000000,odom,3.122677,0.000000,0.035342,0.500,5.000,1,1
1762883046.535595,STEP,1,0.000000,-0.000000,odom,3.122677,0.000000,0.035342,0.500,5.000,1,1
1762883046.555958,STEP,1,0.000000,-0.000000,odom,3.122677,0.000000,0.035342,0.500,5.000,1,1
1762883046.575816,STEP,1,0.000000,-0.000000,odom,3.122677,0.000000,0.035342,0.500,5.000,1,1
1762883046.595619,STEP,1,0.000000,-0.000000,odom,3.122677,0.000000,0.035342,0.500,5.000,1,1
1762883046.616149,STEP,1,0.000000,-0.000000,odom,3.122677,0.000000,0.034970,0.500,5.000,1,1
1762883046.635619,STEP,1,0.000000,-0.000000,odom,3.122677,0.000000,0.034829,0.500,5.000,1,1
1762883046.655609,STEP,1,0.000000,-0.000000,odom,3.122044,-0.047348,0.034829,0.500,5.000,1,1
1762883046.675825,STEP,1,0.000000,-0.000000,odom,3.122044,0.000000,0.034829,0.500,5.000,1,1
1762883046.695909,STEP,1,0.000000,-0.000000,odom,3.122044,0.000000,0.034829,0.500,5.000,1,1
1762883046.715609,STEP,1,0.000000,-0.000000,odom,3.122044,0.000000,0.034829,0.500,5.000,1,1
1762883046.735624,STEP,1,0.000000,-0.000000,odom,3.122044,0.000000,0.034829,0.500,5.000,1,1
1762883046.756682,STEP,1,0.000000,-0.000000,odom,3.122044,0.000000,0.034829,0.500,5.000,1,1
1762883046.775709,STEP,1,0.000000,-0.000000,odom,3.122044,0.000000,0.034829,0.500,5.000,1,1
1762883046.795501,STEP,1,0.000000,-0.000000,odom,3.122044,0.000000,0.034220,0.500,5.000,1,1
1762883046.816887,STEP,1,0.000000,-0.000000,odom,3.122044,0.000000,0.033982,0.500,5.000,1,1
1762883046.835627,STEP,1,0.000000,-0.000000,odom,3.122044,0.000000,0.033982,0.500,5.000,1,1
1762883046.858244,STEP,1,0.000000,-0.000000,odom,3.122044,0.000000,0.033982,0.500,5.000,1,1
1762883046.875834,STEP,1,0.000000,-0.000000,odom,3.122044,0.000000,0.033982,0.500,5.000,1,1
1762883046.895743,STEP,1,0.000000,-0.000000,odom,3.122044,0.000000,0.033982,0.500,5.000,1,1
1762883046.915689,STEP,1,0.000000,-0.000000,odom,3.122044,0.000000,0.033982,0.500,5.000,1,1
1762883046.935710,STEP,1,0.000000,-0.000000,odom,3.122044,0.000000,0.033982,0.500,5.000,1,1
1762883046.955586,STEP,1,0.000000,-0.000000,odom,3.122044,0.000000,0.033982,0.500,5.000,1,1
1762883046.975506,STEP,1,0.000000,-0.000000,odom,3.122044,0.000000,0.033679,0.500,5.000,1,1
1762883046.995677,STEP,1,0.000000,-0.000000,odom,3.121447,-0.022375,0.033424,0.500,5.000,1,1
1762883047.015603,STEP,1,0.000000,-0.000000,odom,3.121447,-0.015663,0.033424,0.500,5.000,1,1
1762883047.035619,STEP,1,0.000000,-0.000000,odom,3.121447,-0.010964,0.033424,0.500,5.000,1,1
1762883047.055962,STEP,1,0.000000,-0.000000,odom,3.121447,0.000000,0.033424,0.500,5.000,1,1
1762883047.075938,STEP,1,0.000000,-0.000000,odom,3.121447,0.000000,0.033424,0.500,5.000,1,1
1762883047.095728,STEP,1,0.000000,-0.000000,odom,3.121447,0.000000,0.033424,0.500,5.000,1,1
1762883047.116437,STEP,1,0.000000,-0.000000,odom,3.121447,0.000000,0.033424,0.500,5.000,1,1
1762883047.135736,STEP,1,0.000000,-0.000000,odom,3.121447,0.000000,0.033424,0.500,5.000,1,1
1762883047.156699,STEP,1,0.000000,-0.000000,odom,3.121447,0.000000,0.033424,0.500,5.000,1,1
1762883047.175667,STEP,1,0.000000,-0.000000,odom,3.121447,0.000000,0.033217,0.500,5.000,1,1
1762883047.195649,STEP,1,0.000000,-0.000000,odom,3.120880,-0.014130,0.032822,0.500,5.000,1,1
1762883047.215716,STEP,1,0.000000,-0.000000,odom,3.120880,-0.009891,0.032613,0.500,5.000,1,1
1762883047.235706,STEP,1,0.000000,-0.000000,odom,3.120880,-0.006924,0.032613,0.500,5.000,1,1
1762883047.255718,STEP,1,0.000000,-0.000000,odom,3.120880,0.000000,0.032613,0.500,5.000,1,1
1762883047.275640,STEP,1,0.000000,-0.000000,odom,3.120880,0.000000,0.032613,0.500,5.000,1,1
1762883047.299115,STEP,1,0.000000,-0.000000,odom,3.120880,0.000000,0.032613,0.500,5.000,1,1
1762883047.315850,STEP,1,0.000000,-0.000000,odom,3.120880,0.000000,0.032613,0.500,5.000,1,1
1762883047.335728,STEP,1,0.000000,-0.000000,odom,3.120880,0.000000,0.032613,0.500,5.000,1,1
1762883047.355742,STEP,1,0.000000,-0.000000,odom,3.120880,0.000000,0.032613,0.500,5.000,1,1
1762883047.375760,STEP,1,0.000000,-0.000000,odom,3.120880,0.000000,0.032401,0.500,5.000,1,1
1762883047.395646,STEP,1,0.000000,-0.000000,odom,3.120345,-0.010017,0.032050,0.500,5.000,1,1
1762883047.415583,STEP,1,0.000000,-0.000000,odom,3.120345,-0.007012,0.032050,0.500,5.000,1,1
1762883047.436313,STEP,1,0.000000,-0.000000,odom,3.120345,0.000000,0.032050,0.500,5.000,1,1
1762883047.455734,STEP,1,0.000000,-0.000000,odom,3.120345,0.000000,0.032050,0.500,5.000,1,1
1762883047.475867,STEP,1,0.000000,-0.000000,odom,3.120345,0.000000,0.032050,0.500,5.000,1,1
1762883047.496083,STEP,1,0.000000,-0.000000,odom,3.120345,0.000000,0.032050,0.500,5.000,1,1
1762883047.515585,STEP,1,0.000000,-0.000000,odom,3.120345,0.000000,0.032050,0.500,5.000,1,1
1762883047.536514,STEP,1,0.000000,-0.000000,odom,3.120345,0.000000,0.032050,0.500,5.000,1,1
1762883047.556107,STEP,1,0.000000,-0.000000,odom,3.120345,0.000000,0.031858,0.500,5.000,1,1
1762883047.575705,STEP,1,0.000000,-0.000000,odom,3.120345,0.000000,0.031562,0.500,5.000,1,1
1762883047.595588,STEP,1,0.000000,-0.000000,odom,3.119841,-0.007551,0.031562,0.500,5.000,1,1
1762883047.615652,STEP,1,0.000000,-0.000000,odom,3.119841,-0.005286,0.031562,0.500,5.000,1,1
1762883047.635667,STEP,1,0.000000,-0.000000,odom,3.119841,0.000000,0.031562,0.500,5.000,1,1
1762883047.656199,STEP,1,0.000000,-0.000000,odom,3.119841,0.000000,0.031562,0.500,5.000,1,1
1762883047.676075,STEP,1,0.000000,-0.000000,odom,3.119841,0.000000,0.031562,0.500,5.000,1,1
1762883047.696082,STEP,1,0.000000,-0.000000,odom,3.119841,0.000000,0.031562,0.500,5.000,1,1
1762883047.715665,STEP,1,0.000000,-0.000000,odom,3.119841,0.000000,0.031562,0.500,5.000,1,1
1762883047.735657,STEP,1,0.000000,-0.000000,odom,3.119841,0.000000,0.031562,0.500,5.000,1,1
1762883047.755954,STEP,1,0.000000,-0.000000,odom,3.119841,0.000000,0.031562,0.500,5.000,1,1
1762883047.775658,STEP,1,0.000000,-0.000000,odom,3.119841,0.000000,0.030807,0.500,5.000,1,1
1762883047.798011,STEP,1,0.000000,-0.000000,odom,3.119368,-0.007078,0.030807,0.500,5.000,1,1
1762883047.815816,STEP,1,0.000000,-0.000000,odom,3.119368,-0.004954,0.030807,0.500,5.000,1,1
1762883047.835791,STEP,1,0.000000,-0.000000,odom,3.119368,0.000000,0.030807,0.500,5.000,1,1
1762883047.855684,STEP,1,0.000000,-0.000000,odom,3.119368,0.000000,0.030807,0.500,5.000,1,1
1762883047.875678,STEP,1,0.000000,-0.000000,odom,3.119368,0.000000,0.030807,0.500,5.000,1,1
1762883047.897351,STEP,1,0.000000,-0.000000,odom,3.119368,0.000000,0.030807,0.500,5.000,1,1
1762883047.915682,STEP,1,0.000000,-0.000000,odom,3.119368,0.000000,0.030807,0.500,5.000,1,1
1762883047.937134,STEP,1,0.000000,-0.000000,odom,3.119368,0.000000,0.030807,0.500,5.000,1,1
1762883047.955846,STEP,1,0.000000,-0.000000,odom,3.119368,0.000000,0.030807,0.500,5.000,1,1
1762883047.976125,STEP,1,0.000000,-0.000000,odom,3.119368,0.000000,0.030807,0.500,5.000,1,1
1762883047.995800,STEP,1,0.000000,-0.000000,odom,3.119368,0.000000,0.030807,0.500,5.000,1,1
1762883048.015717,STEP,1,0.000000,-0.000000,odom,3.119368,0.000000,0.030448,0.500,5.000,1,1
1762883048.035649,STEP,1,0.000000,-0.000000,odom,3.118927,-0.006599,0.030018,0.500,5.000,1,1
1762883048.055824,STEP,1,0.000000,-0.000000,odom,3.118927,-0.004619,0.030018,0.500,5.000,1,1
1762883048.075654,STEP,1,0.000000,-0.000000,odom,3.118927,0.000000,0.030018,0.500,5.000,1,1
1762883048.095660,STEP,1,0.000000,-0.000000,odom,3.118927,0.000000,0.030018,0.500,5.000,1,1
1762883048.119082,STEP,1,0.000000,-0.000000,odom,3.118927,0.000000,0.030018,0.500,5.000,1,1
1762883048.138078,STEP,1,0.000000,-0.000000,odom,3.118927,0.000000,0.030018,0.500,5.000,1,1
1762883048.155602,STEP,1,0.000000,-0.000000,odom,3.118927,0.000000,0.030018,0.500,5.000,1,1
1762883048.175592,STEP,1,0.000000,-0.000000,odom,3.118927,0.000000,0.030018,0.500,5.000,1,1
1762883048.195652,STEP,1,0.000000,-0.000000,odom,3.118927,0.000000,0.030018,0.500,5.000,1,1
1762883048.218954,STEP,1,0.000000,-0.000000,odom,3.118927,0.000000,0.029908,0.500,5.000,1,1
1762883048.235653,STEP,1,0.000000,-0.000000,odom,3.118927,0.000000,0.029457,0.500,5.000,1,1
1762883048.255668,STEP,1,0.000000,-0.000000,odom,3.118515,-0.007717,0.029457,0.500,5.000,1,1
1762883048.276124,STEP,1,0.000000,-0.000000,odom,3.118515,-0.005402,0.029457,0.500,5.000,1,1
1762883048.295949,STEP,1,0.000000,-0.000000,odom,3.118515,0.000000,0.029457,0.500,5.000,1,1
1762883048.315575,STEP,1,0.000000,-0.000000,odom,3.118515,0.000000,0.029457,0.500,5.000,1,1
1762883048.335956,STEP,1,0.000000,-0.000000,odom,3.118515,0.000000,0.029457,0.500,5.000,1,1
1762883048.357033,STEP,1,0.000000,-0.000000,odom,3.118515,0.000000,0.029457,0.500,5.000,1,1
1762883048.375667,STEP,1,0.000000,-0.000000,odom,3.118515,0.000000,0.029457,0.500,5.000,1,1
1762883048.395653,STEP,1,0.000000,-0.000000,odom,3.118515,0.000000,0.029457,0.500,5.000,1,1
1762883048.415740,STEP,1,0.000000,-0.000000,odom,3.118515,0.000000,0.029329,0.500,5.000,1,1
1762883048.436330,STEP,1,0.000000,-0.000000,odom,3.118515,0.000000,0.028873,0.500,5.000,1,1
1762883048.455624,STEP,1,0.000000,-0.000000,odom,3.118130,-0.005753,0.028873,0.500,5.000,1,1
1762883048.475737,STEP,1,0.000000,-0.000000,odom,3.118130,-0.004027,0.028873,0.500,5.000,1,1
1762883048.497911,STEP,1,0.000000,-0.000000,odom,3.118130,0.000000,0.028873,0.500,5.000,1,1
1762883048.515673,STEP,1,0.000000,-0.000000,odom,3.118130,0.000000,0.028873,0.500,5.000,1,1
1762883048.536037,STEP,1,0.000000,-0.000000,odom,3.118130,0.000000,0.028873,0.500,5.000,1,1
1762883048.555633,STEP,1,0.000000,-0.000000,odom,3.118130,0.000000,0.028873,0.500,5.000,1,1
1762883048.575602,STEP,1,0.000000,-0.000000,odom,3.118130,0.000000,0.028873,0.500,5.000,1,1
1762883048.595674,STEP,1,0.000000,-0.000000,odom,3.118130,0.000000,0.028873,0.500,5.000,1,1
1762883048.616233,STEP,1,0.000000,-0.000000,odom,3.118130,0.000000,0.028873,0.500,5.000,1,1
1762883048.635983,STEP,1,0.000000,-0.000000,odom,3.118130,0.000000,0.028873,0.500,5.000,1,1
1762883048.656001,STEP,1,0.000000,-0.000000,odom,3.118130,0.000000,0.028503,0.500,5.000,1,1
1762883048.675567,STEP,1,0.000000,-0.000000,odom,3.118130,0.000000,0.028177,0.500,5.000,1,1
1762883048.695716,STEP,1,0.000000,-0.000000,odom,3.117774,-0.008883,0.028177,0.500,5.000,1,1
1762883048.715541,STEP,1,0.000000,-0.000000,odom,3.117774,0.000000,0.028177,0.500,5.000,1,1
1762883048.735778,STEP,1,0.000000,-0.000000,odom,3.117774,0.000000,0.028177,0.500,5.000,1,1
1762883048.757245,STEP,1,0.000000,-0.000000,odom,3.117774,0.000000,0.028177,0.500,5.000,1,1
1762883048.775608,STEP,1,0.000000,-0.000000,odom,3.117774,0.000000,0.028177,0.500,5.000,1,1
1762883048.795605,STEP,1,0.000000,-0.000000,odom,3.117774,0.000000,0.028177,0.500,5.000,1,1
1762883048.815607,STEP,1,0.000000,-0.000000,odom,3.117774,0.000000,0.028177,0.500,5.000,1,1
1762883048.835663,STEP,1,0.000000,-0.000000,odom,3.117774,0.000000,0.028177,0.500,5.000,1,1
1762883048.855727,STEP,1,0.000000,-0.000000,odom,3.117774,0.000000,0.027700,0.500,5.000,1,1
1762883048.875623,STEP,1,0.000000,-0.000000,odom,3.117774,0.000000,0.027520,0.500,5.000,1,1
1762883048.895765,STEP,1,0.000000,-0.000000,odom,3.117442,-0.006215,0.027520,0.500,5.000,1,1
1762883048.916273,STEP,1,0.000000,-0.000000,odom,3.117442,0.000000,0.027520,0.500,5.000,1,1
1762883048.935748,STEP,1,0.000000,-0.000000,odom,3.117442,0.000000,0.027520,0.500,5.000,1,1
1762883048.957435,STEP,1,0.000000,-0.000000,odom,3.117442,0.000000,0.027520,0.500,5.000,1,1
1762883048.975582,STEP,1,0.000000,-0.000000,odom,3.117442,0.000000,0.027520,0.500,5.000,1,1
1762883048.995546,STEP,1,0.000000,-0.000000,odom,3.117442,0.000000,0.027520,0.500,5.000,1,1
1762883049.015880,STEP,1,0.000000,-0.000000,odom,3.117442,0.000000,0.027520,0.500,5.000,1,1
1762883049.035609,STEP,1,0.000000,-0.000000,odom,3.117442,0.000000,0.027104,0.500,5.000,1,1
1762883049.055620,STEP,1,0.000000,-0.000000,odom,3.117442,0.000000,0.026935,0.500,5.000,1,1
1762883049.076401,STEP,1,0.000000,-0.000000,odom,3.117129,-0.007812,0.026935,0.500,5.000,1,1
1762883049.097928,STEP,1,0.000000,-0.000000,odom,3.117129,0.000000,0.026935,0.500,5.000,1,1
1762883049.117074,STEP,1,0.000000,-0.000000,odom,3.117129,0.000000,0.026935,0.500,5.000,1,1
1762883049.135624,STEP,1,0.000000,-0.000000,odom,3.117129,0.000000,0.026935,0.500,5.000,1,1
1762883049.158895,STEP,1,0.000000,-0.000000,odom,3.117129,0.000000,0.026935,0.500,5.000,1,1
1762883049.175660,STEP,1,0.000000,-0.000000,odom,3.117129,0.000000,0.026935,0.500,5.000,1,1
1762883049.195608,STEP,1,0.000000,-0.000000,odom,3.117129,0.000000,0.026935,0.500,5.000,1,1
1762883049.215613,STEP,1,0.000000,-0.000000,odom,3.117129,0.000000,0.026753,0.500,5.000,1,1
1762883049.235905,STEP,1,0.000000,-0.000000,odom,3.117129,0.000000,0.026362,0.500,5.000,1,1
1762883049.255571,STEP,1,0.000000,-0.000000,odom,3.117129,0.000000,0.026259,0.500,5.000,1,1
1762883049.276702,STEP,1,0.000000,-0.000000,odom,3.117129,0.000000,0.026259,0.500,5.000,1,1
1762883049.295794,STEP,1,0.000000,-0.000000,odom,3.117129,0.000000,0.026259,0.500,5.000,1,1
1762883049.317262,STEP,1,0.000000,-0.000000,odom,3.117129,0.000000,0.026259,0.500,5.000,1,1
1762883049.335738,STEP,1,0.000000,-0.000000,odom,3.117129,0.000000,0.026259,0.500,5.000,1,1
1762883049.355732,STEP,1,0.000000,-0.000000,odom,3.117129,0.000000,0.026259,0.500,5.000,1,1
1762883049.375646,STEP,1,0.000000,-0.000000,odom,3.117129,0.000000,0.026259,0.500,5.000,1,1
1762883049.395597,STEP,1,0.000000,-0.000000,odom,3.117129,0.000000,0.026259,0.500,5.000,1,1
1762883049.415923,STEP,1,0.000000,-0.000000,odom,3.117129,0.000000,0.026166,0.500,5.000,1,1
1762883049.437618,STEP,1,0.000000,-0.000000,odom,3.116832,-0.007414,0.025888,0.500,5.000,1,1
1762883049.455669,STEP,1,0.000000,-0.000000,odom,3.116832,-0.005190,0.025723,0.500,5.000,1,1
1762883049.478539,STEP,1,0.000000,-0.000000,odom,3.116832,-0.003633,0.025723,0.500,5.000,1,1
1762883049.495628,STEP,1,0.000000,-0.000000,odom,3.116832,0.000000,0.025723,0.500,5.000,1,1
1762883049.515580,STEP,1,0.000000,-0.000000,odom,3.116832,0.000000,0.025723,0.500,5.000,1,1
1762883049.536824,STEP,1,0.000000,-0.000000,odom,3.116832,0.000000,0.025723,0.500,5.000,1,1
1762883049.555670,STEP,1,0.000000,-0.000000,odom,3.116832,0.000000,0.025723,0.500,5.000,1,1
1762883049.575690,STEP,1,0.000000,-0.000000,odom,3.116832,0.000000,0.025723,0.500,5.000,1,1
1762883049.595645,STEP,1,0.000000,-0.000000,odom,3.116832,0.000000,0.025604,0.500,5.000,1,1
1762883049.615641,STEP,1,0.000000,-0.000000,odom,3.116549,-0.010620,0.025418,0.500,5.000,1,1
1762883049.635780,STEP,1,0.000000,-0.000000,odom,3.116549,-0.007434,0.025418,0.500,5.000,1,1
1762883049.655614,STEP,1,0.000000,-0.000000,odom,3.116549,-0.005204,0.025418,0.500,5.000,1,1
1762883049.675880,STEP,1,0.000000,-0.000000,odom,3.116549,0.000000,0.025418,0.500,5.000,1,1
1762883049.696274,STEP,1,0.000000,-0.000000,odom,3.116549,0.000000,0.025418,0.500,5.000,1,1
1762883049.715600,STEP,1,0.000000,-0.000000,odom,3.116549,0.000000,0.025418,0.500,5.000,1,1
1762883049.735658,STEP,1,0.000000,-0.000000,odom,3.116549,0.000000,0.025418,0.500,5.000,1,1
1762883049.755579,STEP,1,0.000000,-0.000000,odom,3.116549,0.000000,0.025418,0.500,5.000,1,1
1762883049.776475,STEP,1,0.000000,-0.000000,odom,3.116549,0.000000,0.025345,0.500,5.000,1,1
1762883049.795402,STEP,1,0.000000,-0.000000,odom,3.116549,0.000000,0.025185,0.500,5.000,1,1
1762883049.815645,STEP,1,0.000000,-0.000000,odom,3.116276,-0.004091,0.025166,0.500,5.000,1,1
1762883049.835581,STEP,1,0.000000,-0.000000,odom,3.116276,-0.002864,0.025166,0.500,5.000,1,1
1762883049.855709,STEP,1,0.000000,-0.000000,odom,3.116276,0.000000,0.025166,0.500,5.000,1,1
1762883049.875649,STEP,1,0.000000,-0.000000,odom,3.116276,0.000000,0.025166,0.500,5.000,1,1
1762883049.895583,STEP,1,0.000000,-0.000000,odom,3.116276,0.000000,0.025166,0.500,5.000,1,1
1762883049.918093,STEP,1,0.000000,-0.000000,odom,3.116276,0.000000,0.025166,0.500,5.000,1,1
1762883049.935589,STEP,1,0.000000,-0.000000,odom,3.116276,0.000000,0.025166,0.500,5.000,1,1
1762883049.955691,STEP,1,0.000000,-0.000000,odom,3.116276,0.000000,0.025166,0.500,5.000,1,1
1762883049.975890,STEP,1,0.000000,-0.000000,odom,3.116276,0.000000,0.025112,0.500,5.000,1,1
1762883049.995475,STEP,1,0.000000,-0.000000,odom,3.116013,-0.006574,0.024901,0.500,5.000,1,1
1762883050.015970,STEP,1,0.000000,-0.000000,odom,3.116013,-0.004602,0.024901,0.500,5.000,1,1
1762883050.035602,STEP,1,0.000000,-0.000000,odom,3.116013,0.000000,0.024901,0.500,5.000,1,1
1762883050.055633,STEP,1,0.000000,-0.000000,odom,3.116013,0.000000,0.024901,0.500,5.000,1,1
1762883050.075671,STEP,1,0.000000,-0.000000,odom,3.116013,0.000000,0.024901,0.500,5.000,1,1
1762883050.095589,STEP,1,0.000000,-0.000000,odom,3.116013,0.000000,0.024901,0.500,5.000,1,1
1762883050.115580,STEP,1,0.000000,-0.000000,odom,3.116013,0.000000,0.024901,0.500,5.000,1,1
1762883050.135582,STEP,1,0.000000,-0.000000,odom,3.116013,0.000000,0.024901,0.500,5.000,1,1
1762883050.155914,STEP,1,0.000000,-0.000000,odom,3.116013,0.000000,0.024901,0.500,5.000,1,1
1762883050.175626,STEP,1,0.000000,-0.000000,odom,3.116013,0.000000,0.024413,0.500,5.000,1,1
1762883050.196228,STEP,1,0.000000,-0.000000,odom,3.115765,-0.003728,0.024224,0.500,5.000,1,1
1762883050.216676,STEP,1,0.000000,-0.000000,odom,3.115765,-0.002610,0.024224,0.500,5.000,1,1
1762883050.235559,STEP,1,0.000000,-0.000000,odom,3.115765,0.000000,0.024224,0.500,5.000,1,1
1762883050.255925,STEP,1,0.000000,-0.000000,odom,3.115765,0.000000,0.024224,0.500,5.000,1,1
1762883050.275592,STEP,1,0.000000,-0.000000,odom,3.115765,0.000000,0.024224,0.500,5.000,1,1
1762883050.299073,STEP,1,0.000000,-0.000000,odom,3.115765,0.000000,0.024224,0.500,5.000,1,1
1762883050.315655,STEP,1,0.000000,-0.000000,odom,3.115765,0.000000,0.024224,0.500,5.000,1,1
1762883050.335702,STEP,1,0.000000,-0.000000,odom,3.115765,0.000000,0.024224,0.500,5.000,1,1
1762883050.355682,STEP,1,0.000000,-0.000000,odom,3.115765,0.000000,0.024009,0.500,5.000,1,1
1762883050.375473,STEP,1,0.000000,-0.000000,odom,3.115765,0.000000,0.023690,0.500,5.000,1,1
1762883050.395607,STEP,1,0.000000,-0.000000,odom,3.115536,-0.003441,0.023690,0.500,5.000,1,1
1762883050.415900,STEP,1,0.000000,-0.000000,odom,3.115536,0.000000,0.023690,0.500,5.000,1,1
1762883050.435760,STEP,1,0.000000,-0.000000,odom,3.115536,0.000000,0.023690,0.500,5.000,1,1
1762883050.455605,STEP,1,0.000000,-0.000000,odom,3.115536,0.000000,0.023690,0.500,5.000,1,1
1762883050.475597,STEP,1,0.000000,-0.000000,odom,3.115536,0.000000,0.023690,0.500,5.000,1,1
1762883050.496304,STEP,1,0.000000,-0.000000,odom,3.115536,0.000000,0.023690,0.500,5.000,1,1
1762883050.515618,STEP,1,0.000000,-0.000000,odom,3.115536,0.000000,0.023690,0.500,5.000,1,1
1762883050.535988,STEP,1,0.000000,-0.000000,odom,3.115536,0.000000,0.023549,0.500,5.000,1,1
1762883050.555793,STEP,1,0.000000,-0.000000,odom,3.115536,0.000000,0.023349,0.500,5.000,1,1
1762883050.575807,STEP,1,0.000000,-0.000000,odom,3.115320,-0.003247,0.023296,0.500,5.000,1,1
1762883050.595707,STEP,1,0.000000,-0.000000,odom,3.115320,-0.002273,0.023296,0.500,5.000,1,1
1762883050.615580,STEP,1,0.000000,-0.000000,odom,3.115320,0.000000,0.023296,0.500,5.000,1,1
1762883050.635567,STEP,1,0.000000,-0.000000,odom,3.115320,0.000000,0.023296,0.500,5.000,1,1
1762883050.655639,STEP,1,0.000000,-0.000000,odom,3.115320,0.000000,0.023296,0.500,5.000,1,1
1762883050.675634,STEP,1,0.000000,-0.000000,odom,3.115320,0.000000,0.023296,0.500,5.000,1,1
1762883050.695813,STEP,1,0.000000,-0.000000,odom,3.115320,0.000000,0.023296,0.500,5.000,1,1
1762883050.716219,STEP,1,0.000000,-0.000000,odom,3.115320,0.000000,0.023296,0.500,5.000,1,1
1762883050.735797,STEP,1,0.000000,-0.000000,odom,3.115320,0.000000,0.023250,0.500,5.000,1,1
1762883050.755538,STEP,1,0.000000,-0.000000,odom,3.115320,0.000000,0.023110,0.500,5.000,1,1
1762883050.775653,STEP,1,0.000000,-0.000000,odom,3.115116,-0.003843,0.023110,0.500,5.000,1,1
1762883050.795566,STEP,1,0.000000,-0.000000,odom,3.115116,0.000000,0.023110,0.500,5.000,1,1
1762883050.815634,STEP,1,0.000000,-0.000000,odom,3.115116,0.000000,0.023110,0.500,5.000,1,1
1762883050.837259,STEP,1,0.000000,-0.000000,odom,3.115116,0.000000,0.023110,0.500,5.000,1,1
1762883050.857150,STEP,1,0.000000,-0.000000,odom,3.115116,0.000000,0.023110,0.500,5.000,1,1
1762883050.875579,STEP,1,0.000000,-0.000000,odom,3.115116,0.000000,0.023110,0.500,5.000,1,1
1762883050.895602,STEP,1,0.000000,-0.000000,odom,3.115116,0.000000,0.023110,0.500,5.000,1,1
1762883050.915656,STEP,1,0.000000,-0.000000,odom,3.115116,0.000000,0.023110,0.500,5.000,1,1
1762883050.935476,STEP,1,0.000000,-0.000000,odom,3.115116,0.000000,0.022738,0.500,5.000,1,1
1762883050.955588,STEP,1,0.000000,-0.000000,odom,3.115116,0.000000,0.022629,0.500,5.000,1,1
1762883050.975604,STEP,1,0.000000,-0.000000,odom,3.114926,-0.003583,0.022629,0.500,5.000,1,1
1762883050.995647,STEP,1,0.000000,-0.000000,odom,3.114926,0.000000,0.022629,0.500,5.000,1,1
1762883051.016349,STEP,1,0.000000,-0.000000,odom,3.114926,0.000000,0.022629,0.500,5.000,1,1
1762883051.036562,STEP,1,0.000000,-0.000000,odom,3.114926,0.000000,0.022629,0.500,5.000,1,1
1762883051.055593,STEP,1,0.000000,-0.000000,odom,3.114926,0.000000,0.022629,0.500,5.000,1,1
1762883051.075576,STEP,1,0.000000,-0.000000,odom,3.114926,0.000000,0.022629,0.500,5.000,1,1
1762883051.095625,STEP,1,0.000000,-0.000000,odom,3.114926,0.000000,0.022629,0.500,5.000,1,1
1762883051.115548,STEP,1,0.000000,-0.000000,odom,3.114926,0.000000,0.022398,0.500,5.000,1,1
1762883051.135619,STEP,1,0.000000,-0.000000,odom,3.114926,0.000000,0.022251,0.500,5.000,1,1
1762883051.155642,STEP,1,0.000000,-0.000000,odom,3.114748,-0.002675,0.022103,0.500,5.000,1,1
1762883051.175583,STEP,1,0.000000,-0.000000,odom,3.114748,-0.001873,0.022103,0.500,5.000,1,1
1762883051.195593,STEP,1,0.000000,-0.000000,odom,3.114748,0.000000,0.022103,0.500,5.000,1,1
1762883051.215630,STEP,1,0.000000,-0.000000,odom,3.114748,0.000000,0.022103,0.500,5.000,1,1
1762883051.237010,STEP,1,0.000000,-0.000000,odom,3.114748,0.000000,0.022103,0.500,5.000,1,1
1762883051.256091,STEP,1,0.000000,-0.000000,odom,3.114748,0.000000,0.022103,0.500,5.000,1,1
1762883051.275806,STEP,1,0.000000,-0.000000,odom,3.114748,0.000000,0.022103,0.500,5.000,1,1
1762883051.295710,STEP,1,0.000000,-0.000000,odom,3.114748,0.000000,0.022103,0.500,5.000,1,1
1762883051.315500,STEP,1,0.000000,-0.000000,odom,3.114748,0.000000,0.022023,0.500,5.000,1,1
1762883051.335710,STEP,1,0.000000,-0.000000,odom,3.114748,0.000000,0.021939,0.500,5.000,1,1
1762883051.355755,STEP,1,0.000000,-0.000000,odom,3.114583,-0.004176,0.021939,0.500,5.000,1,1
1762883051.375556,STEP,1,0.000000,-0.000000,odom,3.114583,0.000000,0.021939,0.500,5.000,1,1
1762883051.396688,STEP,1,0.000000,-0.000000,odom,3.114583,0.000000,0.021939,0.500,5.000,1,1
1762883051.415635,STEP,1,0.000000,-0.000000,odom,3.114583,0.000000,0.021939,0.500,5.000,1,1
1762883051.438166,STEP,1,0.000000,-0.000000,odom,3.114583,0.000000,0.021939,0.500,5.000,1,1
1762883051.455634,STEP,1,0.000000,-0.000000,odom,3.114583,0.000000,0.021939,0.500,5.000,1,1
1762883051.475728,STEP,1,0.000000,-0.000000,odom,3.114583,0.000000,0.021939,0.500,5.000,1,1
1762883051.495440,STEP,1,0.000000,-0.000000,odom,3.114583,0.000000,0.021879,0.500,5.000,1,1
1762883051.515668,STEP,1,0.000000,-0.000000,odom,3.114583,0.000000,0.021538,0.500,5.000,1,1
1762883051.535743,STEP,1,0.000000,-0.000000,odom,3.114583,0.000000,0.021538,0.500,5.000,1,1
1762883051.555585,STEP,1,0.000000,-0.000000,odom,3.114583,0.000000,0.021538,0.500,5.000,1,1
1762883051.575675,STEP,1,0.000000,-0.000000,odom,3.114583,0.000000,0.021538,0.500,5.000,1,1
1762883051.595597,STEP,1,0.000000,-0.000000,odom,3.114583,0.000000,0.021538,0.500,5.000,1,1
1762883051.618255,STEP,1,0.000000,-0.000000,odom,3.114583,0.000000,0.021538,0.500,5.000,1,1
1762883051.635803,STEP,1,0.000000,-0.000000,odom,3.114583,0.000000,0.021538,0.500,5.000,1,1
1762883051.655550,STEP,1,0.000000,-0.000000,odom,3.114583,0.000000,0.021538,0.500,5.000,1,1
1762883051.678478,STEP,1,0.000000,-0.000000,odom,3.114583,0.000000,0.021456,0.500,5.000,1,1
1762883051.695771,STEP,1,0.000000,-0.000000,odom,3.114432,-0.011450,0.021344,0.500,5.000,1,1
1762883051.717184,STEP,1,0.000000,-0.000000,odom,3.114432,-0.008015,0.021153,0.500,5.000,1,1
1762883051.735631,STEP,1,0.000000,-0.000000,odom,3.114432,-0.005610,0.021153,0.500,5.000,1,1
1762883051.755754,STEP,1,0.000000,-0.000000,odom,3.114432,0.000000,0.021153,0.500,5.000,1,1
1762883051.775979,STEP,1,0.000000,-0.000000,odom,3.114432,0.000000,0.021153,0.500,5.000,1,1
1762883051.795590,STEP,1,0.000000,-0.000000,odom,3.114432,0.000000,0.021153,0.500,5.000,1,1
1762883051.817052,STEP,1,0.000000,-0.000000,odom,3.114432,0.000000,0.021153,0.500,5.000,1,1
1762883051.835596,STEP,1,0.000000,-0.000000,odom,3.114432,0.000000,0.021153,0.500,5.000,1,1
1762883051.855852,STEP,1,0.000000,-0.000000,odom,3.114432,0.000000,0.021153,0.500,5.000,1,1
1762883051.875838,STEP,1,0.000000,-0.000000,odom,3.114432,0.000000,0.020904,0.500,5.000,1,1
1762883051.895688,STEP,1,0.000000,-0.000000,odom,3.114297,-0.002552,0.020571,0.500,5.000,1,1
1762883051.915595,STEP,1,0.000000,-0.000000,odom,3.114297,-0.001786,0.020571,0.500,5.000,1,1
1762883051.935707,STEP,1,0.000000,-0.000000,odom,3.114297,0.000000,0.020571,0.500,5.000,1,1
1762883051.955715,STEP,1,0.000000,-0.000000,odom,3.114297,0.000000,0.020571,0.500,5.000,1,1
1762883051.977217,STEP,1,0.000000,-0.000000,odom,3.114297,0.000000,0.020571,0.500,5.000,1,1
1762883051.995654,STEP,1,0.000000,-0.000000,odom,3.114297,0.000000,0.020571,0.500,5.000,1,1
1762883052.015825,STEP,1,0.000000,-0.000000,odom,3.114297,0.000000,0.020571,0.500,5.000,1,1
1762883052.035679,STEP,1,0.000000,-0.000000,odom,3.114297,0.000000,0.020571,0.500,5.000,1,1
1762883052.055639,STEP,1,0.000000,-0.000000,odom,3.114297,0.000000,0.020571,0.500,5.000,1,1
1762883052.075607,STEP,1,0.000000,-0.000000,odom,3.114297,0.000000,0.020357,0.500,5.000,1,1
1762883052.095779,STEP,1,0.000000,-0.000000,odom,3.114178,-0.001819,0.020322,0.500,5.000,1,1
1762883052.115796,STEP,1,0.000000,-0.000000,odom,3.114178,-0.001273,0.020322,0.500,5.000,1,1
1762883052.135606,STEP,1,0.000000,-0.000000,odom,3.114178,0.000000,0.020322,0.500,5.000,1,1
1762883052.156253,STEP,1,0.000000,-0.000000,odom,3.114178,0.000000,0.020322,0.500,5.000,1,1
1762883052.175626,STEP,1,0.000000,-0.000000,odom,3.114178,0.000000,0.020322,0.500,5.000,1,1
1762883052.195623,STEP,1,0.000000,-0.000000,odom,3.114178,0.000000,0.020322,0.500,5.000,1,1
1762883052.215591,STEP,1,0.000000,-0.000000,odom,3.114178,0.000000,0.020322,0.500,5.000,1,1
1762883052.235714,STEP,1,0.000000,-0.000000,odom,3.114178,0.000000,0.020322,0.500,5.000,1,1
1762883052.255583,STEP,1,0.000000,-0.000000,odom,3.114178,0.000000,0.020038,0.500,5.000,1,1
1762883052.276803,STEP,1,0.000000,-0.000000,odom,3.114071,-0.002710,0.019853,0.500,5.000,1,1
1762883052.295615,STEP,1,0.000000,-0.000000,odom,3.114071,-0.001897,0.019853,0.500,5.000,1,1
1762883052.315634,STEP,1,0.000000,-0.000000,odom,3.114071,0.000000,0.019853,0.500,5.000,1,1
1762883052.335981,STEP,1,0.000000,-0.000000,odom,3.114071,0.000000,0.019853,0.500,5.000,1,1
1762883052.355746,STEP,1,0.000000,-0.000000,odom,3.114071,0.000000,0.019853,0.500,5.000,1,1
1762883052.376440,STEP,1,0.000000,-0.000000,odom,3.114071,0.000000,0.019853,0.500,5.000,1,1
1762883052.395612,STEP,1,0.000000,-0.000000,odom,3.114071,0.000000,0.019853,0.500,5.000,1,1
1762883052.415988,STEP,1,0.000000,-0.000000,odom,3.114071,0.000000,0.019853,0.500,5.000,1,1
1762883052.435677,STEP,1,0.000000,-0.000000,odom,3.114071,0.000000,0.019853,0.500,5.000,1,1
1762883052.455482,STEP,1,0.000000,-0.000000,odom,3.114071,0.000000,0.019426,0.500,5.000,1,1
1762883052.475728,STEP,1,0.000000,-0.000000,odom,3.113977,-0.001792,0.019251,0.500,5.000,1,1
1762883052.495710,STEP,1,0.000000,-0.000000,odom,3.113977,-0.001255,0.019251,0.500,5.000,1,1
1762883052.515633,STEP,1,0.000000,-0.000000,odom,3.113977,0.000000,0.019251,0.500,5.000,1,1
1762883052.535843,STEP,1,0.000000,-0.000000,odom,3.113977,0.000000,0.019251,0.500,5.000,1,1
1762883052.555616,STEP,1,0.000000,-0.000000,odom,3.113977,0.000000,0.019251,0.500,5.000,1,1
1762883052.575602,STEP,1,0.000000,-0.000000,odom,3.113977,0.000000,0.019251,0.500,5.000,1,1
1762883052.595674,STEP,1,0.000000,-0.000000,odom,3.113977,0.000000,0.019251,0.500,5.000,1,1
1762883052.615664,STEP,1,0.000000,-0.000000,odom,3.113977,0.000000,0.019251,0.500,5.000,1,1
1762883052.635577,STEP,1,0.000000,-0.000000,odom,3.113977,0.000000,0.019053,0.500,5.000,1,1
1762883052.655743,STEP,1,0.000000,-0.000000,odom,3.113896,-0.001246,0.018915,0.500,5.000,1,1
1762883052.675636,STEP,1,0.000000,-0.000000,odom,3.113896,-0.000872,0.018915,0.500,5.000,1,1
1762883052.696216,STEP,1,0.000000,-0.000000,odom,3.113896,0.000000,0.018915,0.500,5.000,1,1
1762883052.715950,STEP,1,0.000000,-0.000000,odom,3.113896,0.000000,0.018915,0.500,5.000,1,1
1762883052.735603,STEP,1,0.000000,-0.000000,odom,3.113896,0.000000,0.018915,0.500,5.000,1,1
1762883052.758083,STEP,1,0.000000,-0.000000,odom,3.113896,0.000000,0.018915,0.500,5.000,1,1
1762883052.775953,STEP,1,0.000000,-0.000000,odom,3.113896,0.000000,0.018915,0.500,5.000,1,1
1762883052.795586,STEP,1,0.000000,-0.000000,odom,3.113896,0.000000,0.018915,0.500,5.000,1,1
1762883052.819019,STEP,1,0.000000,-0.000000,odom,3.113896,0.000000,0.018800,0.500,5.000,1,1
1762883052.835479,STEP,1,0.000000,-0.000000,odom,3.113896,0.000000,0.018585,0.500,5.000,1,1
1762883052.855641,STEP,1,0.000000,-0.000000,odom,3.113826,-0.001079,0.018585,0.500,5.000,1,1
1762883052.875635,STEP,1,0.000000,-0.000000,odom,3.113826,-0.000756,0.018585,0.500,5.000,1,1
1762883052.895574,STEP,1,0.000000,-0.000000,odom,3.113826,0.000000,0.018585,0.500,5.000,1,1
1762883052.915766,STEP,1,0.000000,-0.000000,odom,3.113826,0.000000,0.018585,0.500,5.000,1,1
1762883052.935646,STEP,1,0.000000,-0.000000,odom,3.113826,0.000000,0.018585,0.500,5.000,1,1
1762883052.957735,STEP,1,0.000000,-0.000000,odom,3.113826,0.000000,0.018585,0.500,5.000,1,1
1762883052.975792,STEP,1,0.000000,-0.000000,odom,3.113826,0.000000,0.018585,0.500,5.000,1,1
1762883052.995571,STEP,1,0.000000,-0.000000,odom,3.113826,0.000000,0.018585,0.500,5.000,1,1
1762883053.015824,STEP,1,0.000000,-0.000000,odom,3.113826,0.000000,0.018349,0.500,5.000,1,1
1762883053.035566,STEP,1,0.000000,-0.000000,odom,3.113826,0.000000,0.018200,0.500,5.000,1,1
1762883053.055578,STEP,1,0.000000,-0.000000,odom,3.113762,-0.001629,0.018200,0.500,5.000,1,1
1762883053.075618,STEP,1,0.000000,-0.000000,odom,3.113762,0.000000,0.018200,0.500,5.000,1,1
1762883053.095818,STEP,1,0.000000,-0.000000,odom,3.113762,0.000000,0.018200,0.500,5.000,1,1
1762883053.115571,STEP,1,0.000000,-0.000000,odom,3.113762,0.000000,0.018200,0.500,5.000,1,1
1762883053.135578,STEP,1,0.000000,-0.000000,odom,3.113762,0.000000,0.018200,0.500,5.000,1,1
1762883053.155869,STEP,1,0.000000,-0.000000,odom,3.113762,0.000000,0.018200,0.500,5.000,1,1
1762883053.175701,STEP,1,0.000000,-0.000000,odom,3.113762,0.000000,0.018200,0.500,5.000,1,1
1762883053.195513,STEP,1,0.000000,-0.000000,odom,3.113762,0.000000,0.018132,0.500,5.000,1,1
1762883053.215752,STEP,1,0.000000,-0.000000,odom,3.113762,0.000000,0.018111,0.500,5.000,1,1
1762883053.235914,STEP,1,0.000000,-0.000000,odom,3.113704,-0.001126,0.018093,0.500,5.000,1,1
1762883053.255610,STEP,1,0.000000,-0.000000,odom,3.113704,-0.000788,0.018093,0.500,5.000,1,1
1762883053.275573,STEP,1,0.000000,-0.000000,odom,3.113704,0.000000,0.018093,0.500,5.000,1,1
1762883053.298156,STEP,1,0.000000,-0.000000,odom,3.113704,0.000000,0.018093,0.500,5.000,1,1
1762883053.315633,STEP,1,0.000000,-0.000000,odom,3.113704,0.000000,0.018093,0.500,5.000,1,1
1762883053.335914,STEP,1,0.000000,-0.000000,odom,3.113704,0.000000,0.018093,0.500,5.000,1,1
1762883053.355682,STEP,1,0.000000,-0.000000,odom,3.113704,0.000000,0.018093,0.500,5.000,1,1
1762883053.375682,STEP,1,0.000000,-0.000000,odom,3.113704,0.000000,0.018093,0.500,5.000,1,1
1762883053.395609,STEP,1,0.000000,-0.000000,odom,3.113704,0.000000,0.017963,0.500,5.000,1,1
1762883053.415843,STEP,1,0.000000,-0.000000,odom,3.113704,0.000000,0.017844,0.500,5.000,1,1
1762883053.435592,STEP,1,0.000000,-0.000000,odom,3.113652,-0.000798,0.017844,0.500,5.000,1,1
1762883053.455946,STEP,1,0.000000,-0.000000,odom,3.113652,0.000000,0.017844,0.500,5.000,1,1
1762883053.475696,STEP,1,0.000000,-0.000000,odom,3.113652,0.000000,0.017844,0.500,5.000,1,1
1762883053.495607,STEP,1,0.000000,-0.000000,odom,3.113652,0.000000,0.017844,0.500,5.000,1,1
1762883053.515613,STEP,1,0.000000,-0.000000,odom,3.113652,0.000000,0.017844,0.500,5.000,1,1
1762883053.535859,STEP,1,0.000000,-0.000000,odom,3.113652,0.000000,0.017844,0.500,5.000,1,1
1762883053.555711,STEP,1,0.000000,-0.000000,odom,3.113652,0.000000,0.017844,0.500,5.000,1,1
1762883053.575600,STEP,1,0.000000,-0.000000,odom,3.113652,0.000000,0.017636,0.500,5.000,1,1
1762883053.595698,STEP,1,0.000000,-0.000000,odom,3.113652,0.000000,0.017490,0.500,5.000,1,1
1762883053.616083,STEP,1,0.000000,-0.000000,odom,3.113652,0.000000,0.017402,0.500,5.000,1,1
1762883053.635875,STEP,1,0.000000,-0.000000,odom,3.113609,-0.001111,0.017402,0.500,5.000,1,1
1762883053.655660,STEP,1,0.000000,-0.000000,odom,3.113609,0.000000,0.017402,0.500,5.000,1,1
1762883053.675819,STEP,1,0.000000,-0.000000,odom,3.113609,0.000000,0.017402,0.500,5.000,1,1
1762883053.695643,STEP,1,0.000000,-0.000000,odom,3.113609,0.000000,0.017402,0.500,5.000,1,1
1762883053.718544,STEP,1,0.000000,-0.000000,odom,3.113609,0.000000,0.017402,0.500,5.000,1,1
1762883053.735758,STEP,1,0.000000,-0.000000,odom,3.113609,0.000000,0.017402,0.500,5.000,1,1
1762883053.756718,STEP,1,0.000000,-0.000000,odom,3.113609,0.000000,0.017402,0.500,5.000,1,1
1762883053.775858,STEP,1,0.000000,-0.000000,odom,3.113609,0.000000,0.017402,0.500,5.000,1,1
1762883053.795583,STEP,1,0.000000,-0.000000,odom,3.113609,0.000000,0.017402,0.500,5.000,1,1
1762883053.817823,STEP,1,0.000000,-0.000000,odom,3.113609,0.000000,0.017343,0.500,5.000,1,1
1762883053.836051,STEP,1,0.000000,-0.000000,odom,3.113609,0.000000,0.017145,0.500,5.000,1,1
1762883053.855648,STEP,1,0.000000,-0.000000,odom,3.113609,0.000000,0.017145,0.500,5.000,1,1
1762883053.875608,STEP,1,0.000000,-0.000000,odom,3.113609,0.000000,0.017145,0.500,5.000,1,1
1762883053.896078,STEP,1,0.000000,-0.000000,odom,3.113609,0.000000,0.017145,0.500,5.000,1,1
1762883053.915914,STEP,1,0.000000,-0.000000,odom,3.113609,0.000000,0.017145,0.500,5.000,1,1
1762883053.935785,STEP,1,0.000000,-0.000000,odom,3.113609,0.000000,0.017145,0.500,5.000,1,1
1762883053.957186,STEP,1,0.000000,-0.000000,odom,3.113609,0.000000,0.017145,0.500,5.000,1,1
1762883053.976806,STEP,1,0.000000,-0.000000,odom,3.113609,0.000000,0.017145,0.500,5.000,1,1
1762883053.996325,STEP,1,0.000000,-0.000000,odom,3.113609,0.000000,0.017145,0.500,5.000,1,1
1762883054.015670,STEP,1,0.000000,-0.000000,odom,3.113609,0.000000,0.017145,0.500,5.000,1,1
1762883054.035693,STEP,1,0.000000,-0.000000,odom,3.113609,0.000000,0.017106,0.500,5.000,1,1
1762883054.055493,STEP,1,0.000000,-0.000000,odom,3.113573,-0.000955,0.016973,0.500,5.000,1,1
1762883054.075622,STEP,1,0.000000,-0.000000,odom,3.113573,-0.000668,0.016973,0.500,5.000,1,1
1762883054.095899,STEP,1,0.000000,-0.000000,odom,3.113573,0.000000,0.016973,0.500,5.000,1,1
1762883054.115683,STEP,1,0.000000,-0.000000,odom,3.113573,0.000000,0.016973,0.500,5.000,1,1
1762883054.135988,STEP,1,0.000000,-0.000000,odom,3.113573,0.000000,0.016973,0.500,5.000,1,1
1762883054.155588,STEP,1,0.000000,-0.000000,odom,3.113573,0.000000,0.016973,0.500,5.000,1,1
1762883054.175597,STEP,1,0.000000,-0.000000,odom,3.113573,0.000000,0.016973,0.500,5.000,1,1
1762883054.196020,STEP,1,0.000000,-0.000000,odom,3.113573,0.000000,0.016973,0.500,5.000,1,1
1762883054.215616,STEP,1,0.000000,-0.000000,odom,3.113573,0.000000,0.016973,0.500,5.000,1,1
1762883054.236313,STEP,1,0.000000,-0.000000,odom,3.113573,0.000000,0.016973,0.500,5.000,1,1
1762883054.257835,STEP,1,0.000000,-0.000000,odom,3.113573,0.000000,0.016865,0.500,5.000,1,1
1762883054.276314,STEP,1,0.000000,-0.000000,odom,3.113541,-0.000615,0.016612,0.500,5.000,1,1
1762883054.295583,STEP,1,0.000000,-0.000000,odom,3.113541,-0.000431,0.016612,0.500,5.000,1,1
1762883054.315610,STEP,1,0.000000,-0.000000,odom,3.113541,0.000000,0.016612,0.500,5.000,1,1
1762883054.336056,STEP,1,0.000000,-0.000000,odom,3.113541,0.000000,0.016612,0.500,5.000,1,1
1762883054.356171,STEP,1,0.000000,-0.000000,odom,3.113541,0.000000,0.016612,0.500,5.000,1,1
1762883054.375616,STEP,1,0.000000,-0.000000,odom,3.113541,0.000000,0.016612,0.500,5.000,1,1
1762883054.395621,STEP,1,0.000000,-0.000000,odom,3.113541,0.000000,0.016612,0.500,5.000,1,1
1762883054.415624,STEP,1,0.000000,-0.000000,odom,3.113541,0.000000,0.016612,0.500,5.000,1,1
1762883054.435604,STEP,1,0.000000,-0.000000,odom,3.113541,0.000000,0.016612,0.500,5.000,1,1
1762883054.455385,STEP,1,0.000000,-0.000000,odom,3.113541,0.000000,0.016588,0.500,5.000,1,1
1762883054.475587,STEP,1,0.000000,-0.000000,odom,3.113517,-0.000964,0.016488,0.500,5.000,1,1
1762883054.495801,STEP,1,0.000000,-0.000000,odom,3.113517,-0.000675,0.016372,0.500,5.000,1,1
1762883054.515850,STEP,1,0.000000,-0.000000,odom,3.113517,-0.000473,0.016372,0.500,5.000,1,1
1762883054.536042,STEP,1,0.000000,-0.000000,odom,3.113517,0.000000,0.016372,0.500,5.000,1,1
1762883054.558381,STEP,1,0.000000,-0.000000,odom,3.113517,0.000000,0.016372,0.500,5.000,1,1
1762883054.575650,STEP,1,0.000000,-0.000000,odom,3.113517,0.000000,0.016372,0.500,5.000,1,1
1762883054.595592,STEP,1,0.000000,-0.000000,odom,3.113517,0.000000,0.016372,0.500,5.000,1,1
1762883054.615672,STEP,1,0.000000,-0.000000,odom,3.113517,0.000000,0.016372,0.500,5.000,1,1
1762883054.635578,STEP,1,0.000000,-0.000000,odom,3.113517,0.000000,0.016372,0.500,5.000,1,1
1762883054.655656,STEP,1,0.000000,-0.000000,odom,3.113517,0.000000,0.016372,0.500,5.000,1,1
1762883054.675746,STEP,1,0.000000,-0.000000,odom,3.113500,-0.000270,0.016019,0.500,5.000,1,1
1762883054.695565,STEP,1,0.000000,-0.000000,odom,3.113500,-0.000270,0.015917,0.500,5.000,1,1
1762883054.715633,STEP,1,0.000000,-0.000000,odom,3.113500,-0.000189,0.015917,0.500,5.000,1,1
1762883054.735824,STEP,1,0.000000,-0.000000,odom,3.113500,0.000000,0.015917,0.500,5.000,1,1
1762883054.755594,STEP,1,0.000000,-0.000000,odom,3.113500,0.000000,0.015917,0.500,5.000,1,1
1762883054.775563,STEP,1,0.000000,-0.000000,odom,3.113500,0.000000,0.015917,0.500,5.000,1,1
1762883054.795587,STEP,1,0.000000,-0.000000,odom,3.113500,0.000000,0.015917,0.500,5.000,1,1
1762883054.815693,STEP,1,0.000000,-0.000000,odom,3.113500,0.000000,0.015917,0.500,5.000,1,1
1762883054.835802,STEP,1,0.000000,-0.000000,odom,3.113500,0.000000,0.015917,0.500,5.000,1,1
1762883054.855774,STEP,1,0.000000,-0.000000,odom,3.113500,0.000000,0.015748,0.500,5.000,1,1
1762883054.875701,STEP,1,0.000000,-0.000000,odom,3.113500,0.000000,0.015504,0.500,5.000,1,1
1762883054.895707,STEP,1,0.000000,-0.000000,odom,3.113492,-0.000168,0.015504,0.500,5.000,1,1
1762883054.915661,STEP,1,0.000000,-0.000000,odom,3.113492,-0.000117,0.015504,0.500,5.000,1,1
1762883054.935764,STEP,1,0.000000,-0.000000,odom,3.113492,0.000000,0.015504,0.500,5.000,1,1
1762883054.955591,STEP,1,0.000000,-0.000000,odom,3.113492,0.000000,0.015504,0.500,5.000,1,1
1762883054.978138,STEP,1,0.000000,-0.000000,odom,3.113492,0.000000,0.015504,0.500,5.000,1,1
1762883054.995749,STEP,1,0.000000,-0.000000,odom,3.113492,0.000000,0.015504,0.500,5.000,1,1
1762883055.015777,STEP,1,0.000000,-0.000000,odom,3.113492,0.000000,0.015504,0.500,5.000,1,1
1762883055.035670,STEP,1,0.000000,-0.000000,odom,3.113492,0.000000,0.015504,0.500,5.000,1,1
1762883055.055729,STEP,1,0.000000,-0.000000,odom,3.113492,0.000000,0.015307,0.500,5.000,1,1
1762883055.075603,STEP,1,0.000000,-0.000000,odom,3.113490,-0.000047,0.015048,0.500,5.000,1,1
1762883055.095931,STEP,1,0.000000,-0.000000,odom,3.113490,-0.000033,0.015048,0.500,5.000,1,1
1762883055.115787,STEP,1,0.000000,-0.000000,odom,3.113490,0.000000,0.015048,0.500,5.000,1,1
1762883055.135613,STEP,1,0.000000,-0.000000,odom,3.113490,0.000000,0.015048,0.500,5.000,1,1
1762883055.155729,STEP,1,0.000000,-0.000000,odom,3.113490,0.000000,0.015048,0.500,5.000,1,1
1762883055.175588,STEP,1,0.000000,-0.000000,odom,3.113490,0.000000,0.015048,0.500,5.000,1,1
1762883055.195777,STEP,1,0.000000,-0.000000,odom,3.113490,0.000000,0.015048,0.500,5.000,1,1
1762883055.215892,STEP,1,0.000000,-0.000000,odom,3.113490,0.000000,0.015048,0.500,5.000,1,1
1762883055.235870,STEP,1,0.000000,-0.000000,odom,3.113490,0.000000,0.014994,0.500,5.000,1,1
1762883055.255715,STEP,1,0.000000,-0.000000,odom,3.113490,0.000000,0.014847,0.500,5.000,1,1
1762883055.275565,STEP,1,0.000000,-0.000000,odom,3.113492,0.000010,0.014847,0.500,5.000,1,1
1762883055.295680,STEP,1,0.000000,-0.000000,odom,3.113492,0.000007,0.014847,0.500,5.000,1,1
1762883055.315670,STEP,1,0.000000,-0.000000,odom,3.113492,0.000000,0.014847,0.500,5.000,1,1
1762883055.337170,STEP,1,0.000000,-0.000000,odom,3.113492,0.000000,0.014847,0.500,5.000,1,1
1762883055.355892,STEP,1,0.000000,-0.000000,odom,3.113492,0.000000,0.014847,0.500,5.000,1,1
1762883055.377383,STEP,1,0.000000,-0.000000,odom,3.113492,0.000000,0.014847,0.500,5.000,1,1
1762883055.395576,STEP,1,0.000000,-0.000000,odom,3.113492,0.000000,0.014847,0.500,5.000,1,1
1762883055.415786,STEP,1,0.000000,-0.000000,odom,3.113492,0.000000,0.014847,0.500,5.000,1,1
1762883055.436096,STEP,1,0.000000,-0.000000,odom,3.113492,0.000000,0.014533,0.500,5.000,1,1
1762883055.455611,STEP,1,0.000000,-0.000000,odom,3.113497,0.000071,0.014533,0.500,5.000,1,1
1762883055.475618,STEP,1,0.000000,-0.000000,odom,3.113497,0.000050,0.014533,0.500,5.000,1,1
1762883055.495576,STEP,1,0.000000,-0.000000,odom,3.113497,0.000000,0.014533,0.500,5.000,1,1
1762883055.519148,STEP,1,0.000000,-0.000000,odom,3.113497,0.000000,0.014533,0.500,5.000,1,1
1762883055.535751,STEP,1,0.000000,-0.000000,odom,3.113497,0.000000,0.014533,0.500,5.000,1,1
1762883055.555597,STEP,1,0.000000,-0.000000,odom,3.113497,0.000000,0.014533,0.500,5.000,1,1
1762883055.575563,STEP,1,0.000000,-0.000000,odom,3.113497,0.000000,0.014533,0.500,5.000,1,1
1762883055.595554,STEP,1,0.000000,-0.000000,odom,3.113497,0.000000,0.014533,0.500,5.000,1,1
1762883055.615641,STEP,1,0.000000,-0.000000,odom,3.113497,0.000000,0.014236,0.500,5.000,1,1
1762883055.635611,STEP,1,0.000000,-0.000000,odom,3.113497,0.000000,0.014149,0.500,5.000,1,1
1762883055.655570,STEP,1,0.000000,-0.000000,odom,3.113507,0.000227,0.014149,0.500,5.000,1,1
1762883055.676569,STEP,1,0.000000,-0.000000,odom,3.113507,0.000000,0.014149,0.500,5.000,1,1
1762883055.696202,STEP,1,0.000000,-0.000000,odom,3.113507,0.000000,0.014149,0.500,5.000,1,1
1762883055.715659,STEP,1,0.000000,-0.000000,odom,3.113507,0.000000,0.014149,0.500,5.000,1,1
1762883055.736071,STEP,1,0.000000,-0.000000,odom,3.113507,0.000000,0.014149,0.500,5.000,1,1
1762883055.755597,STEP,1,0.000000,-0.000000,odom,3.113507,0.000000,0.014149,0.500,5.000,1,1
1762883055.775669,STEP,1,0.000000,-0.000000,odom,3.113507,0.000000,0.014149,0.500,5.000,1,1
1762883055.795443,STEP,1,0.000000,-0.000000,odom,3.113507,0.000000,0.013934,0.500,5.000,1,1
1762883055.815611,STEP,1,0.000000,-0.000000,odom,3.113523,0.000192,0.013785,0.500,5.000,1,1
1762883055.837196,STEP,1,0.000000,-0.000000,odom,3.113523,0.000192,0.013785,0.500,5.000,1,1
1762883055.855689,STEP,1,0.000000,-0.000000,odom,3.113523,0.000134,0.013785,0.500,5.000,1,1
1762883055.875602,STEP,1,0.000000,-0.000000,odom,3.113523,0.000000,0.013785,0.500,5.000,1,1
1762883055.895942,STEP,1,0.000000,-0.000000,odom,3.113523,0.000000,0.013785,0.500,5.000,1,1
1762883055.917763,STEP,1,0.000000,-0.000000,odom,3.113523,0.000000,0.013785,0.500,5.000,1,1
1762883055.938090,STEP,1,0.000000,-0.000000,odom,3.113523,0.000000,0.013785,0.500,5.000,1,1
1762883055.955594,STEP,1,0.000000,-0.000000,odom,3.113523,0.000000,0.013785,0.500,5.000,1,1
1762883055.975693,STEP,1,0.000000,-0.000000,odom,3.113523,0.000000,0.013785,0.500,5.000,1,1
1762883055.995735,STEP,1,0.000000,-0.000000,odom,3.113523,0.000000,0.013560,0.500,5.000,1,1
1762883056.015659,STEP,1,0.000000,-0.000000,odom,3.113523,0.000000,0.013495,0.500,5.000,1,1
1762883056.036700,STEP,1,0.000000,-0.000000,odom,3.113544,0.000378,0.013495,0.500,5.000,1,1
1762883056.055575,STEP,1,0.000000,-0.000000,odom,3.113544,0.000000,0.013495,0.500,5.000,1,1
1762883056.075716,STEP,1,0.000000,-0.000000,odom,3.113544,0.000000,0.013495,0.500,5.000,1,1
1762883056.096276,STEP,1,0.000000,-0.000000,odom,3.113544,0.000000,0.013495,0.500,5.000,1,1
1762883056.118157,STEP,1,0.000000,-0.000000,odom,3.113544,0.000000,0.013495,0.500,5.000,1,1
1762883056.135676,STEP,1,0.000000,-0.000000,odom,3.113544,0.000000,0.013495,0.500,5.000,1,1
1762883056.156483,STEP,1,0.000000,-0.000000,odom,3.113544,0.000000,0.013495,0.500,5.000,1,1
1762883056.176017,STEP,1,0.000000,-0.000000,odom,3.113544,0.000000,0.013417,0.500,5.000,1,1
1762883056.195561,STEP,1,0.000000,-0.000000,odom,3.113544,0.000000,0.013352,0.500,5.000,1,1
1762883056.215848,STEP,1,0.000000,-0.000000,odom,3.113544,0.000000,0.013352,0.500,5.000,1,1
1762883056.235839,STEP,1,0.000000,-0.000000,odom,3.113544,0.000000,0.013352,0.500,5.000,1,1
1762883056.255582,STEP,1,0.000000,-0.000000,odom,3.113544,0.000000,0.013352,0.500,5.000,1,1
1762883056.275668,STEP,1,0.000000,-0.000000,odom,3.113544,0.000000,0.013352,0.500,5.000,1,1
1762883056.297050,STEP,1,0.000000,-0.000000,odom,3.113544,0.000000,0.013352,0.500,5.000,1,1
1762883056.315623,STEP,1,0.000000,-0.000000,odom,3.113544,0.000000,0.013352,0.500,5.000,1,1
1762883056.336046,STEP,1,0.000000,-0.000000,odom,3.113544,0.000000,0.013352,0.500,5.000,1,1
1762883056.355659,STEP,1,0.000000,-0.000000,odom,3.113544,0.000000,0.013352,0.500,5.000,1,1
1762883056.377091,STEP,1,0.000000,-0.000000,odom,3.113544,0.000000,0.013390,0.500,5.000,1,1
1762883056.395548,STEP,1,0.000000,-0.000000,odom,3.113568,0.000357,0.013344,0.500,5.000,1,1
1762883056.417088,STEP,1,0.000000,-0.000000,odom,3.113568,0.000250,0.013344,0.500,5.000,1,1
1762883056.435651,STEP,1,0.000000,-0.000000,odom,3.113568,0.000000,0.013344,0.500,5.000,1,1
1762883056.455635,STEP,1,0.000000,-0.000000,odom,3.113568,0.000000,0.013344,0.500,5.000,1,1
1762883056.475595,STEP,1,0.000000,-0.000000,odom,3.113568,0.000000,0.013344,0.500,5.000,1,1
1762883056.497804,STEP,1,0.000000,-0.000000,odom,3.113568,0.000000,0.013344,0.500,5.000,1,1
1762883056.515578,STEP,1,0.000000,-0.000000,odom,3.113568,0.000000,0.013344,0.500,5.000,1,1
1762883056.535787,STEP,1,0.000000,-0.000000,odom,3.113568,0.000000,0.013344,0.500,5.000,1,1
1762883056.555954,STEP,1,0.000000,-0.000000,odom,3.113595,0.000507,0.013228,0.500,5.000,1,1
1762883056.575510,STEP,1,0.000000,-0.000000,odom,3.113595,0.000507,0.013079,0.500,5.000,1,1
1762883056.595760,STEP,1,0.000000,-0.000000,odom,3.113595,0.000355,0.013079,0.500,5.000,1,1
1762883056.615842,STEP,1,0.000000,-0.000000,odom,3.113595,0.000000,0.013079,0.500,5.000,1,1
1762883056.635678,STEP,1,0.000000,-0.000000,odom,3.113595,0.000000,0.013079,0.500,5.000,1,1
1762883056.655610,STEP,1,0.000000,-0.000000,odom,3.113595,0.000000,0.013079,0.500,5.000,1,1
1762883056.675579,STEP,1,0.000000,-0.000000,odom,3.113595,0.000000,0.013079,0.500,5.000,1,1
1762883056.695597,STEP,1,0.000000,-0.000000,odom,3.113595,0.000000,0.013079,0.500,5.000,1,1
1762883056.715512,STEP,1,0.000000,-0.000000,odom,3.113595,0.000000,0.013079,0.500,5.000,1,1
1762883056.735963,STEP,1,0.000000,-0.000000,odom,3.113595,0.000000,0.013079,0.500,5.000,1,1
1762883056.755625,STEP,1,0.000000,-0.000000,odom,3.113595,0.000000,0.012955,0.500,5.000,1,1
1762883056.775566,STEP,1,0.000000,-0.000000,odom,3.113629,0.000497,0.012828,0.500,5.000,1,1
1762883056.795606,STEP,1,0.000000,-0.000000,odom,3.113629,0.000348,0.012828,0.500,5.000,1,1
1762883056.816351,STEP,1,0.000000,-0.000000,odom,3.113629,0.000000,0.012828,0.500,5.000,1,1
1762883056.835637,STEP,1,0.000000,-0.000000,odom,3.113629,0.000000,0.012828,0.500,5.000,1,1
1762883056.855795,STEP,1,0.000000,-0.000000,odom,3.113629,0.000000,0.012828,0.500,5.000,1,1
1762883056.875607,STEP,1,0.000000,-0.000000,odom,3.113629,0.000000,0.012828,0.500,5.000,1,1
1762883056.895653,STEP,1,0.000000,-0.000000,odom,3.113629,0.000000,0.012828,0.500,5.000,1,1
1762883056.915889,STEP,1,0.000000,-0.000000,odom,3.113629,0.000000,0.012828,0.500,5.000,1,1
1762883056.935970,STEP,1,0.000000,-0.000000,odom,3.113629,0.000000,0.012708,0.500,5.000,1,1
1762883056.955650,STEP,1,0.000000,-0.000000,odom,3.113669,0.000591,0.012615,0.500,5.000,1,1
1762883056.975725,STEP,1,0.000000,-0.000000,odom,3.113669,0.000413,0.012615,0.500,5.000,1,1
1762883056.995590,STEP,1,0.000000,-0.000000,odom,3.113669,0.000000,0.012615,0.500,5.000,1,1
1762883057.015949,STEP,1,0.000000,-0.000000,odom,3.113669,0.000000,0.012615,0.500,5.000,1,1
1762883057.035778,STEP,1,0.000000,-0.000000,odom,3.113669,0.000000,0.012615,0.500,5.000,1,1
1762883057.055599,STEP,1,0.000000,-0.000000,odom,3.113669,0.000000,0.012615,0.500,5.000,1,1
1762883057.076331,STEP,1,0.000000,-0.000000,odom,3.113669,0.000000,0.012615,0.500,5.000,1,1
1762883057.095567,STEP,1,0.000000,-0.000000,odom,3.113669,0.000000,0.012615,0.500,5.000,1,1
1762883057.116007,STEP,1,0.000000,-0.000000,odom,3.113669,0.000000,0.012615,0.500,5.000,1,1
1762883057.135873,STEP,1,0.000000,-0.000000,odom,3.113669,0.000000,0.012503,0.500,5.000,1,1
1762883057.155505,STEP,1,0.000000,-0.000000,odom,3.113712,0.000642,0.012456,0.500,5.000,1,1
1762883057.175650,STEP,1,0.000000,-0.000000,odom,3.113712,0.000450,0.012456,0.500,5.000,1,1
1762883057.195493,STEP,1,0.000000,-0.000000,odom,3.113712,0.000000,0.012456,0.500,5.000,1,1
1762883057.215991,STEP,1,0.000000,-0.000000,odom,3.113712,0.000000,0.012456,0.500,5.000,1,1
1762883057.236551,STEP,1,0.000000,-0.000000,odom,3.113712,0.000000,0.012456,0.500,5.000,1,1
1762883057.256174,STEP,1,0.000000,-0.000000,odom,3.113712,0.000000,0.012456,0.500,5.000,1,1
1762883057.275589,STEP,1,0.000000,-0.000000,odom,3.113712,0.000000,0.012456,0.500,5.000,1,1
1762883057.295686,STEP,1,0.000000,-0.000000,odom,3.113712,0.000000,0.012456,0.500,5.000,1,1
1762883057.315490,STEP,1,0.000000,-0.000000,odom,3.113712,0.000000,0.012443,0.500,5.000,1,1
1762883057.335618,STEP,1,0.000000,-0.000000,odom,3.113712,0.000000,0.012236,0.500,5.000,1,1
1762883057.355847,STEP,1,0.000000,-0.000000,odom,3.113761,0.000922,0.012236,0.500,5.000,1,1
1762883057.375570,STEP,1,0.000000,-0.000000,odom,3.113761,0.000645,0.012236,0.500,5.000,1,1
1762883057.395646,STEP,1,0.000000,-0.000000,odom,3.113761,0.000000,0.012236,0.500,5.000,1,1
1762883057.415712,STEP,1,0.000000,-0.000000,odom,3.113761,0.000000,0.012236,0.500,5.000,1,1
1762883057.435563,STEP,1,0.000000,-0.000000,odom,3.113761,0.000000,0.012236,0.500,5.000,1,1
1762883057.455950,STEP,1,0.000000,-0.000000,odom,3.113761,0.000000,0.012236,0.500,5.000,1,1
1762883057.475729,STEP,1,0.000000,-0.000000,odom,3.113761,0.000000,0.012236,0.500,5.000,1,1
1762883057.496339,STEP,1,0.000000,-0.000000,odom,3.113761,0.000000,0.012165,0.500,5.000,1,1
1762883057.515544,STEP,1,0.000000,-0.000000,odom,3.113761,0.000000,0.011946,0.500,5.000,1,1
1762883057.536446,STEP,1,0.000000,-0.000000,odom,3.113820,0.000872,0.011745,0.500,5.000,1,1
1762883057.555662,STEP,1,0.000000,-0.000000,odom,3.113820,0.000610,0.011745,0.500,5.000,1,1
1762883057.575861,STEP,1,0.000000,-0.000000,odom,3.113820,0.000000,0.011745,0.500,5.000,1,1
1762883057.596096,STEP,1,0.000000,-0.000000,odom,3.113820,0.000000,0.011745,0.500,5.000,1,1
1762883057.616039,STEP,1,0.000000,-0.000000,odom,3.113820,0.000000,0.011745,0.500,5.000,1,1
1762883057.638201,STEP,1,0.000000,-0.000000,odom,3.113820,0.000000,0.011745,0.500,5.000,1,1
1762883057.655677,STEP,1,0.000000,-0.000000,odom,3.113820,0.000000,0.011745,0.500,5.000,1,1
1762883057.675630,STEP,1,0.000000,-0.000000,odom,3.113820,0.000000,0.011745,0.500,5.000,1,1
1762883057.696081,STEP,1,0.000000,-0.000000,odom,3.113820,0.000000,0.011617,0.500,5.000,1,1
1762883057.715601,STEP,1,0.000000,-0.000000,odom,3.113820,0.000000,0.011331,0.500,5.000,1,1
1762883057.736089,STEP,1,0.000000,-0.000000,odom,3.113885,0.000000,0.011331,0.500,5.000,1,1
1762883057.755541,STEP,1,0.000000,-0.000000,odom,3.113885,0.000000,0.011331,0.500,5.000,1,1
1762883057.775697,STEP,1,0.000000,-0.000000,odom,3.113885,0.000000,0.011331,0.500,5.000,1,1
1762883057.799082,STEP,1,0.000000,-0.000000,odom,3.113885,0.000000,0.011331,0.500,5.000,1,1
1762883057.819250,STEP,1,0.000000,-0.000000,odom,3.113885,0.000000,0.011331,0.500,5.000,1,1
1762883057.835608,STEP,1,0.000000,-0.000000,odom,3.113885,0.000000,0.011331,0.500,5.000,1,1
1762883057.855529,STEP,1,0.000000,-0.000000,odom,3.113885,0.000000,0.011331,0.500,5.000,1,1
1762883057.875696,STEP,1,0.000000,-0.000000,odom,3.113885,0.000000,0.011331,0.500,5.000,1,1
1762883057.895702,STEP,1,0.000000,-0.000000,odom,3.113885,0.000000,0.011128,0.500,5.000,1,1
1762883057.915735,STEP,1,0.000000,-0.000000,odom,3.113885,0.000000,0.011002,0.500,5.000,1,1
1762883057.936585,STEP,1,0.000000,-0.000000,odom,3.113956,0.001325,0.011002,0.500,5.000,1,1
1762883057.955713,STEP,1,0.000000,-0.000000,odom,3.113956,0.000000,0.011002,0.500,5.000,1,1
1762883057.975620,STEP,1,0.000000,-0.000000,odom,3.113956,0.000000,0.011002,0.500,5.000,1,1
1762883057.995551,STEP,1,0.000000,-0.000000,odom,3.113956,0.000000,0.011002,0.500,5.000,1,1
1762883058.015643,STEP,1,0.000000,-0.000000,odom,3.113956,0.000000,0.011002,0.500,5.000,1,1
1762883058.035673,STEP,1,0.000000,-0.000000,odom,3.113956,0.000000,0.011002,0.500,5.000,1,1
1762883058.055620,STEP,1,0.000000,-0.000000,odom,3.113956,0.000000,0.011002,0.500,5.000,1,1
1762883058.076127,STEP,1,0.000000,-0.000000,odom,3.113956,0.000000,0.010923,0.500,5.000,1,1
1762883058.095582,STEP,1,0.000000,-0.000000,odom,3.113956,0.000000,0.010899,0.500,5.000,1,1
1762883058.115823,STEP,1,0.000000,-0.000000,odom,3.114028,0.001341,0.010895,0.500,5.000,1,1
1762883058.137066,STEP,1,0.000000,-0.000000,odom,3.114028,0.000939,0.010895,0.500,5.000,1,1
1762883058.155738,STEP,1,0.000000,-0.000000,odom,3.114028,0.000000,0.010895,0.500,5.000,1,1
1762883058.175714,STEP,1,0.000000,-0.000000,odom,3.114028,0.000000,0.010895,0.500,5.000,1,1
1762883058.195677,STEP,1,0.000000,-0.000000,odom,3.114028,0.000000,0.010895,0.500,5.000,1,1
1762883058.215846,STEP,1,0.000000,-0.000000,odom,3.114028,0.000000,0.010895,0.500,5.000,1,1
1762883058.235726,STEP,1,0.000000,-0.000000,odom,3.114028,0.000000,0.010895,0.500,5.000,1,1
1762883058.256607,STEP,1,0.000000,-0.000000,odom,3.114028,0.000000,0.010895,0.500,5.000,1,1
1762883058.275377,STEP,1,0.000000,-0.000000,odom,3.114028,0.000000,0.010679,0.500,5.000,1,1
1762883058.297731,STEP,1,0.000000,-0.000000,odom,3.114028,0.000000,0.010657,0.500,5.000,1,1
1762883058.315531,STEP,1,0.000000,-0.000000,odom,3.114100,0.001794,0.010657,0.500,5.000,1,1
1762883058.335631,STEP,1,0.000000,-0.000000,odom,3.114100,0.000000,0.010657,0.500,5.000,1,1
1762883058.356265,STEP,1,0.000000,-0.000000,odom,3.114100,0.000000,0.010657,0.500,5.000,1,1
1762883058.375631,STEP,1,0.000000,-0.000000,odom,3.114100,0.000000,0.010657,0.500,5.000,1,1
1762883058.395558,STEP,1,0.000000,-0.000000,odom,3.114100,0.000000,0.010657,0.500,5.000,1,1
1762883058.419202,STEP,1,0.000000,-0.000000,odom,3.114100,0.000000,0.010657,0.500,5.000,1,1
1762883058.437105,STEP,1,0.000000,-0.000000,odom,3.114100,0.000000,0.010657,0.500,5.000,1,1
1762883058.455706,STEP,1,0.000000,-0.000000,odom,3.114100,0.000000,0.010657,0.500,5.000,1,1
1762883058.475537,STEP,1,0.000000,-0.000000,odom,3.114100,0.000000,0.010599,0.500,5.000,1,1
1762883058.495683,STEP,1,0.000000,-0.000000,odom,3.114100,0.000000,0.010496,0.500,5.000,1,1
1762883058.517403,STEP,1,0.000000,-0.000000,odom,3.114100,0.000000,0.010496,0.500,5.000,1,1
1762883058.535549,STEP,1,0.000000,-0.000000,odom,3.114100,0.000000,0.010496,0.500,5.000,1,1
1762883058.555763,STEP,1,0.000000,-0.000000,odom,3.114100,0.000000,0.010496,0.500,5.000,1,1
1762883058.575732,STEP,1,0.000000,-0.000000,odom,3.114100,0.000000,0.010496,0.500,5.000,1,1
1762883058.595578,STEP,1,0.000000,-0.000000,odom,3.114100,0.000000,0.010496,0.500,5.000,1,1
1762883058.615572,STEP,1,0.000000,-0.000000,odom,3.114100,0.000000,0.010496,0.500,5.000,1,1
1762883058.635500,STEP,1,0.000000,-0.000000,odom,3.114100,0.000000,0.010496,0.500,5.000,1,1
1762883058.655625,STEP,1,0.000000,-0.000000,odom,3.114100,0.000000,0.010496,0.500,5.000,1,1
1762883058.676979,STEP,1,0.000000,-0.000000,odom,3.114175,0.005575,0.010386,0.500,5.000,1,1
1762883058.695500,STEP,1,0.000000,-0.000000,odom,3.114175,0.003903,0.010322,0.500,5.000,1,1
1762883058.715575,STEP,1,0.000000,-0.000000,odom,3.114175,0.002732,0.010322,0.500,5.000,1,1
1762883058.735670,STEP,1,0.000000,-0.000000,odom,3.114175,0.000000,0.010322,0.500,5.000,1,1
1762883058.755896,STEP,1,0.000000,-0.000000,odom,3.114175,0.000000,0.010322,0.500,5.000,1,1
1762883058.775483,STEP,1,0.000000,-0.000000,odom,3.114175,0.000000,0.010322,0.500,5.000,1,1
1762883058.795738,STEP,1,0.000000,-0.000000,odom,3.114175,0.000000,0.010322,0.500,5.000,1,1
1762883058.815864,STEP,1,0.000000,-0.000000,odom,3.114175,0.000000,0.010322,0.500,5.000,1,1
1762883058.835778,STEP,1,0.000000,-0.000000,odom,3.114175,0.000000,0.010322,0.500,5.000,1,1
1762883058.855879,STEP,1,0.000000,-0.000000,odom,3.114252,0.001453,0.010167,0.500,5.000,1,1
1762883058.875660,STEP,1,0.000000,-0.000000,odom,3.114252,0.001453,0.010028,0.500,5.000,1,1
1762883058.896310,STEP,1,0.000000,-0.000000,odom,3.114252,0.001017,0.010028,0.500,5.000,1,1
1762883058.915614,STEP,1,0.000000,-0.000000,odom,3.114252,0.000000,0.010028,0.500,5.000,1,1
1762883058.935667,STEP,1,0.000000,-0.000000,odom,3.114252,0.000000,0.010028,0.500,5.000,1,1
1762883058.955597,STEP,1,0.000000,-0.000000,odom,3.114252,0.000000,0.010028,0.500,5.000,1,1
1762883058.977048,STEP,1,0.000000,-0.000000,odom,3.114252,0.000000,0.010028,0.500,5.000,1,1
1762883058.995736,STEP,1,0.000000,-0.000000,odom,3.114252,0.000000,0.010028,0.500,5.000,1,1
1762883059.015616,STEP,1,0.000000,-0.000000,odom,3.114252,0.000000,0.010028,0.500,5.000,1,1
1762883059.035534,STEP,1,0.000000,-0.000000,odom,3.114252,0.000000,0.010011,0.500,5.000,1,1
1762883059.055693,STEP,1,0.000000,-0.000000,odom,3.114332,0.003003,0.010113,0.500,5.000,1,1
1762883059.076223,STEP,1,0.000000,-0.000000,odom,3.114332,0.002102,0.010113,0.500,5.000,1,1
1762883059.095479,STEP,1,0.000000,-0.000000,odom,3.114332,0.001472,0.010113,0.500,5.000,1,1
1762883059.115663,STEP,1,0.000000,-0.000000,odom,3.114332,0.000000,0.010113,0.500,5.000,1,1
1762883059.136429,STEP,1,0.000000,-0.000000,odom,3.114332,0.000000,0.010113,0.500,5.000,1,1
1762883059.155695,STEP,1,0.000000,-0.000000,odom,3.114332,0.000000,0.010113,0.500,5.000,1,1
1762883059.175575,STEP,1,0.000000,-0.000000,odom,3.114332,0.000000,0.010113,0.500,5.000,1,1
1762883059.195605,STEP,1,0.000000,-0.000000,odom,3.114332,0.000000,0.010113,0.500,5.000,1,1
1762883059.217681,STEP,1,0.000000,-0.000000,odom,3.114332,0.000000,0.010113,0.500,5.000,1,1
1762883059.235870,STEP,1,0.000000,-0.000000,odom,3.114332,0.000000,0.010113,0.500,5.000,1,1
1762883059.256165,STEP,1,0.000000,-0.000000,odom,3.114413,0.001203,0.010039,0.500,5.000,1,1
1762883059.275640,STEP,1,0.000000,-0.000000,odom,3.114413,0.001203,0.010028,0.500,5.000,1,1
1762883059.295544,STEP,1,0.000000,-0.000000,odom,3.114413,0.000842,0.010028,0.500,5.000,1,1
1762883059.315554,STEP,1,0.000000,-0.000000,odom,3.114413,0.000000,0.010028,0.500,5.000,1,1
1762883059.336088,STEP,1,0.000000,-0.000000,odom,3.114413,0.000000,0.010028,0.500,5.000,1,1
1762883059.355722,STEP,1,0.000000,-0.000000,odom,3.114413,0.000000,0.010028,0.500,5.000,1,1
1762883059.376065,STEP,1,0.000000,-0.000000,odom,3.114413,0.000000,0.010028,0.500,5.000,1,1
1762883059.395560,STEP,1,0.000000,-0.000000,odom,3.114413,0.000000,0.010028,0.500,5.000,1,1
1762883059.416105,STEP,1,0.000000,-0.000000,odom,3.114413,0.000000,0.010028,0.500,5.000,1,1
1762883059.435601,STEP,1,0.000000,-0.000000,odom,3.114413,0.000000,0.009941,0.500,5.000,1,1
1762883059.456133,STEP,1,0.000000,-0.000000,odom,3.114496,0.001242,0.009674,0.500,5.000,1,1
1762883059.475723,STEP,1,0.000000,-0.000000,odom,3.114496,0.001242,0.009674,0.500,5.000,1,1
1762883059.495584,STEP,1,0.000000,-0.000000,odom,3.114496,0.000869,0.009674,0.500,5.000,1,1
1762883059.515570,STEP,1,0.000000,-0.000000,odom,3.114496,0.000000,0.009674,0.500,5.000,1,1
1762883059.535583,STEP,1,0.000000,-0.000000,odom,3.114496,0.000000,0.009674,0.500,5.000,1,1
1762883059.555653,STEP,1,0.000000,-0.000000,odom,3.114496,0.000000,0.009674,0.500,5.000,1,1
1762883059.576663,STEP,1,0.000000,-0.000000,odom,3.114496,0.000000,0.009674,0.500,5.000,1,1
1762883059.596056,STEP,1,0.000000,-0.000000,odom,3.114496,0.000000,0.009674,0.500,5.000,1,1
1762883059.615949,STEP,1,0.000000,-0.000000,odom,3.114496,0.000000,0.009674,0.500,5.000,1,1
1762883059.635796,STEP,1,0.000000,-0.000000,odom,3.114496,0.000000,0.009576,0.500,5.000,1,1
1762883059.655812,STEP,1,0.000000,-0.000000,odom,3.114582,0.001285,0.009461,0.500,5.000,1,1
1762883059.675534,STEP,1,0.000000,-0.000000,odom,3.114582,0.000900,0.009461,0.500,5.000,1,1
1762883059.695729,STEP,1,0.000000,-0.000000,odom,3.114582,0.000000,0.009461,0.500,5.000,1,1
1762883059.716013,STEP,1,0.000000,-0.000000,odom,3.114582,0.000000,0.009461,0.500,5.000,1,1
1762883059.737742,STEP,1,0.000000,-0.000000,odom,3.114582,0.000000,0.009461,0.500,5.000,1,1
1762883059.755592,STEP,1,0.000000,-0.000000,odom,3.114582,0.000000,0.009461,0.500,5.000,1,1
1762883059.775762,STEP,1,0.000000,-0.000000,odom,3.114582,0.000000,0.009461,0.500,5.000,1,1
1762883059.795592,STEP,1,0.000000,-0.000000,odom,3.114582,0.000000,0.009461,0.500,5.000,1,1
1762883059.815977,STEP,1,0.000000,-0.000000,odom,3.114582,0.000000,0.009461,0.500,5.000,1,1
1762883059.835585,STEP,1,0.000000,-0.000000,odom,3.114582,0.000000,0.009445,0.500,5.000,1,1
1762883059.855740,STEP,1,0.000000,-0.000000,odom,3.114668,0.001295,0.009403,0.500,5.000,1,1
1762883059.875522,STEP,1,0.000000,-0.000000,odom,3.114668,0.000907,0.009403,0.500,5.000,1,1
1762883059.895768,STEP,1,0.000000,-0.000000,odom,3.114668,0.000000,0.009403,0.500,5.000,1,1
1762883059.915503,STEP,1,0.000000,-0.000000,odom,3.114668,0.000000,0.009403,0.500,5.000,1,1
1762883059.936512,STEP,1,0.000000,-0.000000,odom,3.114668,0.000000,0.009403,0.500,5.000,1,1
1762883059.956355,STEP,1,0.000000,-0.000000,odom,3.114668,0.000000,0.009403,0.500,5.000,1,1
1762883059.975604,STEP,1,0.000000,-0.000000,odom,3.114668,0.000000,0.009403,0.500,5.000,1,1
1762883059.995551,STEP,1,0.000000,-0.000000,odom,3.114668,0.000000,0.009403,0.500,5.000,1,1
1762883060.017074,STEP,1,0.000000,-0.000000,odom,3.114668,0.000000,0.009368,0.500,5.000,1,1
1762883060.037034,STEP,1,0.000000,-0.000000,odom,3.114668,0.000000,0.009210,0.500,5.000,1,1
1762883060.055541,STEP,1,0.000000,-0.000000,odom,3.114753,0.001279,0.009210,0.500,5.000,1,1
1762883060.075503,STEP,1,0.000000,-0.000000,odom,3.114753,0.000896,0.009210,0.500,5.000,1,1
1762883060.095553,STEP,1,0.000000,-0.000000,odom,3.114753,0.000000,0.009210,0.500,5.000,1,1
1762883061.135586,STEP,2,-0.500000,0.500000,odom,3.114969,0.000000,0.060800,0.500,5.000,1,1
1762883061.155975,STEP,2,-0.500000,0.500000,odom,3.114969,0.000000,0.060800,0.500,5.000,1,1
1762883061.175871,STEP,2,-0.500000,0.500000,odom,3.112944,-0.037960,0.100359,0.500,5.000,1,1
1762883061.195598,STEP,2,-0.500000,0.500000,odom,3.112944,-0.037960,0.142086,0.500,5.000,1,1
1762883061.215631,STEP,2,-0.500000,0.500000,odom,3.112944,-0.026572,0.142086,0.500,5.000,1,1
1762883061.235612,STEP,2,-0.500000,0.500000,odom,3.112944,-0.018600,0.142086,0.500,5.000,1,1
1762883061.255524,STEP,2,-0.500000,0.500000,odom,3.112944,0.000000,0.142086,0.500,5.000,1,1
1762883061.276701,STEP,2,-0.500000,0.500000,odom,3.112944,0.000000,0.142086,0.500,5.000,1,1
1762883061.298693,STEP,2,-0.500000,0.500000,odom,3.112944,0.000000,0.142086,0.500,5.000,1,1
1762883061.315750,STEP,2,-0.500000,0.500000,odom,3.112944,0.000000,0.142086,0.500,5.000,1,1
1762883061.335547,STEP,2,-0.500000,0.500000,odom,3.112944,0.000000,0.142086,0.500,5.000,1,1
1762883061.355972,STEP,2,-0.500000,0.500000,odom,3.112944,0.000000,0.142086,0.500,5.000,1,1
1762883061.375915,STEP,2,-0.500000,0.500000,odom,3.112944,0.000000,0.183143,0.500,5.000,1,1
1762883061.395674,STEP,2,-0.500000,0.500000,odom,3.112944,0.000000,0.221670,0.500,5.000,1,1
1762883061.415955,STEP,2,-0.500000,0.500000,odom,3.107638,-0.055717,0.239762,0.500,5.000,1,1
1762883061.435888,STEP,2,-0.500000,0.500000,odom,3.107638,-0.055717,0.239762,0.500,5.000,1,1
1762883061.455536,STEP,2,-0.500000,0.500000,odom,3.107638,0.000000,0.239762,0.500,5.000,1,1
1762883061.475784,STEP,2,-0.500000,0.500000,odom,3.107638,0.000000,0.239762,0.500,5.000,1,1
1762883061.495806,STEP,2,-0.500000,0.500000,odom,3.107638,0.000000,0.239762,0.500,5.000,1,1
1762883061.515589,STEP,2,-0.500000,0.500000,odom,3.107638,0.000000,0.239762,0.500,5.000,1,1
1762883061.536173,STEP,2,-0.500000,0.500000,odom,3.107638,0.000000,0.239762,0.500,5.000,1,1
1762883061.555663,STEP,2,-0.500000,0.500000,odom,3.107638,0.000000,0.239762,0.500,5.000,1,1
1762883061.575627,STEP,2,-0.500000,0.500000,odom,3.107638,0.000000,0.239762,0.500,5.000,1,1
1762883061.596065,STEP,2,-0.500000,0.500000,odom,3.099228,-0.157687,0.256908,0.500,5.000,1,1
1762883061.616167,STEP,2,-0.500000,0.500000,odom,3.099228,-0.157687,0.303639,0.500,5.000,1,1
1762883061.635600,STEP,2,-0.500000,0.500000,odom,3.099228,-0.110381,0.303639,0.500,5.000,1,1
1762883061.656777,STEP,2,-0.500000,0.500000,odom,3.099228,0.000000,0.303639,0.500,5.000,1,1
1762883061.675668,STEP,2,-0.500000,0.500000,odom,3.099228,0.000000,0.303639,0.500,5.000,1,1
1762883061.695593,STEP,2,-0.500000,0.500000,odom,3.099228,0.000000,0.303639,0.500,5.000,1,1
1762883061.716001,STEP,2,-0.500000,0.500000,odom,3.099228,0.000000,0.303639,0.500,5.000,1,1
1762883061.737096,STEP,2,-0.500000,0.500000,odom,3.099228,0.000000,0.303639,0.500,5.000,1,1
1762883061.755555,STEP,2,-0.500000,0.500000,odom,3.099228,0.000000,0.303639,0.500,5.000,1,1
1762883061.775618,STEP,2,-0.500000,0.500000,odom,3.099228,0.000000,0.303639,0.500,5.000,1,1
1762883061.795779,STEP,2,-0.500000,0.500000,odom,3.099228,0.000000,0.317755,0.500,5.000,1,1
1762883061.815647,STEP,2,-0.500000,0.500000,odom,3.099228,0.000000,0.356007,0.500,5.000,1,1
1762883061.835997,STEP,2,-0.500000,0.500000,odom,3.088285,-0.164131,0.356007,0.500,5.000,1,1
1762883061.855608,STEP,2,-0.500000,0.500000,odom,3.088285,-0.114892,0.356007,0.500,5.000,1,1
1762883061.876132,STEP,2,-0.500000,0.500000,odom,3.088285,0.000000,0.356007,0.500,5.000,1,1
1762883061.895566,STEP,2,-0.500000,0.500000,odom,3.088285,0.000000,0.356007,0.500,5.000,1,1
1762883061.919453,STEP,2,-0.500000,0.500000,odom,3.088285,0.000000,0.356007,0.500,5.000,1,1
1762883061.935689,STEP,2,-0.500000,0.500000,odom,3.088285,0.000000,0.356007,0.500,5.000,1,1
1762883061.959080,STEP,2,-0.500000,0.500000,odom,3.088285,0.000000,0.356007,0.500,5.000,1,1
1762883061.975927,STEP,2,-0.500000,0.500000,odom,3.088285,0.000000,0.356007,0.500,5.000,1,1
1762883061.995559,STEP,2,-0.500000,0.500000,odom,3.088285,0.000000,0.356007,0.500,5.000,1,1
1762883062.015968,STEP,2,-0.500000,0.500000,odom,3.088285,0.000000,0.378091,0.500,5.000,1,1
1762883062.035729,STEP,2,-0.500000,0.500000,odom,3.075340,-0.194172,0.407282,0.500,5.000,1,1
1762883062.055540,STEP,2,-0.500000,0.500000,odom,3.075340,-0.135921,0.407282,0.500,5.000,1,1
1762883062.076082,STEP,2,-0.500000,0.500000,odom,3.075340,0.000000,0.407282,0.500,5.000,1,1
1762883062.095605,STEP,2,-0.500000,0.500000,odom,3.075340,0.000000,0.407282,0.500,5.000,1,1
1762883062.115936,STEP,2,-0.500000,0.500000,odom,3.075340,0.000000,0.407282,0.500,5.000,1,1
1762883062.136102,STEP,2,-0.500000,0.500000,odom,3.075340,0.000000,0.407282,0.500,5.000,1,1
1762883062.155560,STEP,2,-0.500000,0.500000,odom,3.075340,0.000000,0.407282,0.500,5.000,1,1
1762883062.175524,STEP,2,-0.500000,0.500000,odom,3.075340,0.000000,0.407282,0.500,5.000,1,1
1762883062.196455,STEP,2,-0.500000,0.500000,odom,3.075340,0.000000,0.407282,0.500,5.000,1,1
1762883062.215738,STEP,2,-0.500000,0.500000,odom,3.060833,-0.217608,0.424311,0.500,5.000,1,1
1762883062.236238,STEP,2,-0.500000,0.500000,odom,3.060833,-0.217608,0.432105,0.500,5.000,1,1
1762883062.255724,STEP,2,-0.500000,0.500000,odom,3.060833,-0.152326,0.432105,0.500,5.000,1,1
1762883062.275508,STEP,2,-0.500000,0.500000,odom,3.060833,0.000000,0.432105,0.500,5.000,1,1
1762883062.297182,STEP,2,-0.500000,0.500000,odom,3.060833,0.000000,0.432105,0.500,5.000,1,1
1762883062.315668,STEP,2,-0.500000,0.500000,odom,3.060833,0.000000,0.432105,0.500,5.000,1,1
1762883062.337078,STEP,2,-0.500000,0.500000,odom,3.060833,0.000000,0.432105,0.500,5.000,1,1
1762883062.355794,STEP,2,-0.500000,0.500000,odom,3.060833,0.000000,0.432105,0.500,5.000,1,1
1762883062.375528,STEP,2,-0.500000,0.500000,odom,3.060833,0.000000,0.432105,0.500,5.000,1,1
1762883062.395546,STEP,2,-0.500000,0.500000,odom,3.060833,0.000000,0.432105,0.500,5.000,1,1
1762883062.416165,STEP,2,-0.500000,0.500000,odom,3.045119,-0.235699,0.459020,0.500,5.000,1,1
1762883062.435849,STEP,2,-0.500000,0.500000,odom,3.045119,-0.235699,0.459020,0.500,5.000,1,1
1762883062.455964,STEP,2,-0.500000,0.500000,odom,3.045119,0.000000,0.459020,0.500,5.000,1,1
1762883062.475600,STEP,2,-0.500000,0.500000,odom,3.045119,0.000000,0.459020,0.500,5.000,1,1
1762883062.499079,STEP,2,-0.500000,0.500000,odom,3.045119,0.000000,0.459020,0.500,5.000,1,1
1762883062.515573,STEP,2,-0.500000,0.500000,odom,3.045119,0.000000,0.459020,0.500,5.000,1,1
1762883062.535668,STEP,2,-0.500000,0.500000,odom,3.045119,0.000000,0.459020,0.500,5.000,1,1
1762883062.555835,STEP,2,-0.500000,0.500000,odom,3.045119,0.000000,0.459020,0.500,5.000,1,1
1762883062.575711,STEP,2,-0.500000,0.500000,odom,3.045119,0.000000,0.459020,0.500,5.000,1,1
1762883062.595912,STEP,2,-0.500000,0.500000,odom,3.045119,0.000000,0.475199,0.500,5.000,1,1
1762883062.615539,STEP,2,-0.500000,0.500000,odom,3.045119,0.000000,0.479925,0.500,5.000,1,1
1762883062.635564,STEP,2,-0.500000,0.500000,odom,3.028492,-0.623463,0.479925,0.500,5.000,1,1
1762883062.656260,STEP,2,-0.500000,0.500000,odom,3.028492,0.000000,0.479925,0.500,5.000,1,1
1762883062.675555,STEP,2,-0.500000,0.500000,odom,3.028492,0.000000,0.479925,0.500,5.000,1,1
1762883062.695507,STEP,2,-0.500000,0.500000,odom,3.028492,0.000000,0.479925,0.500,5.000,1,1
1762883062.715594,STEP,2,-0.500000,0.500000,odom,3.028492,0.000000,0.479925,0.500,5.000,1,1
1762883062.735607,STEP,2,-0.500000,0.500000,odom,3.028492,0.000000,0.479925,0.500,5.000,1,1
1762883062.755939,STEP,2,-0.500000,0.500000,odom,3.028492,0.000000,0.479925,0.500,5.000,1,1
1762883062.777044,STEP,2,-0.500000,0.500000,odom,3.028492,0.000000,0.484335,0.500,5.000,1,1
1762883062.795556,STEP,2,-0.500000,0.500000,odom,3.028492,0.000000,0.496238,0.500,5.000,1,1
1762883062.815542,STEP,2,-0.500000,0.500000,odom,3.011188,-0.259549,0.499647,0.500,5.000,1,1
1762883062.836124,STEP,2,-0.500000,0.500000,odom,3.011188,0.000000,0.499647,0.500,5.000,1,1
1762883062.855702,STEP,2,-0.500000,0.500000,odom,3.011188,0.000000,0.499647,0.500,5.000,1,1
1762883062.875625,STEP,2,-0.500000,0.500000,odom,3.011188,0.000000,0.499647,0.500,5.000,1,1
1762883062.895705,STEP,2,-0.500000,0.500000,odom,3.011188,0.000000,0.499647,0.500,5.000,1,1
1762883062.915673,STEP,2,-0.500000,0.500000,odom,3.011188,0.000000,0.499647,0.500,5.000,1,1
1762883062.935580,STEP,2,-0.500000,0.500000,odom,3.011188,0.000000,0.499647,0.500,5.000,1,1
1762883062.956053,STEP,2,-0.500000,0.500000,odom,3.011188,0.000000,0.499647,0.500,5.000,1,1
1762883062.975812,STEP,2,-0.500000,0.500000,odom,3.011188,0.000000,0.502850,0.500,5.000,1,1
1762883062.995544,STEP,2,-0.500000,0.500000,odom,3.011188,0.000000,0.511306,0.500,5.000,1,1
1762883063.015733,STEP,2,-0.500000,0.500000,odom,2.993383,-0.267053,0.511306,0.500,5.000,1,1
1762883063.035695,STEP,2,-0.500000,0.500000,odom,2.993383,0.000000,0.511306,0.500,5.000,1,1
1762883063.056523,STEP,2,-0.500000,0.500000,odom,2.993383,0.000000,0.511306,0.500,5.000,1,1
1762883063.075595,STEP,2,-0.500000,0.500000,odom,2.993383,0.000000,0.511306,0.500,5.000,1,1
1762883063.095817,STEP,2,-0.500000,0.500000,odom,2.993383,0.000000,0.511306,0.500,5.000,1,1
1762883063.116088,STEP,2,-0.500000,0.500000,odom,2.993383,0.000000,0.511306,0.500,5.000,1,1
1762883063.135474,STEP,2,-0.500000,0.500000,odom,2.993383,0.000000,0.511306,0.500,5.000,1,1
1762883063.156382,STEP,2,-0.500000,0.500000,odom,2.993383,0.000000,0.511306,0.500,5.000,1,1
1762883063.175603,STEP,2,-0.500000,0.500000,odom,2.993383,0.000000,0.513813,0.500,5.000,1,1
1762883063.196048,STEP,2,-0.500000,0.500000,odom,2.993383,0.000000,0.518242,0.500,5.000,1,1
1762883063.216428,STEP,2,-0.500000,0.500000,odom,2.993383,0.000000,0.518242,0.500,5.000,1,1
1762883063.236062,STEP,2,-0.500000,0.500000,odom,2.993383,0.000000,0.518242,0.500,5.000,1,1
1762883063.255810,STEP,2,-0.500000,0.500000,odom,2.993383,0.000000,0.518242,0.500,5.000,1,1
1762883063.276332,STEP,2,-0.500000,0.500000,odom,2.993383,0.000000,0.518242,0.500,5.000,1,1
1762883063.296272,STEP,2,-0.500000,0.500000,odom,2.993383,0.000000,0.518242,0.500,5.000,1,1
1762883063.315847,STEP,2,-0.500000,0.500000,odom,2.993383,0.000000,0.518242,0.500,5.000,1,1
1762883063.335973,STEP,2,-0.500000,0.500000,odom,2.993383,0.000000,0.518242,0.500,5.000,1,1
1762883063.355742,STEP,2,-0.500000,0.500000,odom,2.993383,0.000000,0.518242,0.500,5.000,1,1
1762883063.375796,STEP,2,-0.500000,0.500000,odom,2.993383,0.000000,0.523741,0.500,5.000,1,1
1762883063.395681,STEP,2,-0.500000,0.500000,odom,2.975218,-0.454095,0.525243,0.500,5.000,1,1
1762883063.415923,STEP,2,-0.500000,0.500000,odom,2.975218,-0.317867,0.525243,0.500,5.000,1,1
1762883063.436339,STEP,2,-0.500000,0.500000,odom,2.975218,0.000000,0.525243,0.500,5.000,1,1
1762883063.456155,STEP,2,-0.500000,0.500000,odom,2.975218,0.000000,0.525243,0.500,5.000,1,1
1762883063.475715,STEP,2,-0.500000,0.500000,odom,2.975218,0.000000,0.525243,0.500,5.000,1,1
1762883063.495840,STEP,2,-0.500000,0.500000,odom,2.975218,0.000000,0.525243,0.500,5.000,1,1
1762883063.516479,STEP,2,-0.500000,0.500000,odom,2.975218,0.000000,0.525243,0.500,5.000,1,1
1762883063.539411,STEP,2,-0.500000,0.500000,odom,2.975218,0.000000,0.525243,0.500,5.000,1,1
1762883063.556279,STEP,2,-0.500000,0.500000,odom,2.975218,0.000000,0.526688,0.500,5.000,1,1
1762883063.576172,STEP,2,-0.500000,0.500000,odom,2.956799,-0.276274,0.530377,0.500,5.000,1,1
1762883063.596294,STEP,2,-0.500000,0.500000,odom,2.956799,-0.276274,0.531349,0.500,5.000,1,1
1762883063.616356,STEP,2,-0.500000,0.500000,odom,2.956799,0.000000,0.531349,0.500,5.000,1,1
1762883063.638634,STEP,2,-0.500000,0.500000,odom,2.956799,0.000000,0.531349,0.500,5.000,1,1
1762883063.655581,STEP,2,-0.500000,0.500000,odom,2.956799,0.000000,0.531349,0.500,5.000,1,1
1762883063.675816,STEP,2,-0.500000,0.500000,odom,2.956799,0.000000,0.531349,0.500,5.000,1,1
1762883063.698245,STEP,2,-0.500000,0.500000,odom,2.956799,0.000000,0.531349,0.500,5.000,1,1
1762883063.715605,STEP,2,-0.500000,0.500000,odom,2.956799,0.000000,0.531349,0.500,5.000,1,1
1762883063.735693,STEP,2,-0.500000,0.500000,odom,2.956799,0.000000,0.531349,0.500,5.000,1,1
1762883063.755769,STEP,2,-0.500000,0.500000,odom,2.956799,0.000000,0.532234,0.500,5.000,1,1
1762883063.775861,STEP,2,-0.500000,0.500000,odom,2.938208,-0.487979,0.534635,0.500,5.000,1,1
1762883063.795570,STEP,2,-0.500000,0.500000,odom,2.938208,-0.487979,0.534635,0.500,5.000,1,1
1762883063.815627,STEP,2,-0.500000,0.500000,odom,2.938208,-0.341585,0.534635,0.500,5.000,1,1
1762883063.835761,STEP,2,-0.500000,0.500000,odom,2.938208,0.000000,0.534635,0.500,5.000,1,1
1762883063.855626,STEP,2,-0.500000,0.500000,odom,2.938208,0.000000,0.534635,0.500,5.000,1,1
1762883063.875800,STEP,2,-0.500000,0.500000,odom,2.938208,0.000000,0.534635,0.500,5.000,1,1
1762883063.895591,STEP,2,-0.500000,0.500000,odom,2.938208,0.000000,0.534635,0.500,5.000,1,1
1762883063.915520,STEP,2,-0.500000,0.500000,odom,2.938208,0.000000,0.534635,0.500,5.000,1,1
1762883063.936410,STEP,2,-0.500000,0.500000,odom,2.938208,0.000000,0.534635,0.500,5.000,1,1
1762883063.956412,STEP,2,-0.500000,0.500000,odom,2.938208,0.000000,0.534635,0.500,5.000,1,1
1762883063.976351,STEP,2,-0.500000,0.500000,odom,2.919506,-0.350639,0.535919,0.500,5.000,1,1
1762883063.995673,STEP,2,-0.500000,0.500000,odom,2.919506,-0.350639,0.536889,0.500,5.000,1,1
1762883064.015731,STEP,2,-0.500000,0.500000,odom,2.919506,-0.245447,0.536889,0.500,5.000,1,1
1762883064.035673,STEP,2,-0.500000,0.500000,odom,2.919506,0.000000,0.536889,0.500,5.000,1,1
1762883064.055612,STEP,2,-0.500000,0.500000,odom,2.919506,0.000000,0.536889,0.500,5.000,1,1
1762883064.075763,STEP,2,-0.500000,0.500000,odom,2.919506,0.000000,0.536889,0.500,5.000,1,1
1762883064.098420,STEP,2,-0.500000,0.500000,odom,2.919506,0.000000,0.536889,0.500,5.000,1,1
1762883064.115725,STEP,2,-0.500000,0.500000,odom,2.919506,0.000000,0.536889,0.500,5.000,1,1
1762883064.136639,STEP,2,-0.500000,0.500000,odom,2.919506,0.000000,0.536889,0.500,5.000,1,1
1762883064.155735,STEP,2,-0.500000,0.500000,odom,2.919506,0.000000,0.537740,0.500,5.000,1,1
1762883064.175596,STEP,2,-0.500000,0.500000,odom,2.900739,-0.351868,0.538356,0.500,5.000,1,1
1762883064.196158,STEP,2,-0.500000,0.500000,odom,2.900739,0.000000,0.538356,0.500,5.000,1,1
1762883064.215592,STEP,2,-0.500000,0.500000,odom,2.900739,0.000000,0.538356,0.500,5.000,1,1
1762883064.236982,STEP,2,-0.500000,0.500000,odom,2.900739,0.000000,0.538356,0.500,5.000,1,1
1762883064.255618,STEP,2,-0.500000,0.500000,odom,2.900739,0.000000,0.538356,0.500,5.000,1,1
1762883064.275652,STEP,2,-0.500000,0.500000,odom,2.900739,0.000000,0.538356,0.500,5.000,1,1
1762883064.297253,STEP,2,-0.500000,0.500000,odom,2.900739,0.000000,0.538356,0.500,5.000,1,1
1762883064.315723,STEP,2,-0.500000,0.500000,odom,2.900739,0.000000,0.538356,0.500,5.000,1,1
1762883064.335887,STEP,2,-0.500000,0.500000,odom,2.900739,0.000000,0.538356,0.500,5.000,1,1
1762883064.355969,STEP,2,-0.500000,0.500000,odom,2.900739,0.000000,0.538849,0.500,5.000,1,1
1762883064.375907,STEP,2,-0.500000,0.500000,odom,2.900739,0.000000,0.539266,0.500,5.000,1,1
1762883064.396004,STEP,2,-0.500000,0.500000,odom,2.881939,-0.197381,0.539266,0.500,5.000,1,1
1762883064.416080,STEP,2,-0.500000,0.500000,odom,2.881939,0.000000,0.539266,0.500,5.000,1,1
1762883064.435844,STEP,2,-0.500000,0.500000,odom,2.881939,0.000000,0.539266,0.500,5.000,1,1
1762883064.457146,STEP,2,-0.500000,0.500000,odom,2.881939,0.000000,0.539266,0.500,5.000,1,1
1762883064.477252,STEP,2,-0.500000,0.500000,odom,2.881939,0.000000,0.539266,0.500,5.000,1,1
1762883064.495646,STEP,2,-0.500000,0.500000,odom,2.881939,0.000000,0.539266,0.500,5.000,1,1
1762883064.515842,STEP,2,-0.500000,0.500000,odom,2.881939,0.000000,0.539266,0.500,5.000,1,1
1762883064.536047,STEP,2,-0.500000,0.500000,odom,2.881939,0.000000,0.539266,0.500,5.000,1,1
1762883064.555586,STEP,2,-0.500000,0.500000,odom,2.863131,-0.235090,0.539721,0.500,5.000,1,1
1762883064.576232,STEP,2,-0.500000,0.500000,odom,2.863131,-0.164563,0.539721,0.500,5.000,1,1
1762883064.595953,STEP,2,-0.500000,0.500000,odom,2.863131,0.000000,0.539721,0.500,5.000,1,1
1762883064.615668,STEP,2,-0.500000,0.500000,odom,2.863131,0.000000,0.539721,0.500,5.000,1,1
1762883064.636180,STEP,2,-0.500000,0.500000,odom,2.863131,0.000000,0.539721,0.500,5.000,1,1
1762883064.655779,STEP,2,-0.500000,0.500000,odom,2.863131,0.000000,0.539721,0.500,5.000,1,1
1762883064.677072,STEP,2,-0.500000,0.500000,odom,2.863131,0.000000,0.539721,0.500,5.000,1,1
1762883064.695638,STEP,2,-0.500000,0.500000,odom,2.863131,0.000000,0.539721,0.500,5.000,1,1
1762883064.715888,STEP,2,-0.500000,0.500000,odom,2.863131,0.000000,0.539721,0.500,5.000,1,1
1762883064.736222,STEP,2,-0.500000,0.500000,odom,2.863131,0.000000,0.539784,0.500,5.000,1,1
1762883064.755616,STEP,2,-0.500000,0.500000,odom,2.863131,0.000000,0.539572,0.500,5.000,1,1
1762883064.775591,STEP,2,-0.500000,0.500000,odom,2.844332,-0.469949,0.539572,0.500,5.000,1,1
1762883064.795649,STEP,2,-0.500000,0.500000,odom,2.844332,0.000000,0.539572,0.500,5.000,1,1
1762883064.815598,STEP,2,-0.500000,0.500000,odom,2.844332,0.000000,0.539572,0.500,5.000,1,1
1762883064.835710,STEP,2,-0.500000,0.500000,odom,2.844332,0.000000,0.539572,0.500,5.000,1,1
1762883064.855625,STEP,2,-0.500000,0.500000,odom,2.844332,0.000000,0.539572,0.500,5.000,1,1
1762883064.878045,STEP,2,-0.500000,0.500000,odom,2.844332,0.000000,0.539572,0.500,5.000,1,1
1762883064.895607,STEP,2,-0.500000,0.500000,odom,2.844332,0.000000,0.539572,0.500,5.000,1,1
1762883064.915528,STEP,2,-0.500000,0.500000,odom,2.844332,0.000000,0.539572,0.500,5.000,1,1
1762883064.935488,STEP,2,-0.500000,0.500000,odom,2.825560,-0.234644,0.538970,0.500,5.000,1,1
1762883064.955551,STEP,2,-0.500000,0.500000,odom,2.825560,-0.234644,0.538970,0.500,5.000,1,1
1762883064.975995,STEP,2,-0.500000,0.500000,odom,2.825560,0.000000,0.538970,0.500,5.000,1,1
1762883064.995798,STEP,2,-0.500000,0.500000,odom,2.825560,0.000000,0.538970,0.500,5.000,1,1
1762883065.016020,STEP,2,-0.500000,0.500000,odom,2.825560,0.000000,0.538970,0.500,5.000,1,1
1762883065.035624,STEP,2,-0.500000,0.500000,odom,2.825560,0.000000,0.538970,0.500,5.000,1,1
1762883065.055706,STEP,2,-0.500000,0.500000,odom,2.825560,0.000000,0.538970,0.500,5.000,1,1
1762883065.075692,STEP,2,-0.500000,0.500000,odom,2.825560,0.000000,0.538970,0.500,5.000,1,1
1762883065.095928,STEP,2,-0.500000,0.500000,odom,2.825560,0.000000,0.538970,0.500,5.000,1,1
1762883065.116107,STEP,2,-0.500000,0.500000,odom,2.825560,0.000000,0.538823,0.500,5.000,1,1
1762883065.135736,STEP,2,-0.500000,0.500000,odom,2.825560,0.000000,0.538352,0.500,5.000,1,1
1762883065.155631,STEP,2,-0.500000,0.500000,odom,2.806822,-0.281062,0.538352,0.500,5.000,1,1
1762883065.175613,STEP,2,-0.500000,0.500000,odom,2.806822,0.000000,0.538352,0.500,5.000,1,1
1762883065.195573,STEP,2,-0.500000,0.500000,odom,2.806822,0.000000,0.538352,0.500,5.000,1,1
1762883065.215603,STEP,2,-0.500000,0.500000,odom,2.806822,0.000000,0.538352,0.500,5.000,1,1
1762883065.235545,STEP,2,-0.500000,0.500000,odom,2.806822,0.000000,0.538352,0.500,5.000,1,1
1762883065.255647,STEP,2,-0.500000,0.500000,odom,2.806822,0.000000,0.538352,0.500,5.000,1,1
1762883065.276176,STEP,2,-0.500000,0.500000,odom,2.806822,0.000000,0.538352,0.500,5.000,1,1
1762883065.295716,STEP,2,-0.500000,0.500000,odom,2.806822,0.000000,0.538191,0.500,5.000,1,1
1762883065.316123,STEP,2,-0.500000,0.500000,odom,2.806822,0.000000,0.537770,0.500,5.000,1,1
1762883065.335968,STEP,2,-0.500000,0.500000,odom,2.806822,0.000000,0.537360,0.500,5.000,1,1
1762883065.356411,STEP,2,-0.500000,0.500000,odom,2.788120,0.000000,0.537360,0.500,5.000,1,1
1762883065.375942,STEP,2,-0.500000,0.500000,odom,2.788120,0.000000,0.537360,0.500,5.000,1,1
1762883065.397963,STEP,2,-0.500000,0.500000,odom,2.788120,0.000000,0.537360,0.500,5.000,1,1
1762883065.415736,STEP,2,-0.500000,0.500000,odom,2.788120,0.000000,0.537360,0.500,5.000,1,1
1762883065.436082,STEP,2,-0.500000,0.500000,odom,2.788120,0.000000,0.537360,0.500,5.000,1,1
1762883065.455714,STEP,2,-0.500000,0.500000,odom,2.788120,0.000000,0.537360,0.500,5.000,1,1
1762883065.476063,STEP,2,-0.500000,0.500000,odom,2.788120,0.000000,0.537360,0.500,5.000,1,1
1762883065.495993,STEP,2,-0.500000,0.500000,odom,2.788120,0.000000,0.536876,0.500,5.000,1,1
1762883065.515634,STEP,2,-0.500000,0.500000,odom,2.788120,0.000000,0.536629,0.500,5.000,1,1
1762883065.535793,STEP,2,-0.500000,0.500000,odom,2.788120,0.000000,0.536629,0.500,5.000,1,1
1762883065.557727,STEP,2,-0.500000,0.500000,odom,2.788120,0.000000,0.536629,0.500,5.000,1,1
1762883065.576047,STEP,2,-0.500000,0.500000,odom,2.788120,0.000000,0.536629,0.500,5.000,1,1
1762883065.595631,STEP,2,-0.500000,0.500000,odom,2.788120,0.000000,0.536629,0.500,5.000,1,1
1762883065.616195,STEP,2,-0.500000,0.500000,odom,2.788120,0.000000,0.536629,0.500,5.000,1,1
1762883065.636238,STEP,2,-0.500000,0.500000,odom,2.788120,0.000000,0.536629,0.500,5.000,1,1
1762883065.655564,STEP,2,-0.500000,0.500000,odom,2.788120,0.000000,0.536629,0.500,5.000,1,1
1762883065.675905,STEP,2,-0.500000,0.500000,odom,2.769457,-0.466565,0.536126,0.500,5.000,1,1
1762883065.695929,STEP,2,-0.500000,0.500000,odom,2.769457,-0.326596,0.535584,0.500,5.000,1,1
1762883065.715634,STEP,2,-0.500000,0.500000,odom,2.769457,-0.326596,0.535584,0.500,5.000,1,1
1762883065.736236,STEP,2,-0.500000,0.500000,odom,2.769457,0.000000,0.535584,0.500,5.000,1,1
1762883065.755864,STEP,2,-0.500000,0.500000,odom,2.769457,0.000000,0.535584,0.500,5.000,1,1
1762883065.776111,STEP,2,-0.500000,0.500000,odom,2.769457,0.000000,0.535584,0.500,5.000,1,1
1762883065.796066,STEP,2,-0.500000,0.500000,odom,2.769457,0.000000,0.535584,0.500,5.000,1,1
1762883065.815688,STEP,2,-0.500000,0.500000,odom,2.769457,0.000000,0.535584,0.500,5.000,1,1
1762883065.835989,STEP,2,-0.500000,0.500000,odom,2.769457,0.000000,0.535584,0.500,5.000,1,1
1762883065.855561,STEP,2,-0.500000,0.500000,odom,2.769457,0.000000,0.535584,0.500,5.000,1,1
1762883065.875839,STEP,2,-0.500000,0.500000,odom,2.769457,0.000000,0.534908,0.500,5.000,1,1
1762883065.895726,STEP,2,-0.500000,0.500000,odom,2.750836,-0.244396,0.534467,0.500,5.000,1,1
1762883065.915635,STEP,2,-0.500000,0.500000,odom,2.750836,-0.244396,0.534467,0.500,5.000,1,1
1762883065.936097,STEP,2,-0.500000,0.500000,odom,2.750836,0.000000,0.534467,0.500,5.000,1,1
1762883065.955601,STEP,2,-0.500000,0.500000,odom,2.750836,0.000000,0.534467,0.500,5.000,1,1
1762883065.975626,STEP,2,-0.500000,0.500000,odom,2.750836,0.000000,0.534467,0.500,5.000,1,1
1762883065.996878,STEP,2,-0.500000,0.500000,odom,2.750836,0.000000,0.534467,0.500,5.000,1,1
1762883066.015889,STEP,2,-0.500000,0.500000,odom,2.750836,0.000000,0.534467,0.500,5.000,1,1
1762883066.035671,STEP,2,-0.500000,0.500000,odom,2.750836,0.000000,0.534467,0.500,5.000,1,1
1762883066.055676,STEP,2,-0.500000,0.500000,odom,2.750836,0.000000,0.534467,0.500,5.000,1,1
1762883066.076393,STEP,2,-0.500000,0.500000,odom,2.732252,-0.487816,0.533802,0.500,5.000,1,1
1762883066.095712,STEP,2,-0.500000,0.500000,odom,2.732252,-0.487816,0.533561,0.500,5.000,1,1
1762883066.115606,STEP,2,-0.500000,0.500000,odom,2.732252,-0.341471,0.533561,0.500,5.000,1,1
1762883066.136121,STEP,2,-0.500000,0.500000,odom,2.732252,0.000000,0.533561,0.500,5.000,1,1
1762883066.155767,STEP,2,-0.500000,0.500000,odom,2.732252,0.000000,0.533561,0.500,5.000,1,1
1762883066.176153,STEP,2,-0.500000,0.500000,odom,2.732252,0.000000,0.533561,0.500,5.000,1,1
1762883066.199083,STEP,2,-0.500000,0.500000,odom,2.732252,0.000000,0.533561,0.500,5.000,1,1
1762883066.215601,STEP,2,-0.500000,0.500000,odom,2.732252,0.000000,0.533561,0.500,5.000,1,1
1762883066.235871,STEP,2,-0.500000,0.500000,odom,2.732252,0.000000,0.533561,0.500,5.000,1,1
1762883066.256330,STEP,2,-0.500000,0.500000,odom,2.732252,0.000000,0.533079,0.500,5.000,1,1
1762883066.276204,STEP,2,-0.500000,0.500000,odom,2.713701,-0.194782,0.532658,0.500,5.000,1,1
1762883066.295732,STEP,2,-0.500000,0.500000,odom,2.713701,-0.194782,0.532658,0.500,5.000,1,1
1762883066.315728,STEP,2,-0.500000,0.500000,odom,2.713701,0.000000,0.532658,0.500,5.000,1,1
1762883066.336217,STEP,2,-0.500000,0.500000,odom,2.713701,0.000000,0.532658,0.500,5.000,1,1
1762883066.355945,STEP,2,-0.500000,0.500000,odom,2.713701,0.000000,0.532658,0.500,5.000,1,1
1762883066.375794,STEP,2,-0.500000,0.500000,odom,2.713701,0.000000,0.532658,0.500,5.000,1,1
1762883066.395529,STEP,2,-0.500000,0.500000,odom,2.713701,0.000000,0.532658,0.500,5.000,1,1
1762883066.415679,STEP,2,-0.500000,0.500000,odom,2.713701,0.000000,0.532658,0.500,5.000,1,1
1762883066.435563,STEP,2,-0.500000,0.500000,odom,2.713701,0.000000,0.532424,0.500,5.000,1,1
1762883066.455497,STEP,2,-0.500000,0.500000,odom,2.713701,0.000000,0.532009,0.500,5.000,1,1
1762883066.476255,STEP,2,-0.500000,0.500000,odom,2.695183,-0.243044,0.532009,0.500,5.000,1,1
1762883066.495883,STEP,2,-0.500000,0.500000,odom,2.695183,0.000000,0.532009,0.500,5.000,1,1
1762883066.515952,STEP,2,-0.500000,0.500000,odom,2.695183,0.000000,0.532009,0.500,5.000,1,1
1762883066.536176,STEP,2,-0.500000,0.500000,odom,2.695183,0.000000,0.532009,0.500,5.000,1,1
1762883066.556057,STEP,2,-0.500000,0.500000,odom,2.695183,0.000000,0.532009,0.500,5.000,1,1
1762883066.577153,STEP,2,-0.500000,0.500000,odom,2.695183,0.000000,0.532009,0.500,5.000,1,1
1762883066.595808,STEP,2,-0.500000,0.500000,odom,2.695183,0.000000,0.532009,0.500,5.000,1,1
1762883066.616113,STEP,2,-0.500000,0.500000,odom,2.695183,0.000000,0.532009,0.500,5.000,1,1
1762883066.635689,STEP,2,-0.500000,0.500000,odom,2.695183,0.000000,0.531517,0.500,5.000,1,1
1762883066.655576,STEP,2,-0.500000,0.500000,odom,2.695183,0.000000,0.531134,0.500,5.000,1,1
1762883066.675756,STEP,2,-0.500000,0.500000,odom,2.676692,-0.277367,0.531134,0.500,5.000,1,1
1762883066.695672,STEP,2,-0.500000,0.500000,odom,2.676692,0.000000,0.531134,0.500,5.000,1,1
1762883066.716038,STEP,2,-0.500000,0.500000,odom,2.676692,0.000000,0.531134,0.500,5.000,1,1
1762883066.735614,STEP,2,-0.500000,0.500000,odom,2.676692,0.000000,0.531134,0.500,5.000,1,1
1762883066.758089,STEP,2,-0.500000,0.500000,odom,2.676692,0.000000,0.531134,0.500,5.000,1,1
1762883066.775576,STEP,2,-0.500000,0.500000,odom,2.676692,0.000000,0.531134,0.500,5.000,1,1
1762883066.796213,STEP,2,-0.500000,0.500000,odom,2.676692,0.000000,0.531134,0.500,5.000,1,1
1762883066.816052,STEP,2,-0.500000,0.500000,odom,2.676692,0.000000,0.530862,0.500,5.000,1,1
1762883066.835626,STEP,2,-0.500000,0.500000,odom,2.676692,0.000000,0.530715,0.500,5.000,1,1
1762883066.856147,STEP,2,-0.500000,0.500000,odom,2.658219,0.000000,0.530715,0.500,5.000,1,1
1762883066.875911,STEP,2,-0.500000,0.500000,odom,2.658219,0.000000,0.530715,0.500,5.000,1,1
1762883066.896074,STEP,2,-0.500000,0.500000,odom,2.658219,0.000000,0.530715,0.500,5.000,1,1
1762883066.915657,STEP,2,-0.500000,0.500000,odom,2.658219,0.000000,0.530715,0.500,5.000,1,1
1762883066.936470,STEP,2,-0.500000,0.500000,odom,2.658219,0.000000,0.530715,0.500,5.000,1,1
1762883066.955550,STEP,2,-0.500000,0.500000,odom,2.658219,0.000000,0.530715,0.500,5.000,1,1
1762883066.975684,STEP,2,-0.500000,0.500000,odom,2.658219,0.000000,0.530715,0.500,5.000,1,1
1762883066.995849,STEP,2,-0.500000,0.500000,odom,2.658219,0.000000,0.530452,0.500,5.000,1,1
1762883067.016084,STEP,2,-0.500000,0.500000,odom,2.639758,-0.461502,0.530331,0.500,5.000,1,1
1762883067.035811,STEP,2,-0.500000,0.500000,odom,2.639758,-0.461502,0.530331,0.500,5.000,1,1
1762883067.055737,STEP,2,-0.500000,0.500000,odom,2.639758,0.000000,0.530331,0.500,5.000,1,1
1762883067.076560,STEP,2,-0.500000,0.500000,odom,2.639758,0.000000,0.530331,0.500,5.000,1,1
1762883067.096022,STEP,2,-0.500000,0.500000,odom,2.639758,0.000000,0.530331,0.500,5.000,1,1
1762883067.118730,STEP,2,-0.500000,0.500000,odom,2.639758,0.000000,0.530331,0.500,5.000,1,1
1762883067.136094,STEP,2,-0.500000,0.500000,odom,2.639758,0.000000,0.530331,0.500,5.000,1,1
1762883067.155581,STEP,2,-0.500000,0.500000,odom,2.639758,0.000000,0.530331,0.500,5.000,1,1
1762883067.176034,STEP,2,-0.500000,0.500000,odom,2.639758,0.000000,0.530244,0.500,5.000,1,1
1762883067.195704,STEP,2,-0.500000,0.500000,odom,2.639758,0.000000,0.530089,0.500,5.000,1,1
1762883067.216624,STEP,2,-0.500000,0.500000,odom,2.639758,0.000000,0.530089,0.500,5.000,1,1
1762883067.235910,STEP,2,-0.500000,0.500000,odom,2.621310,0.000000,0.530089,0.500,5.000,1,1
1762883067.256208,STEP,2,-0.500000,0.500000,odom,2.621310,0.000000,0.530089,0.500,5.000,1,1
1762883067.277538,STEP,2,-0.500000,0.500000,odom,2.621310,0.000000,0.530089,0.500,5.000,1,1
1762883067.298109,STEP,2,-0.500000,0.500000,odom,2.621310,0.000000,0.530089,0.500,5.000,1,1
1762883067.316006,STEP,2,-0.500000,0.500000,odom,2.621310,0.000000,0.530089,0.500,5.000,1,1
1762883067.335927,STEP,2,-0.500000,0.500000,odom,2.621310,0.000000,0.530089,0.500,5.000,1,1
1762883067.355683,STEP,2,-0.500000,0.500000,odom,2.621310,0.000000,0.530089,0.500,5.000,1,1
1762883067.376685,STEP,2,-0.500000,0.500000,odom,2.621310,0.000000,0.529750,0.500,5.000,1,1
1762883067.395726,STEP,2,-0.500000,0.500000,odom,2.621310,0.000000,0.529401,0.500,5.000,1,1
1762883067.416732,STEP,2,-0.500000,0.500000,odom,2.602874,-0.345670,0.529401,0.500,5.000,1,1
1762883067.435717,STEP,2,-0.500000,0.500000,odom,2.602874,-0.241969,0.529401,0.500,5.000,1,1
1762883067.455603,STEP,2,-0.500000,0.500000,odom,2.602874,0.000000,0.529401,0.500,5.000,1,1
1762883067.476056,STEP,2,-0.500000,0.500000,odom,2.602874,0.000000,0.529401,0.500,5.000,1,1
1762883067.496224,STEP,2,-0.500000,0.500000,odom,2.602874,0.000000,0.529401,0.500,5.000,1,1
1762883067.515665,STEP,2,-0.500000,0.500000,odom,2.602874,0.000000,0.529401,0.500,5.000,1,1
1762883067.535506,STEP,2,-0.500000,0.500000,odom,2.602874,0.000000,0.529401,0.500,5.000,1,1
1762883067.556439,STEP,2,-0.500000,0.500000,odom,2.602874,0.000000,0.529106,0.500,5.000,1,1
1762883067.575670,STEP,2,-0.500000,0.500000,odom,2.602874,0.000000,0.528979,0.500,5.000,1,1
1762883067.595880,STEP,2,-0.500000,0.500000,odom,2.584450,0.000000,0.528979,0.500,5.000,1,1
1762883067.615924,STEP,2,-0.500000,0.500000,odom,2.584450,0.000000,0.528979,0.500,5.000,1,1
1762883067.636113,STEP,2,-0.500000,0.500000,odom,2.584450,0.000000,0.528979,0.500,5.000,1,1
1762883067.655940,STEP,2,-0.500000,0.500000,odom,2.584450,0.000000,0.528979,0.500,5.000,1,1
1762883067.676191,STEP,2,-0.500000,0.500000,odom,2.584450,0.000000,0.528979,0.500,5.000,1,1
1762883067.696142,STEP,2,-0.500000,0.500000,odom,2.584450,0.000000,0.528979,0.500,5.000,1,1
1762883067.715635,STEP,2,-0.500000,0.500000,odom,2.584450,0.000000,0.528979,0.500,5.000,1,1
1762883067.736145,STEP,2,-0.500000,0.500000,odom,2.584450,0.000000,0.528772,0.500,5.000,1,1
1762883067.756852,STEP,2,-0.500000,0.500000,odom,2.584450,0.000000,0.528513,0.500,5.000,1,1
1762883067.776318,STEP,2,-0.500000,0.500000,odom,2.584450,0.000000,0.528513,0.500,5.000,1,1
1762883067.795650,STEP,2,-0.500000,0.500000,odom,2.584450,0.000000,0.528513,0.500,5.000,1,1
1762883067.816102,STEP,2,-0.500000,0.500000,odom,2.584450,0.000000,0.528513,0.500,5.000,1,1
1762883067.835507,STEP,2,-0.500000,0.500000,odom,2.584450,0.000000,0.528513,0.500,5.000,1,1
1762883067.856062,STEP,2,-0.500000,0.500000,odom,2.584450,0.000000,0.528513,0.500,5.000,1,1
1762883067.877787,STEP,2,-0.500000,0.500000,odom,2.584450,0.000000,0.528513,0.500,5.000,1,1
1762883067.896057,STEP,2,-0.500000,0.500000,odom,2.584450,0.000000,0.528513,0.500,5.000,1,1
1762883067.916393,STEP,2,-0.500000,0.500000,odom,2.584450,0.000000,0.528513,0.500,5.000,1,1
1762883067.936119,STEP,2,-0.500000,0.500000,odom,2.566033,-0.690604,0.528326,0.500,5.000,1,1
1762883067.956067,STEP,2,-0.500000,0.500000,odom,2.566033,-0.483423,0.528179,0.500,5.000,1,1
1762883067.975546,STEP,2,-0.500000,0.500000,odom,2.566033,-0.483423,0.528136,0.500,5.000,1,1
1762883067.996035,STEP,2,-0.500000,0.500000,odom,2.566033,0.000000,0.528136,0.500,5.000,1,1
1762883068.015600,STEP,2,-0.500000,0.500000,odom,2.566033,0.000000,0.528136,0.500,5.000,1,1
1762883068.035739,STEP,2,-0.500000,0.500000,odom,2.566033,0.000000,0.528136,0.500,5.000,1,1
1762883068.056307,STEP,2,-0.500000,0.500000,odom,2.566033,0.000000,0.528136,0.500,5.000,1,1
1762883068.075617,STEP,2,-0.500000,0.500000,odom,2.566033,0.000000,0.528136,0.500,5.000,1,1
1762883068.095939,STEP,2,-0.500000,0.500000,odom,2.566033,0.000000,0.528136,0.500,5.000,1,1
1762883068.115617,STEP,2,-0.500000,0.500000,odom,2.566033,0.000000,0.528136,0.500,5.000,1,1
1762883068.135670,STEP,2,-0.500000,0.500000,odom,2.547623,-0.460227,0.528081,0.500,5.000,1,1
1762883068.155850,STEP,2,-0.500000,0.500000,odom,2.547623,-0.460227,0.527769,0.500,5.000,1,1
1762883068.176494,STEP,2,-0.500000,0.500000,odom,2.547623,-0.322159,0.527769,0.500,5.000,1,1
1762883068.196026,STEP,2,-0.500000,0.500000,odom,2.547623,0.000000,0.527769,0.500,5.000,1,1
1762883068.215750,STEP,2,-0.500000,0.500000,odom,2.547623,0.000000,0.527769,0.500,5.000,1,1
1762883068.235593,STEP,2,-0.500000,0.500000,odom,2.547623,0.000000,0.527769,0.500,5.000,1,1
1762883068.255980,STEP,2,-0.500000,0.500000,odom,2.547623,0.000000,0.527769,0.500,5.000,1,1
1762883068.275662,STEP,2,-0.500000,0.500000,odom,2.547623,0.000000,0.527769,0.500,5.000,1,1
1762883068.295773,STEP,2,-0.500000,0.500000,odom,2.547623,0.000000,0.527769,0.500,5.000,1,1
1762883068.316028,STEP,2,-0.500000,0.500000,odom,2.529220,-0.690114,0.527690,0.500,5.000,1,1
1762883068.335748,STEP,2,-0.500000,0.500000,odom,2.529220,-0.690114,0.527451,0.500,5.000,1,1
1762883068.356135,STEP,2,-0.500000,0.500000,odom,2.529220,-0.338156,0.527451,0.500,5.000,1,1
1762883068.375925,STEP,2,-0.500000,0.500000,odom,2.529220,-0.338156,0.527451,0.500,5.000,1,1
1762883068.395629,STEP,2,-0.500000,0.500000,odom,2.529220,0.000000,0.527451,0.500,5.000,1,1
1762883068.416403,STEP,2,-0.500000,0.500000,odom,2.529220,0.000000,0.527451,0.500,5.000,1,1
1762883068.436127,STEP,2,-0.500000,0.500000,odom,2.529220,0.000000,0.527451,0.500,5.000,1,1
1762883068.455916,STEP,2,-0.500000,0.500000,odom,2.529220,0.000000,0.527451,0.500,5.000,1,1
1762883068.476386,STEP,2,-0.500000,0.500000,odom,2.529220,0.000000,0.527451,0.500,5.000,1,1
1762883068.495813,STEP,2,-0.500000,0.500000,odom,2.529220,0.000000,0.527451,0.500,5.000,1,1
1762883068.516218,STEP,2,-0.500000,0.500000,odom,2.510823,-0.275954,0.527229,0.500,5.000,1,1
1762883068.535577,STEP,2,-0.500000,0.500000,odom,2.510823,-0.275954,0.527139,0.500,5.000,1,1
1762883068.556051,STEP,2,-0.500000,0.500000,odom,2.510823,0.000000,0.527139,0.500,5.000,1,1
1762883068.576502,STEP,2,-0.500000,0.500000,odom,2.510823,0.000000,0.527139,0.500,5.000,1,1
1762883068.596057,STEP,2,-0.500000,0.500000,odom,2.510823,0.000000,0.527139,0.500,5.000,1,1
1762883068.617327,STEP,2,-0.500000,0.500000,odom,2.510823,0.000000,0.527139,0.500,5.000,1,1
1762883068.637094,STEP,2,-0.500000,0.500000,odom,2.510823,0.000000,0.527139,0.500,5.000,1,1
1762883068.655555,STEP,2,-0.500000,0.500000,odom,2.510823,0.000000,0.527139,0.500,5.000,1,1
1762883068.676133,STEP,2,-0.500000,0.500000,odom,2.510823,0.000000,0.527139,0.500,5.000,1,1
1762883068.695505,STEP,2,-0.500000,0.500000,odom,2.510823,0.000000,0.526931,0.500,5.000,1,1
1762883068.715978,STEP,2,-0.500000,0.500000,odom,2.510823,0.000000,0.526668,0.500,5.000,1,1
1762883068.735972,STEP,2,-0.500000,0.500000,odom,2.492432,-0.193094,0.526668,0.500,5.000,1,1
1762883068.755988,STEP,2,-0.500000,0.500000,odom,2.492432,0.000000,0.526668,0.500,5.000,1,1
1762883068.775795,STEP,2,-0.500000,0.500000,odom,2.492432,0.000000,0.526668,0.500,5.000,1,1
1762883068.795582,STEP,2,-0.500000,0.500000,odom,2.492432,0.000000,0.526668,0.500,5.000,1,1
1762883068.815581,STEP,2,-0.500000,0.500000,odom,2.492432,0.000000,0.526668,0.500,5.000,1,1
1762883068.835664,STEP,2,-0.500000,0.500000,odom,2.492432,0.000000,0.526668,0.500,5.000,1,1
1762883068.855624,STEP,2,-0.500000,0.500000,odom,2.492432,0.000000,0.526668,0.500,5.000,1,1
1762883068.875759,STEP,2,-0.500000,0.500000,odom,2.492432,0.000000,0.526668,0.500,5.000,1,1
1762883068.896212,STEP,2,-0.500000,0.500000,odom,2.492432,0.000000,0.526441,0.500,5.000,1,1
1762883068.916851,STEP,2,-0.500000,0.500000,odom,2.474047,-0.344713,0.526341,0.500,5.000,1,1
1762883068.936091,STEP,2,-0.500000,0.500000,odom,2.474047,0.000000,0.526341,0.500,5.000,1,1
1762883068.955670,STEP,2,-0.500000,0.500000,odom,2.474047,0.000000,0.526341,0.500,5.000,1,1
1762883068.975854,STEP,2,-0.500000,0.500000,odom,2.474047,0.000000,0.526341,0.500,5.000,1,1
1762883068.996039,STEP,2,-0.500000,0.500000,odom,2.474047,0.000000,0.526341,0.500,5.000,1,1
1762883069.019229,STEP,2,-0.500000,0.500000,odom,2.474047,0.000000,0.526341,0.500,5.000,1,1
1762883069.035887,STEP,2,-0.500000,0.500000,odom,2.474047,0.000000,0.526341,0.500,5.000,1,1
1762883069.056173,STEP,2,-0.500000,0.500000,odom,2.474047,0.000000,0.526341,0.500,5.000,1,1
1762883069.076032,STEP,2,-0.500000,0.500000,odom,2.455665,-0.275730,0.526055,0.500,5.000,1,1
1762883069.096052,STEP,2,-0.500000,0.500000,odom,2.455665,-0.193011,0.525959,0.500,5.000,1,1
1762883069.115597,STEP,2,-0.500000,0.500000,odom,2.455665,-0.193011,0.525959,0.500,5.000,1,1
1762883069.136132,STEP,2,-0.500000,0.500000,odom,2.455665,0.000000,0.525959,0.500,5.000,1,1
1762883069.155943,STEP,2,-0.500000,0.500000,odom,2.455665,0.000000,0.525959,0.500,5.000,1,1
1762883069.175615,STEP,2,-0.500000,0.500000,odom,2.455665,0.000000,0.525959,0.500,5.000,1,1
1762883069.195608,STEP,2,-0.500000,0.500000,odom,2.455665,0.000000,0.525959,0.500,5.000,1,1
1762883069.215590,STEP,2,-0.500000,0.500000,odom,2.455665,0.000000,0.525959,0.500,5.000,1,1
1762883069.235770,STEP,2,-0.500000,0.500000,odom,2.455665,0.000000,0.525959,0.500,5.000,1,1
1762883069.255534,STEP,2,-0.500000,0.500000,odom,2.455665,0.000000,0.525858,0.500,5.000,1,1
1762883069.275622,STEP,2,-0.500000,0.500000,odom,2.455665,0.000000,0.525725,0.500,5.000,1,1
1762883069.295694,STEP,2,-0.500000,0.500000,odom,2.437282,-0.344675,0.525725,0.500,5.000,1,1
1762883069.316123,STEP,2,-0.500000,0.500000,odom,2.437282,0.000000,0.525725,0.500,5.000,1,1
1762883069.335804,STEP,2,-0.500000,0.500000,odom,2.437282,0.000000,0.525725,0.500,5.000,1,1
1762883069.359209,STEP,2,-0.500000,0.500000,odom,2.437282,0.000000,0.525725,0.500,5.000,1,1
1762883069.376191,STEP,2,-0.500000,0.500000,odom,2.437282,0.000000,0.525725,0.500,5.000,1,1
1762883069.396671,STEP,2,-0.500000,0.500000,odom,2.437282,0.000000,0.525725,0.500,5.000,1,1
1762883069.415578,STEP,2,-0.500000,0.500000,odom,2.437282,0.000000,0.525725,0.500,5.000,1,1
1762883069.435619,STEP,2,-0.500000,0.500000,odom,2.437282,0.000000,0.525725,0.500,5.000,1,1
1762883069.455691,STEP,2,-0.500000,0.500000,odom,2.437282,0.000000,0.525696,0.500,5.000,1,1
1762883069.476333,STEP,2,-0.500000,0.500000,odom,2.418898,-0.344699,0.525567,0.500,5.000,1,1
1762883069.496134,STEP,2,-0.500000,0.500000,odom,2.418898,0.000000,0.525567,0.500,5.000,1,1
1762883069.515639,STEP,2,-0.500000,0.500000,odom,2.418898,0.000000,0.525567,0.500,5.000,1,1
1762883069.535631,STEP,2,-0.500000,0.500000,odom,2.418898,0.000000,0.525567,0.500,5.000,1,1
1762883069.555858,STEP,2,-0.500000,0.500000,odom,2.418898,0.000000,0.525567,0.500,5.000,1,1
1762883069.576241,STEP,2,-0.500000,0.500000,odom,2.418898,0.000000,0.525567,0.500,5.000,1,1
1762883069.596056,STEP,2,-0.500000,0.500000,odom,2.418898,0.000000,0.525567,0.500,5.000,1,1
1762883069.615783,STEP,2,-0.500000,0.500000,odom,2.418898,0.000000,0.525567,0.500,5.000,1,1
1762883069.635941,STEP,2,-0.500000,0.500000,odom,2.418898,0.000000,0.525413,0.500,5.000,1,1
1762883069.655795,STEP,2,-0.500000,0.500000,odom,2.418898,0.000000,0.525191,0.500,5.000,1,1
1762883069.675982,STEP,2,-0.500000,0.500000,odom,2.400514,0.000000,0.525191,0.500,5.000,1,1
1762883069.697933,STEP,2,-0.500000,0.500000,odom,2.400514,0.000000,0.525191,0.500,5.000,1,1
1762883069.718123,STEP,2,-0.500000,0.500000,odom,2.400514,0.000000,0.525191,0.500,5.000,1,1
1762883069.736156,STEP,2,-0.500000,0.500000,odom,2.400514,0.000000,0.525191,0.500,5.000,1,1
1762883069.756228,STEP,2,-0.500000,0.500000,odom,2.400514,0.000000,0.525191,0.500,5.000,1,1
1762883069.775978,STEP,2,-0.500000,0.500000,odom,2.400514,0.000000,0.525191,0.500,5.000,1,1
1762883069.796073,STEP,2,-0.500000,0.500000,odom,2.400514,0.000000,0.525191,0.500,5.000,1,1
1762883069.816126,STEP,2,-0.500000,0.500000,odom,2.400514,0.000000,0.525125,0.500,5.000,1,1
1762883069.835588,STEP,2,-0.500000,0.500000,odom,2.400514,0.000000,0.524968,0.500,5.000,1,1
1762883069.856114,STEP,2,-0.500000,0.500000,odom,2.382133,0.000000,0.524968,0.500,5.000,1,1
1762883069.877145,STEP,2,-0.500000,0.500000,odom,2.382133,0.000000,0.524968,0.500,5.000,1,1
1762883069.895826,STEP,2,-0.500000,0.500000,odom,2.382133,0.000000,0.524968,0.500,5.000,1,1
1762883069.917106,STEP,2,-0.500000,0.500000,odom,2.382133,0.000000,0.524968,0.500,5.000,1,1
1762883069.937569,STEP,2,-0.500000,0.500000,odom,2.382133,0.000000,0.524968,0.500,5.000,1,1
1762883069.955619,STEP,2,-0.500000,0.500000,odom,2.382133,0.000000,0.524968,0.500,5.000,1,1
1762883069.975937,STEP,2,-0.500000,0.500000,odom,2.382133,0.000000,0.524968,0.500,5.000,1,1
1762883069.995998,STEP,2,-0.500000,0.500000,odom,2.382133,0.000000,0.524968,0.500,5.000,1,1
1762883070.016616,STEP,2,-0.500000,0.500000,odom,2.382133,0.000000,0.524759,0.500,5.000,1,1
1762883070.035812,STEP,2,-0.500000,0.500000,odom,2.382133,0.000000,0.524635,0.500,5.000,1,1
1762883070.055769,STEP,2,-0.500000,0.500000,odom,2.382133,0.000000,0.524635,0.500,5.000,1,1
1762883070.076336,STEP,2,-0.500000,0.500000,odom,2.382133,0.000000,0.524635,0.500,5.000,1,1
1762883070.096077,STEP,2,-0.500000,0.500000,odom,2.382133,0.000000,0.524635,0.500,5.000,1,1
1762883070.115574,STEP,2,-0.500000,0.500000,odom,2.382133,0.000000,0.524635,0.500,5.000,1,1
1762883070.135790,STEP,2,-0.500000,0.500000,odom,2.382133,0.000000,0.524635,0.500,5.000,1,1
1762883070.156012,STEP,2,-0.500000,0.500000,odom,2.382133,0.000000,0.524635,0.500,5.000,1,1
1762883070.175758,STEP,2,-0.500000,0.500000,odom,2.382133,0.000000,0.524635,0.500,5.000,1,1
1762883070.195877,STEP,2,-0.500000,0.500000,odom,2.363755,-0.459438,0.524361,0.500,5.000,1,1
1762883070.216135,STEP,2,-0.500000,0.500000,odom,2.363755,-0.459438,0.524322,0.500,5.000,1,1
1762883070.235597,STEP,2,-0.500000,0.500000,odom,2.363755,-0.321607,0.524322,0.500,5.000,1,1
1762883070.256468,STEP,2,-0.500000,0.500000,odom,2.363755,0.000000,0.524322,0.500,5.000,1,1
1762883070.276041,STEP,2,-0.500000,0.500000,odom,2.363755,0.000000,0.524322,0.500,5.000,1,1
1762883070.295810,STEP,2,-0.500000,0.500000,odom,2.363755,0.000000,0.524322,0.500,5.000,1,1
1762883070.315599,STEP,2,-0.500000,0.500000,odom,2.363755,0.000000,0.524322,0.500,5.000,1,1
1762883070.336214,STEP,2,-0.500000,0.500000,odom,2.363755,0.000000,0.524322,0.500,5.000,1,1
1762883070.355616,STEP,2,-0.500000,0.500000,odom,2.363755,0.000000,0.524322,0.500,5.000,1,1
1762883070.375417,STEP,2,-0.500000,0.500000,odom,2.363755,0.000000,0.524216,0.500,5.000,1,1
1762883070.397140,STEP,2,-0.500000,0.500000,odom,2.345382,-0.459332,0.524182,0.500,5.000,1,1
1762883070.416213,STEP,2,-0.500000,0.500000,odom,2.345382,-0.225073,0.524013,0.500,5.000,1,1
1762883070.436280,STEP,2,-0.500000,0.500000,odom,2.345382,0.000000,0.524013,0.500,5.000,1,1
1762883070.455576,STEP,2,-0.500000,0.500000,odom,2.345382,0.000000,0.524013,0.500,5.000,1,1
1762883070.476250,STEP,2,-0.500000,0.500000,odom,2.345382,0.000000,0.524013,0.500,5.000,1,1
1762883070.495622,STEP,2,-0.500000,0.500000,odom,2.345382,0.000000,0.524013,0.500,5.000,1,1
1762883070.515651,STEP,2,-0.500000,0.500000,odom,2.345382,0.000000,0.524013,0.500,5.000,1,1
1762883070.535642,STEP,2,-0.500000,0.500000,odom,2.345382,0.000000,0.524013,0.500,5.000,1,1
1762883070.556054,STEP,2,-0.500000,0.500000,odom,2.327011,-0.688892,0.523923,0.500,5.000,1,1
1762883070.575839,STEP,2,-0.500000,0.500000,odom,2.327011,-0.482225,0.523749,0.500,5.000,1,1
1762883070.595925,STEP,2,-0.500000,0.500000,odom,2.327011,-0.337557,0.523749,0.500,5.000,1,1
1762883070.615534,STEP,2,-0.500000,0.500000,odom,2.327011,-0.337557,0.523749,0.500,5.000,1,1
1762883070.635937,STEP,2,-0.500000,0.500000,odom,2.327011,0.000000,0.523749,0.500,5.000,1,1
1762883070.657711,STEP,2,-0.500000,0.500000,odom,2.327011,0.000000,0.523749,0.500,5.000,1,1
1762883070.675621,STEP,2,-0.500000,0.500000,odom,2.327011,0.000000,0.523749,0.500,5.000,1,1
1762883070.695601,STEP,2,-0.500000,0.500000,odom,2.327011,0.000000,0.523749,0.500,5.000,1,1
1762883070.716073,STEP,2,-0.500000,0.500000,odom,2.327011,0.000000,0.523749,0.500,5.000,1,1
1762883070.737863,STEP,2,-0.500000,0.500000,odom,2.327011,0.000000,0.523749,0.500,5.000,1,1
1762883070.755694,STEP,2,-0.500000,0.500000,odom,2.327011,0.000000,0.523749,0.500,5.000,1,1
1762883070.777603,STEP,2,-0.500000,0.500000,odom,2.327011,0.000000,0.523554,0.500,5.000,1,1
1762883070.796313,STEP,2,-0.500000,0.500000,odom,2.308643,-0.192861,0.523560,0.500,5.000,1,1
1762883070.816307,STEP,2,-0.500000,0.500000,odom,2.308643,0.000000,0.523560,0.500,5.000,1,1
1762883070.836055,STEP,2,-0.500000,0.500000,odom,2.308643,0.000000,0.523560,0.500,5.000,1,1
1762883070.858209,STEP,2,-0.500000,0.500000,odom,2.308643,0.000000,0.523560,0.500,5.000,1,1
1762883070.875963,STEP,2,-0.500000,0.500000,odom,2.308643,0.000000,0.523560,0.500,5.000,1,1
1762883070.895947,STEP,2,-0.500000,0.500000,odom,2.308643,0.000000,0.523560,0.500,5.000,1,1
1762883070.915939,STEP,2,-0.500000,0.500000,odom,2.308643,0.000000,0.523560,0.500,5.000,1,1
1762883070.935657,STEP,2,-0.500000,0.500000,odom,2.308643,0.000000,0.523528,0.500,5.000,1,1
1762883070.955645,STEP,2,-0.500000,0.500000,odom,2.290278,-0.275475,0.523425,0.500,5.000,1,1
1762883070.976326,STEP,2,-0.500000,0.500000,odom,2.290278,-0.275475,0.523425,0.500,5.000,1,1
1762883070.995972,STEP,2,-0.500000,0.500000,odom,2.290278,0.000000,0.523425,0.500,5.000,1,1
1762883071.016000,STEP,2,-0.500000,0.500000,odom,2.290278,0.000000,0.523425,0.500,5.000,1,1
1762883071.037872,STEP,2,-0.500000,0.500000,odom,2.290278,0.000000,0.523425,0.500,5.000,1,1
1762883071.055885,STEP,2,-0.500000,0.500000,odom,2.290278,0.000000,0.523425,0.500,5.000,1,1
1762883071.077445,STEP,2,-0.500000,0.500000,odom,2.290278,0.000000,0.523425,0.500,5.000,1,1
1762883071.095705,STEP,2,-0.500000,0.500000,odom,2.290278,0.000000,0.523425,0.500,5.000,1,1
1762883071.115788,STEP,2,-0.500000,0.500000,odom,2.290278,0.000000,0.523425,0.500,5.000,1,1
1762883071.135920,STEP,2,-0.500000,0.500000,odom,2.290278,0.000000,0.523328,0.500,5.000,1,1
1762883071.156509,STEP,2,-0.500000,0.500000,odom,2.290278,0.000000,0.523233,0.500,5.000,1,1
1762883071.177033,STEP,2,-0.500000,0.500000,odom,2.271917,-0.275421,0.523233,0.500,5.000,1,1
1762883071.195944,STEP,2,-0.500000,0.500000,odom,2.271917,0.000000,0.523233,0.500,5.000,1,1
1762883071.216013,STEP,2,-0.500000,0.500000,odom,2.271917,0.000000,0.523233,0.500,5.000,1,1
1762883071.235587,STEP,2,-0.500000,0.500000,odom,2.271917,0.000000,0.523233,0.500,5.000,1,1
1762883071.257090,STEP,2,-0.500000,0.500000,odom,2.271917,0.000000,0.523233,0.500,5.000,1,1
1762883071.275808,STEP,2,-0.500000,0.500000,odom,2.271917,0.000000,0.523233,0.500,5.000,1,1
1762883071.296068,STEP,2,-0.500000,0.500000,odom,2.271917,0.000000,0.523233,0.500,5.000,1,1
1762883071.315946,STEP,2,-0.500000,0.500000,odom,2.271917,0.000000,0.523233,0.500,5.000,1,1
1762883071.335796,STEP,2,-0.500000,0.500000,odom,2.253559,-0.275368,0.523150,0.500,5.000,1,1
1762883071.355851,STEP,2,-0.500000,0.500000,odom,2.253559,-0.192757,0.523150,0.500,5.000,1,1
1762883071.375764,STEP,2,-0.500000,0.500000,odom,2.253559,-0.192757,0.523150,0.500,5.000,1,1
1762883071.395672,STEP,2,-0.500000,0.500000,odom,2.253559,0.000000,0.523150,0.500,5.000,1,1
1762883071.416006,STEP,2,-0.500000,0.500000,odom,2.253559,0.000000,0.523150,0.500,5.000,1,1
1762883071.439056,STEP,2,-0.500000,0.500000,odom,2.253559,0.000000,0.523150,0.500,5.000,1,1
1762883071.455674,STEP,2,-0.500000,0.500000,odom,2.253559,0.000000,0.523150,0.500,5.000,1,1
1762883071.476960,STEP,2,-0.500000,0.500000,odom,2.253559,0.000000,0.523150,0.500,5.000,1,1
1762883071.495680,STEP,2,-0.500000,0.500000,odom,2.253559,0.000000,0.523150,0.500,5.000,1,1
1762883071.516081,STEP,2,-0.500000,0.500000,odom,2.253559,0.000000,0.523039,0.500,5.000,1,1
1762883071.535698,STEP,2,-0.500000,0.500000,odom,2.253559,0.000000,0.522905,0.500,5.000,1,1
1762883071.555804,STEP,2,-0.500000,0.500000,odom,2.235209,0.000000,0.522905,0.500,5.000,1,1
1762883071.575611,STEP,2,-0.500000,0.500000,odom,2.235209,0.000000,0.522905,0.500,5.000,1,1
1762883071.597692,STEP,2,-0.500000,0.500000,odom,2.235209,0.000000,0.522905,0.500,5.000,1,1
1762883071.615974,STEP,2,-0.500000,0.500000,odom,2.235209,0.000000,0.522905,0.500,5.000,1,1
1762883071.635669,STEP,2,-0.500000,0.500000,odom,2.235209,0.000000,0.522905,0.500,5.000,1,1
1762883071.656372,STEP,2,-0.500000,0.500000,odom,2.235209,0.000000,0.522905,0.500,5.000,1,1
1762883071.675722,STEP,2,-0.500000,0.500000,odom,2.235209,0.000000,0.522905,0.500,5.000,1,1
1762883071.695692,STEP,2,-0.500000,0.500000,odom,2.235209,0.000000,0.522724,0.500,5.000,1,1
1762883071.715766,STEP,2,-0.500000,0.500000,odom,2.216877,-0.343735,0.522429,0.500,5.000,1,1
1762883071.736256,STEP,2,-0.500000,0.500000,odom,2.216877,0.000000,0.522429,0.500,5.000,1,1
1762883071.755874,STEP,2,-0.500000,0.500000,odom,2.216877,0.000000,0.522429,0.500,5.000,1,1
1762883071.775820,STEP,2,-0.500000,0.500000,odom,2.216877,0.000000,0.522429,0.500,5.000,1,1
1762883071.796913,STEP,2,-0.500000,0.500000,odom,2.216877,0.000000,0.522429,0.500,5.000,1,1
1762883071.815594,STEP,2,-0.500000,0.500000,odom,2.216877,0.000000,0.522429,0.500,5.000,1,1
1762883071.835903,STEP,2,-0.500000,0.500000,odom,2.216877,0.000000,0.522429,0.500,5.000,1,1
1762883071.855557,STEP,2,-0.500000,0.500000,odom,2.216877,0.000000,0.522429,0.500,5.000,1,1
1762883071.876349,STEP,2,-0.500000,0.500000,odom,2.216877,0.000000,0.522429,0.500,5.000,1,1
1762883071.895813,STEP,2,-0.500000,0.500000,odom,2.216877,0.000000,0.522049,0.500,5.000,1,1
1762883071.915784,STEP,2,-0.500000,0.500000,odom,2.216877,0.000000,0.521877,0.500,5.000,1,1
1762883071.936044,STEP,2,-0.500000,0.500000,odom,2.198563,0.000000,0.521877,0.500,5.000,1,1
1762883071.955855,STEP,2,-0.500000,0.500000,odom,2.198563,0.000000,0.521877,0.500,5.000,1,1
1762883071.977442,STEP,2,-0.500000,0.500000,odom,2.198563,0.000000,0.521877,0.500,5.000,1,1
1762883071.997742,STEP,2,-0.500000,0.500000,odom,2.198563,0.000000,0.521877,0.500,5.000,1,1
1762883072.015599,STEP,2,-0.500000,0.500000,odom,2.198563,0.000000,0.521877,0.500,5.000,1,1
1762883072.036360,STEP,2,-0.500000,0.500000,odom,2.198563,0.000000,0.521877,0.500,5.000,1,1
1762883072.056020,STEP,2,-0.500000,0.500000,odom,2.198563,0.000000,0.521877,0.500,5.000,1,1
1762883072.075895,STEP,2,-0.500000,0.500000,odom,2.198563,0.000000,0.521611,0.500,5.000,1,1
1762883072.095839,STEP,2,-0.500000,0.500000,odom,2.180268,-0.343033,0.521466,0.500,5.000,1,1
1762883072.116265,STEP,2,-0.500000,0.500000,odom,2.180268,0.000000,0.521466,0.500,5.000,1,1
1762883072.135579,STEP,2,-0.500000,0.500000,odom,2.180268,0.000000,0.521466,0.500,5.000,1,1
1762883072.155576,STEP,2,-0.500000,0.500000,odom,2.180268,0.000000,0.521466,0.500,5.000,1,1
1762883072.177780,STEP,2,-0.500000,0.500000,odom,2.180268,0.000000,0.521466,0.500,5.000,1,1
1762883072.195941,STEP,2,-0.500000,0.500000,odom,2.180268,0.000000,0.521466,0.500,5.000,1,1
1762883072.216285,STEP,2,-0.500000,0.500000,odom,2.180268,0.000000,0.521466,0.500,5.000,1,1
1762883072.236288,STEP,2,-0.500000,0.500000,odom,2.180268,0.000000,0.521466,0.500,5.000,1,1
1762883072.255773,STEP,2,-0.500000,0.500000,odom,2.180268,0.000000,0.521213,0.500,5.000,1,1
1762883072.276122,STEP,2,-0.500000,0.500000,odom,2.180268,0.000000,0.520876,0.500,5.000,1,1
1762883072.295885,STEP,2,-0.500000,0.500000,odom,2.180268,0.000000,0.520762,0.500,5.000,1,1
1762883072.316133,STEP,2,-0.500000,0.500000,odom,2.180268,0.000000,0.520762,0.500,5.000,1,1
1762883072.335761,STEP,2,-0.500000,0.500000,odom,2.180268,0.000000,0.520762,0.500,5.000,1,1
1762883072.358098,STEP,2,-0.500000,0.500000,odom,2.180268,0.000000,0.520762,0.500,5.000,1,1
1762883072.375581,STEP,2,-0.500000,0.500000,odom,2.180268,0.000000,0.520762,0.500,5.000,1,1
1762883072.395901,STEP,2,-0.500000,0.500000,odom,2.180268,0.000000,0.520762,0.500,5.000,1,1
1762883072.415904,STEP,2,-0.500000,0.500000,odom,2.180268,0.000000,0.520762,0.500,5.000,1,1
1762883072.436838,STEP,2,-0.500000,0.500000,odom,2.180268,0.000000,0.520762,0.500,5.000,1,1
1762883072.455703,STEP,2,-0.500000,0.500000,odom,2.161991,-0.479767,0.520415,0.500,5.000,1,1
1762883072.475947,STEP,2,-0.500000,0.500000,odom,2.161991,-0.335837,0.520349,0.500,5.000,1,1
1762883072.496406,STEP,2,-0.500000,0.500000,odom,2.161991,0.000000,0.520349,0.500,5.000,1,1
1762883072.515619,STEP,2,-0.500000,0.500000,odom,2.161991,0.000000,0.520349,0.500,5.000,1,1
1762883072.535913,STEP,2,-0.500000,0.500000,odom,2.161991,0.000000,0.520349,0.500,5.000,1,1
1762883072.555882,STEP,2,-0.500000,0.500000,odom,2.161991,0.000000,0.520349,0.500,5.000,1,1
1762883072.575618,STEP,2,-0.500000,0.500000,odom,2.161991,0.000000,0.520349,0.500,5.000,1,1
1762883072.595706,STEP,2,-0.500000,0.500000,odom,2.161991,0.000000,0.520349,0.500,5.000,1,1
1762883072.615903,STEP,2,-0.500000,0.500000,odom,2.161991,0.000000,0.520349,0.500,5.000,1,1
1762883072.636318,STEP,2,-0.500000,0.500000,odom,2.143731,-0.342360,0.520032,0.500,5.000,1,1
1762883072.655807,STEP,2,-0.500000,0.500000,odom,2.143731,-0.342360,0.519892,0.500,5.000,1,1
1762883072.675926,STEP,2,-0.500000,0.500000,odom,2.143731,0.000000,0.519892,0.500,5.000,1,1
1762883072.695763,STEP,2,-0.500000,0.500000,odom,2.143731,0.000000,0.519892,0.500,5.000,1,1
1762883072.716137,STEP,2,-0.500000,0.500000,odom,2.143731,0.000000,0.519892,0.500,5.000,1,1
1762883072.736536,STEP,2,-0.500000,0.500000,odom,2.143731,0.000000,0.519892,0.500,5.000,1,1
1762883072.756335,STEP,2,-0.500000,0.500000,odom,2.143731,0.000000,0.519892,0.500,5.000,1,1
1762883072.776043,STEP,2,-0.500000,0.500000,odom,2.143731,0.000000,0.519892,0.500,5.000,1,1
1762883072.795640,STEP,2,-0.500000,0.500000,odom,2.143731,0.000000,0.519892,0.500,5.000,1,1
1762883072.815685,STEP,2,-0.500000,0.500000,odom,2.143731,0.000000,0.519801,0.500,5.000,1,1
1762883072.835818,STEP,2,-0.500000,0.500000,odom,2.125488,-0.478866,0.519541,0.500,5.000,1,1
1762883072.856050,STEP,2,-0.500000,0.500000,odom,2.125488,-0.478866,0.519433,0.500,5.000,1,1
1762883072.875923,STEP,2,-0.500000,0.500000,odom,2.125488,0.000000,0.519433,0.500,5.000,1,1
1762883072.896139,STEP,2,-0.500000,0.500000,odom,2.125488,0.000000,0.519433,0.500,5.000,1,1
1762883072.915647,STEP,2,-0.500000,0.500000,odom,2.125488,0.000000,0.519433,0.500,5.000,1,1
1762883072.936020,STEP,2,-0.500000,0.500000,odom,2.125488,0.000000,0.519433,0.500,5.000,1,1
1762883072.955549,STEP,2,-0.500000,0.500000,odom,2.125488,0.000000,0.519433,0.500,5.000,1,1
1762883072.975582,STEP,2,-0.500000,0.500000,odom,2.125488,0.000000,0.519433,0.500,5.000,1,1
1762883072.996053,STEP,2,-0.500000,0.500000,odom,2.125488,0.000000,0.519433,0.500,5.000,1,1
1762883073.015582,STEP,2,-0.500000,0.500000,odom,2.107257,-0.341811,0.519103,0.500,5.000,1,1
1762883073.035972,STEP,2,-0.500000,0.500000,odom,2.107257,-0.239268,0.518947,0.500,5.000,1,1
1762883073.055581,STEP,2,-0.500000,0.500000,odom,2.107257,-0.239268,0.518947,0.500,5.000,1,1
1762883073.075686,STEP,2,-0.500000,0.500000,odom,2.107257,0.000000,0.518947,0.500,5.000,1,1
1762883073.098175,STEP,2,-0.500000,0.500000,odom,2.107257,0.000000,0.518947,0.500,5.000,1,1
1762883073.116126,STEP,2,-0.500000,0.500000,odom,2.107257,0.000000,0.518947,0.500,5.000,1,1
1762883073.137119,STEP,2,-0.500000,0.500000,odom,2.107257,0.000000,0.518947,0.500,5.000,1,1
1762883073.155894,STEP,2,-0.500000,0.500000,odom,2.107257,0.000000,0.518947,0.500,5.000,1,1
1762883073.175765,STEP,2,-0.500000,0.500000,odom,2.107257,0.000000,0.518947,0.500,5.000,1,1
1762883073.195735,STEP,2,-0.500000,0.500000,odom,2.089033,-0.341685,0.518914,0.500,5.000,1,1
1762883073.216415,STEP,2,-0.500000,0.500000,odom,2.089033,-0.239179,0.518586,0.500,5.000,1,1
1762883073.236125,STEP,2,-0.500000,0.500000,odom,2.089033,0.000000,0.518586,0.500,5.000,1,1
1762883073.257628,STEP,2,-0.500000,0.500000,odom,2.089033,0.000000,0.518586,0.500,5.000,1,1
1762883073.275615,STEP,2,-0.500000,0.500000,odom,2.089033,0.000000,0.518586,0.500,5.000,1,1
1762883073.298127,STEP,2,-0.500000,0.500000,odom,2.089033,0.000000,0.518586,0.500,5.000,1,1
1762883073.315823,STEP,2,-0.500000,0.500000,odom,2.089033,0.000000,0.518586,0.500,5.000,1,1
1762883073.336125,STEP,2,-0.500000,0.500000,odom,2.089033,0.000000,0.518586,0.500,5.000,1,1
1762883073.356025,STEP,2,-0.500000,0.500000,odom,2.089033,0.000000,0.518586,0.500,5.000,1,1
1762883073.376092,STEP,2,-0.500000,0.500000,odom,2.089033,0.000000,0.518586,0.500,5.000,1,1
1762883073.395540,STEP,2,-0.500000,0.500000,odom,2.089033,0.000000,0.518400,0.500,5.000,1,1
1762883073.416057,STEP,2,-0.500000,0.500000,odom,2.070814,-0.191296,0.518334,0.500,5.000,1,1
1762883073.436050,STEP,2,-0.500000,0.500000,odom,2.070814,0.000000,0.518334,0.500,5.000,1,1
1762883073.455865,STEP,2,-0.500000,0.500000,odom,2.070814,0.000000,0.518334,0.500,5.000,1,1
1762883073.476012,STEP,2,-0.500000,0.500000,odom,2.070814,0.000000,0.518334,0.500,5.000,1,1
1762883073.495733,STEP,2,-0.500000,0.500000,odom,2.070814,0.000000,0.518334,0.500,5.000,1,1
1762883073.519071,STEP,2,-0.500000,0.500000,odom,2.070814,0.000000,0.518334,0.500,5.000,1,1
1762883073.536040,STEP,2,-0.500000,0.500000,odom,2.070814,0.000000,0.518334,0.500,5.000,1,1
1762883073.555785,STEP,2,-0.500000,0.500000,odom,2.070814,0.000000,0.518334,0.500,5.000,1,1
1762883073.575495,STEP,2,-0.500000,0.500000,odom,2.070814,0.000000,0.518277,0.500,5.000,1,1
1762883073.595515,STEP,2,-0.500000,0.500000,odom,2.052595,-0.273270,0.518145,0.500,5.000,1,1
1762883073.616138,STEP,2,-0.500000,0.500000,odom,2.052595,-0.191289,0.518145,0.500,5.000,1,1
1762883073.635861,STEP,2,-0.500000,0.500000,odom,2.052595,0.000000,0.518145,0.500,5.000,1,1
1762883073.655972,STEP,2,-0.500000,0.500000,odom,2.052595,0.000000,0.518145,0.500,5.000,1,1
1762883073.675586,STEP,2,-0.500000,0.500000,odom,2.052595,0.000000,0.518145,0.500,5.000,1,1
1762883073.695619,STEP,2,-0.500000,0.500000,odom,2.052595,0.000000,0.518145,0.500,5.000,1,1
1762883073.716089,STEP,2,-0.500000,0.500000,odom,2.052595,0.000000,0.518145,0.500,5.000,1,1
1762883073.735645,STEP,2,-0.500000,0.500000,odom,2.052595,0.000000,0.518145,0.500,5.000,1,1
1762883073.756214,STEP,2,-0.500000,0.500000,odom,2.052595,0.000000,0.518145,0.500,5.000,1,1
1762883073.775609,STEP,2,-0.500000,0.500000,odom,2.052595,0.000000,0.518070,0.500,5.000,1,1
1762883073.796015,STEP,2,-0.500000,0.500000,odom,2.034374,-0.455488,0.517915,0.500,5.000,1,1
1762883073.816176,STEP,2,-0.500000,0.500000,odom,2.034374,0.000000,0.517915,0.500,5.000,1,1
1762883073.835611,STEP,2,-0.500000,0.500000,odom,2.034374,0.000000,0.517915,0.500,5.000,1,1
1762883073.856061,STEP,2,-0.500000,0.500000,odom,2.034374,0.000000,0.517915,0.500,5.000,1,1
1762883073.875669,STEP,2,-0.500000,0.500000,odom,2.034374,0.000000,0.517915,0.500,5.000,1,1
1762883073.895596,STEP,2,-0.500000,0.500000,odom,2.034374,0.000000,0.517915,0.500,5.000,1,1
1762883073.915615,STEP,2,-0.500000,0.500000,odom,2.034374,0.000000,0.517915,0.500,5.000,1,1
1762883073.938217,STEP,2,-0.500000,0.500000,odom,2.034374,0.000000,0.517915,0.500,5.000,1,1
1762883073.955684,STEP,2,-0.500000,0.500000,odom,2.034374,0.000000,0.517750,0.500,5.000,1,1
1762883073.975998,STEP,2,-0.500000,0.500000,odom,2.016151,-0.341679,0.517789,0.500,5.000,1,1
1762883073.995864,STEP,2,-0.500000,0.500000,odom,2.016151,0.000000,0.517789,0.500,5.000,1,1
1762883074.015666,STEP,2,-0.500000,0.500000,odom,2.016151,0.000000,0.517789,0.500,5.000,1,1
1762883074.036021,STEP,2,-0.500000,0.500000,odom,2.016151,0.000000,0.517789,0.500,5.000,1,1
1762883074.055552,STEP,2,-0.500000,0.500000,odom,2.016151,0.000000,0.517789,0.500,5.000,1,1
1762883074.075588,STEP,2,-0.500000,0.500000,odom,2.016151,0.000000,0.517789,0.500,5.000,1,1
1762883074.096156,STEP,2,-0.500000,0.500000,odom,2.016151,0.000000,0.517789,0.500,5.000,1,1
1762883074.116642,STEP,2,-0.500000,0.500000,odom,2.016151,0.000000,0.517789,0.500,5.000,1,1
1762883074.136054,STEP,2,-0.500000,0.500000,odom,2.016151,0.000000,0.517726,0.500,5.000,1,1
1762883074.156170,STEP,2,-0.500000,0.500000,odom,2.016151,0.000000,0.517662,0.500,5.000,1,1
1762883074.175718,STEP,2,-0.500000,0.500000,odom,2.016151,0.000000,0.517724,0.500,5.000,1,1
1762883074.195756,STEP,2,-0.500000,0.500000,odom,1.997919,0.000000,0.517724,0.500,5.000,1,1
1762883074.216049,STEP,2,-0.500000,0.500000,odom,1.997919,0.000000,0.517724,0.500,5.000,1,1
1762883074.236015,STEP,2,-0.500000,0.500000,odom,1.997919,0.000000,0.517724,0.500,5.000,1,1
1762883074.260046,STEP,2,-0.500000,0.500000,odom,1.997919,0.000000,0.517724,0.500,5.000,1,1
1762883074.275605,STEP,2,-0.500000,0.500000,odom,1.997919,0.000000,0.517724,0.500,5.000,1,1
1762883074.296434,STEP,2,-0.500000,0.500000,odom,1.997919,0.000000,0.517724,0.500,5.000,1,1
1762883074.316213,STEP,2,-0.500000,0.500000,odom,1.997919,0.000000,0.517724,0.500,5.000,1,1
1762883074.335872,STEP,2,-0.500000,0.500000,odom,1.997919,0.000000,0.517779,0.500,5.000,1,1
1762883074.355711,STEP,2,-0.500000,0.500000,odom,1.997919,0.000000,0.517766,0.500,5.000,1,1
1762883074.375979,STEP,2,-0.500000,0.500000,odom,1.979675,0.000000,0.517766,0.500,5.000,1,1
1762883074.398199,STEP,2,-0.500000,0.500000,odom,1.979675,0.000000,0.517766,0.500,5.000,1,1
1762883074.416681,STEP,2,-0.500000,0.500000,odom,1.979675,0.000000,0.517766,0.500,5.000,1,1
1762883074.436464,STEP,2,-0.500000,0.500000,odom,1.979675,0.000000,0.517766,0.500,5.000,1,1
1762883074.458134,STEP,2,-0.500000,0.500000,odom,1.979675,0.000000,0.517766,0.500,5.000,1,1
1762883074.475580,STEP,2,-0.500000,0.500000,odom,1.979675,0.000000,0.517766,0.500,5.000,1,1
1762883074.495682,STEP,2,-0.500000,0.500000,odom,1.979675,0.000000,0.517766,0.500,5.000,1,1
1762883074.515824,STEP,2,-0.500000,0.500000,odom,1.979675,0.000000,0.517744,0.500,5.000,1,1
1762883074.535556,STEP,2,-0.500000,0.500000,odom,1.979675,0.000000,0.517882,0.500,5.000,1,1
1762883074.555738,STEP,2,-0.500000,0.500000,odom,1.979675,0.000000,0.517882,0.500,5.000,1,1
1762883074.575720,STEP,2,-0.500000,0.500000,odom,1.979675,0.000000,0.517882,0.500,5.000,1,1
1762883074.595683,STEP,2,-0.500000,0.500000,odom,1.979675,0.000000,0.517882,0.500,5.000,1,1
1762883074.617415,STEP,2,-0.500000,0.500000,odom,1.979675,0.000000,0.517882,0.500,5.000,1,1
1762883074.635662,STEP,2,-0.500000,0.500000,odom,1.979675,0.000000,0.517882,0.500,5.000,1,1
1762883074.655630,STEP,2,-0.500000,0.500000,odom,1.979675,0.000000,0.517882,0.500,5.000,1,1
1762883074.675936,STEP,2,-0.500000,0.500000,odom,1.979675,0.000000,0.517882,0.500,5.000,1,1
1762883074.696122,STEP,2,-0.500000,0.500000,odom,1.979675,0.000000,0.517979,0.500,5.000,1,1
1762883074.715790,STEP,2,-0.500000,0.500000,odom,1.961415,-0.319542,0.518090,0.500,5.000,1,1
1762883074.736261,STEP,2,-0.500000,0.500000,odom,1.961415,0.000000,0.518090,0.500,5.000,1,1
1762883074.756146,STEP,2,-0.500000,0.500000,odom,1.961415,0.000000,0.518090,0.500,5.000,1,1
1762883074.775947,STEP,2,-0.500000,0.500000,odom,1.961415,0.000000,0.518090,0.500,5.000,1,1
1762883074.795609,STEP,2,-0.500000,0.500000,odom,1.961415,0.000000,0.518090,0.500,5.000,1,1
1762883074.816072,STEP,2,-0.500000,0.500000,odom,1.961415,0.000000,0.518090,0.500,5.000,1,1
1762883074.836079,STEP,2,-0.500000,0.500000,odom,1.961415,0.000000,0.518090,0.500,5.000,1,1
1762883074.855612,STEP,2,-0.500000,0.500000,odom,1.961415,0.000000,0.518090,0.500,5.000,1,1
1762883074.876015,STEP,2,-0.500000,0.500000,odom,1.961415,0.000000,0.518116,0.500,5.000,1,1
1762883074.896286,STEP,2,-0.500000,0.500000,odom,1.961415,0.000000,0.518209,0.500,5.000,1,1
1762883074.915644,STEP,2,-0.500000,0.500000,odom,1.943141,-0.342637,0.518238,0.500,5.000,1,1
1762883074.936095,STEP,2,-0.500000,0.500000,odom,1.943141,0.000000,0.518238,0.500,5.000,1,1
1762883074.955723,STEP,2,-0.500000,0.500000,odom,1.943141,0.000000,0.518238,0.500,5.000,1,1
1762883074.976229,STEP,2,-0.500000,0.500000,odom,1.943141,0.000000,0.518238,0.500,5.000,1,1
1762883074.996289,STEP,2,-0.500000,0.500000,odom,1.943141,0.000000,0.518238,0.500,5.000,1,1
1762883075.015860,STEP,2,-0.500000,0.500000,odom,1.943141,0.000000,0.518238,0.500,5.000,1,1
1762883075.035702,STEP,2,-0.500000,0.500000,odom,1.943141,0.000000,0.518238,0.500,5.000,1,1
1762883075.056442,STEP,2,-0.500000,0.500000,odom,1.943141,0.000000,0.518238,0.500,5.000,1,1
1762883075.075531,STEP,2,-0.500000,0.500000,odom,1.943141,0.000000,0.518483,0.500,5.000,1,1
1762883075.095816,STEP,2,-0.500000,0.500000,odom,1.924853,-0.274313,0.518553,0.500,5.000,1,1
1762883075.115597,STEP,2,-0.500000,0.500000,odom,1.924853,-0.192019,0.518553,0.500,5.000,1,1
1762883075.135622,STEP,2,-0.500000,0.500000,odom,1.924853,0.000000,0.518553,0.500,5.000,1,1
1762883075.156348,STEP,2,-0.500000,0.500000,odom,1.924853,0.000000,0.518553,0.500,5.000,1,1
1762883075.176052,STEP,2,-0.500000,0.500000,odom,1.924853,0.000000,0.518553,0.500,5.000,1,1
1762883075.196322,STEP,2,-0.500000,0.500000,odom,1.924853,0.000000,0.518553,0.500,5.000,1,1
1762883075.215862,STEP,2,-0.500000,0.500000,odom,1.924853,0.000000,0.518553,0.500,5.000,1,1
1762883075.235689,STEP,2,-0.500000,0.500000,odom,1.924853,0.000000,0.518553,0.500,5.000,1,1
1762883075.255965,STEP,2,-0.500000,0.500000,odom,1.906551,-0.457545,0.518628,0.500,5.000,1,1
1762883075.275563,STEP,2,-0.500000,0.500000,odom,1.906551,-0.457545,0.518690,0.500,5.000,1,1
1762883075.295756,STEP,2,-0.500000,0.500000,odom,1.906551,-0.320282,0.518690,0.500,5.000,1,1
1762883075.315981,STEP,2,-0.500000,0.500000,odom,1.906551,0.000000,0.518690,0.500,5.000,1,1
1762883075.335791,STEP,2,-0.500000,0.500000,odom,1.906551,0.000000,0.518690,0.500,5.000,1,1
1762883075.355575,STEP,2,-0.500000,0.500000,odom,1.906551,0.000000,0.518690,0.500,5.000,1,1
1762883075.376211,STEP,2,-0.500000,0.500000,odom,1.906551,0.000000,0.518690,0.500,5.000,1,1
1762883075.396286,STEP,2,-0.500000,0.500000,odom,1.906551,0.000000,0.518690,0.500,5.000,1,1
1762883075.415600,STEP,2,-0.500000,0.500000,odom,1.906551,0.000000,0.518690,0.500,5.000,1,1
1762883075.435938,STEP,2,-0.500000,0.500000,odom,1.906551,0.000000,0.518775,0.500,5.000,1,1
1762883075.456029,STEP,2,-0.500000,0.500000,odom,1.888240,-0.343331,0.518912,0.500,5.000,1,1
1762883075.475917,STEP,2,-0.500000,0.500000,odom,1.888240,-0.240331,0.518909,0.500,5.000,1,1
1762883075.495871,STEP,2,-0.500000,0.500000,odom,1.888240,0.000000,0.518909,0.500,5.000,1,1
1762883075.515725,STEP,2,-0.500000,0.500000,odom,1.888240,0.000000,0.518909,0.500,5.000,1,1
1762883075.536019,STEP,2,-0.500000,0.500000,odom,1.888240,0.000000,0.518909,0.500,5.000,1,1
1762883075.555974,STEP,2,-0.500000,0.500000,odom,1.888240,0.000000,0.518909,0.500,5.000,1,1
1762883075.577068,STEP,2,-0.500000,0.500000,odom,1.888240,0.000000,0.518909,0.500,5.000,1,1
1762883075.595558,STEP,2,-0.500000,0.500000,odom,1.888240,0.000000,0.518909,0.500,5.000,1,1
1762883075.616217,STEP,2,-0.500000,0.500000,odom,1.888240,0.000000,0.518909,0.500,5.000,1,1
1762883075.636047,STEP,2,-0.500000,0.500000,odom,1.888240,0.000000,0.518862,0.500,5.000,1,1
1762883075.655560,STEP,2,-0.500000,0.500000,odom,1.869924,-0.274745,0.518894,0.500,5.000,1,1
1762883075.675804,STEP,2,-0.500000,0.500000,odom,1.869924,-0.192322,0.518894,0.500,5.000,1,1
1762883075.696034,STEP,2,-0.500000,0.500000,odom,1.869924,-0.192322,0.518894,0.500,5.000,1,1
1762883075.715843,STEP,2,-0.500000,0.500000,odom,1.869924,0.000000,0.518894,0.500,5.000,1,1
1762883075.736383,STEP,2,-0.500000,0.500000,odom,1.869924,0.000000,0.518894,0.500,5.000,1,1
1762883075.758160,STEP,2,-0.500000,0.500000,odom,1.869924,0.000000,0.518894,0.500,5.000,1,1
1762883075.776399,STEP,2,-0.500000,0.500000,odom,1.869924,0.000000,0.518894,0.500,5.000,1,1
1762883075.796091,STEP,2,-0.500000,0.500000,odom,1.869924,0.000000,0.518894,0.500,5.000,1,1
1762883075.815921,STEP,2,-0.500000,0.500000,odom,1.869924,0.000000,0.518939,0.500,5.000,1,1
1762883075.836325,STEP,2,-0.500000,0.500000,odom,1.869924,0.000000,0.518918,0.500,5.000,1,1
1762883075.855768,STEP,2,-0.500000,0.500000,odom,1.851604,-0.343499,0.518918,0.500,5.000,1,1
1762883075.876065,STEP,2,-0.500000,0.500000,odom,1.851604,0.000000,0.518918,0.500,5.000,1,1
1762883075.895690,STEP,2,-0.500000,0.500000,odom,1.851604,0.000000,0.518918,0.500,5.000,1,1
1762883075.915588,STEP,2,-0.500000,0.500000,odom,1.851604,0.000000,0.518918,0.500,5.000,1,1
1762883075.936353,STEP,2,-0.500000,0.500000,odom,1.851604,0.000000,0.518918,0.500,5.000,1,1
1762883075.956235,STEP,2,-0.500000,0.500000,odom,1.851604,0.000000,0.518918,0.500,5.000,1,1
1762883075.976092,STEP,2,-0.500000,0.500000,odom,1.851604,0.000000,0.518918,0.500,5.000,1,1
1762883075.995465,STEP,2,-0.500000,0.500000,odom,1.851604,0.000000,0.518831,0.500,5.000,1,1
1762883076.015739,STEP,2,-0.500000,0.500000,odom,1.833280,-0.274859,0.518757,0.500,5.000,1,1
1762883076.035880,STEP,2,-0.500000,0.500000,odom,1.833280,-0.192401,0.518782,0.500,5.000,1,1
1762883076.055837,STEP,2,-0.500000,0.500000,odom,1.833280,0.000000,0.518782,0.500,5.000,1,1
1762883076.076399,STEP,2,-0.500000,0.500000,odom,1.833280,0.000000,0.518782,0.500,5.000,1,1
1762883076.097353,STEP,2,-0.500000,0.500000,odom,1.833280,0.000000,0.518782,0.500,5.000,1,1
1762883076.115838,STEP,2,-0.500000,0.500000,odom,1.833280,0.000000,0.518782,0.500,5.000,1,1
1762883076.135840,STEP,2,-0.500000,0.500000,odom,1.833280,0.000000,0.518782,0.500,5.000,1,1
1762883076.155887,STEP,2,-0.500000,0.500000,odom,1.833280,0.000000,0.518782,0.500,5.000,1,1
1762883076.175744,STEP,2,-0.500000,0.500000,odom,1.833280,0.000000,0.518782,0.500,5.000,1,1
1762883076.195795,STEP,2,-0.500000,0.500000,odom,1.833280,0.000000,0.518782,0.500,5.000,1,1
1762883076.216028,STEP,2,-0.500000,0.500000,odom,1.814952,-0.274925,0.518806,0.500,5.000,1,1
1762883076.236261,STEP,2,-0.500000,0.500000,odom,1.814952,-0.192447,0.518808,0.500,5.000,1,1
1762883076.255770,STEP,2,-0.500000,0.500000,odom,1.814952,0.000000,0.518808,0.500,5.000,1,1
1762883076.275916,STEP,2,-0.500000,0.500000,odom,1.814952,0.000000,0.518808,0.500,5.000,1,1
1762883076.295593,STEP,2,-0.500000,0.500000,odom,1.814952,0.000000,0.518808,0.500,5.000,1,1
1762883076.315614,STEP,2,-0.500000,0.500000,odom,1.814952,0.000000,0.518808,0.500,5.000,1,1
1762883076.335639,STEP,2,-0.500000,0.500000,odom,1.814952,0.000000,0.518808,0.500,5.000,1,1
1762883076.355591,STEP,2,-0.500000,0.500000,odom,1.814952,0.000000,0.518808,0.500,5.000,1,1
1762883076.375751,STEP,2,-0.500000,0.500000,odom,1.814952,0.000000,0.518808,0.500,5.000,1,1
1762883076.395773,STEP,2,-0.500000,0.500000,odom,1.814952,0.000000,0.518766,0.500,5.000,1,1
1762883076.415699,STEP,2,-0.500000,0.500000,odom,1.814952,0.000000,0.518766,0.500,5.000,1,1
1762883076.435707,STEP,2,-0.500000,0.500000,odom,1.796622,-0.687420,0.518766,0.500,5.000,1,1
1762883076.456107,STEP,2,-0.500000,0.500000,odom,1.796622,0.000000,0.518766,0.500,5.000,1,1
1762883076.476018,STEP,2,-0.500000,0.500000,odom,1.796622,0.000000,0.518766,0.500,5.000,1,1
1762883076.495582,STEP,2,-0.500000,0.500000,odom,1.796622,0.000000,0.518766,0.500,5.000,1,1
1762883076.515939,STEP,2,-0.500000,0.500000,odom,1.796622,0.000000,0.518766,0.500,5.000,1,1
1762883076.536267,STEP,2,-0.500000,0.500000,odom,1.796622,0.000000,0.518766,0.500,5.000,1,1
1762883076.556213,STEP,2,-0.500000,0.500000,odom,1.796622,0.000000,0.518766,0.500,5.000,1,1
1762883076.575677,STEP,2,-0.500000,0.500000,odom,1.796622,0.000000,0.518734,0.500,5.000,1,1
1762883076.595719,STEP,2,-0.500000,0.500000,odom,1.796622,0.000000,0.518707,0.500,5.000,1,1
1762883076.616012,STEP,2,-0.500000,0.500000,odom,1.778289,-0.687483,0.518711,0.500,5.000,1,1
1762883076.635902,STEP,2,-0.500000,0.500000,odom,1.778289,0.000000,0.518711,0.500,5.000,1,1
1762883076.655698,STEP,2,-0.500000,0.500000,odom,1.778289,0.000000,0.518711,0.500,5.000,1,1
1762883076.675840,STEP,2,-0.500000,0.500000,odom,1.778289,0.000000,0.518711,0.500,5.000,1,1
1762883076.695855,STEP,2,-0.500000,0.500000,odom,1.778289,0.000000,0.518711,0.500,5.000,1,1
1762883076.718088,STEP,2,-0.500000,0.500000,odom,1.778289,0.000000,0.518711,0.500,5.000,1,1
1762883076.736042,STEP,2,-0.500000,0.500000,odom,1.778289,0.000000,0.518711,0.500,5.000,1,1
1762883076.756009,STEP,2,-0.500000,0.500000,odom,1.778289,0.000000,0.518711,0.500,5.000,1,1
1762883076.776070,STEP,2,-0.500000,0.500000,odom,1.778289,0.000000,0.518644,0.500,5.000,1,1
1762883076.795778,STEP,2,-0.500000,0.500000,odom,1.778289,0.000000,0.518596,0.500,5.000,1,1
1762883076.816252,STEP,2,-0.500000,0.500000,odom,1.778289,0.000000,0.518596,0.500,5.000,1,1
1762883076.836027,STEP,2,-0.500000,0.500000,odom,1.778289,0.000000,0.518596,0.500,5.000,1,1
1762883076.856080,STEP,2,-0.500000,0.500000,odom,1.778289,0.000000,0.518596,0.500,5.000,1,1
1762883076.876184,STEP,2,-0.500000,0.500000,odom,1.778289,0.000000,0.518596,0.500,5.000,1,1
1762883076.896102,STEP,2,-0.500000,0.500000,odom,1.778289,0.000000,0.518596,0.500,5.000,1,1
1762883076.915691,STEP,2,-0.500000,0.500000,odom,1.778289,0.000000,0.518596,0.500,5.000,1,1
1762883076.936037,STEP,2,-0.500000,0.500000,odom,1.778289,0.000000,0.518596,0.500,5.000,1,1
1762883076.955811,STEP,2,-0.500000,0.500000,odom,1.759954,-0.458398,0.518623,0.500,5.000,1,1
1762883076.975775,STEP,2,-0.500000,0.500000,odom,1.759954,-0.320878,0.518680,0.500,5.000,1,1
1762883076.996008,STEP,2,-0.500000,0.500000,odom,1.759954,-0.224615,0.518680,0.500,5.000,1,1
1762883077.015859,STEP,2,-0.500000,0.500000,odom,1.759954,-0.224615,0.518680,0.500,5.000,1,1
1762883077.035727,STEP,2,-0.500000,0.500000,odom,1.759954,0.000000,0.518680,0.500,5.000,1,1
1762883077.056076,STEP,2,-0.500000,0.500000,odom,1.759954,0.000000,0.518680,0.500,5.000,1,1
1762883077.076056,STEP,2,-0.500000,0.500000,odom,1.759954,0.000000,0.518680,0.500,5.000,1,1
1762883077.095640,STEP,2,-0.500000,0.500000,odom,1.759954,0.000000,0.518680,0.500,5.000,1,1
1762883077.115643,STEP,2,-0.500000,0.500000,odom,1.759954,0.000000,0.518680,0.500,5.000,1,1
1762883077.136017,STEP,2,-0.500000,0.500000,odom,1.741612,-0.687824,0.518729,0.500,5.000,1,1
1762883077.155385,STEP,2,-0.500000,0.500000,odom,1.741612,-0.687824,0.518701,0.500,5.000,1,1
1762883077.175616,STEP,2,-0.500000,0.500000,odom,1.741612,-0.481477,0.518662,0.500,5.000,1,1
1762883077.195787,STEP,2,-0.500000,0.500000,odom,1.741612,0.000000,0.518662,0.500,5.000,1,1
1762883077.216168,STEP,2,-0.500000,0.500000,odom,1.741612,0.000000,0.518662,0.500,5.000,1,1
1762883077.235681,STEP,2,-0.500000,0.500000,odom,1.741612,0.000000,0.518662,0.500,5.000,1,1
1762883077.255714,STEP,2,-0.500000,0.500000,odom,1.741612,0.000000,0.518662,0.500,5.000,1,1
1762883077.275633,STEP,2,-0.500000,0.500000,odom,1.741612,0.000000,0.518662,0.500,5.000,1,1
1762883077.299449,STEP,2,-0.500000,0.500000,odom,1.741612,0.000000,0.518662,0.500,5.000,1,1
1762883077.315849,STEP,2,-0.500000,0.500000,odom,1.741612,0.000000,0.518662,0.500,5.000,1,1
1762883077.339062,STEP,2,-0.500000,0.500000,odom,1.723266,-0.458664,0.518719,0.500,5.000,1,1
1762883077.355797,STEP,2,-0.500000,0.500000,odom,1.723266,-0.321065,0.518709,0.500,5.000,1,1
1762883077.375891,STEP,2,-0.500000,0.500000,odom,1.723266,0.000000,0.518709,0.500,5.000,1,1
1762883077.395875,STEP,2,-0.500000,0.500000,odom,1.723266,0.000000,0.518709,0.500,5.000,1,1
1762883077.415564,STEP,2,-0.500000,0.500000,odom,1.723266,0.000000,0.518709,0.500,5.000,1,1
1762883077.435974,STEP,2,-0.500000,0.500000,odom,1.723266,0.000000,0.518709,0.500,5.000,1,1
1762883077.456115,STEP,2,-0.500000,0.500000,odom,1.723266,0.000000,0.518709,0.500,5.000,1,1
1762883077.475589,STEP,2,-0.500000,0.500000,odom,1.723266,0.000000,0.518709,0.500,5.000,1,1
1762883077.495743,STEP,2,-0.500000,0.500000,odom,1.723266,0.000000,0.518709,0.500,5.000,1,1
1762883077.516041,STEP,2,-0.500000,0.500000,odom,1.723266,0.000000,0.518709,0.500,5.000,1,1
1762883077.535942,STEP,2,-0.500000,0.500000,odom,1.723266,0.000000,0.518679,0.500,5.000,1,1
1762883077.555854,STEP,2,-0.500000,0.500000,odom,1.704916,-0.192687,0.518646,0.500,5.000,1,1
1762883077.576126,STEP,2,-0.500000,0.500000,odom,1.704916,0.000000,0.518646,0.500,5.000,1,1
1762883077.595799,STEP,2,-0.500000,0.500000,odom,1.704916,0.000000,0.518646,0.500,5.000,1,1
1762883077.616069,STEP,2,-0.500000,0.500000,odom,1.704916,0.000000,0.518646,0.500,5.000,1,1
1762883077.635839,STEP,2,-0.500000,0.500000,odom,1.704916,0.000000,0.518646,0.500,5.000,1,1
1762883077.655512,STEP,2,-0.500000,0.500000,odom,1.704916,0.000000,0.518646,0.500,5.000,1,1
1762883077.675870,STEP,2,-0.500000,0.500000,odom,1.704916,0.000000,0.518646,0.500,5.000,1,1
1762883077.695920,STEP,2,-0.500000,0.500000,odom,1.704916,0.000000,0.518646,0.500,5.000,1,1
1762883077.715835,STEP,2,-0.500000,0.500000,odom,1.704916,0.000000,0.518650,0.500,5.000,1,1
1762883077.735436,STEP,2,-0.500000,0.500000,odom,1.686562,-0.229424,0.518645,0.500,5.000,1,1
1762883077.755919,STEP,2,-0.500000,0.500000,odom,1.686562,-0.160597,0.518645,0.500,5.000,1,1
1762883077.775689,STEP,2,-0.500000,0.500000,odom,1.686562,-0.160597,0.518645,0.500,5.000,1,1
1762883077.796020,STEP,2,-0.500000,0.500000,odom,1.686562,0.000000,0.518645,0.500,5.000,1,1
1762883077.816173,STEP,2,-0.500000,0.500000,odom,1.686562,0.000000,0.518645,0.500,5.000,1,1
1762883077.835796,STEP,2,-0.500000,0.500000,odom,1.686562,0.000000,0.518645,0.500,5.000,1,1
1762883077.858062,STEP,2,-0.500000,0.500000,odom,1.686562,0.000000,0.518645,0.500,5.000,1,1
1762883077.876111,STEP,2,-0.500000,0.500000,odom,1.686562,0.000000,0.518645,0.500,5.000,1,1
1762883077.895667,STEP,2,-0.500000,0.500000,odom,1.686562,0.000000,0.518602,0.500,5.000,1,1
1762883077.915893,STEP,2,-0.500000,0.500000,odom,1.686562,0.000000,0.518598,0.500,5.000,1,1
1762883077.936047,STEP,2,-0.500000,0.500000,odom,1.668209,-0.240898,0.518567,0.500,5.000,1,1
1762883077.956367,STEP,2,-0.500000,0.500000,odom,1.668209,0.000000,0.518567,0.500,5.000,1,1
1762883077.977080,STEP,2,-0.500000,0.500000,odom,1.668209,0.000000,0.518567,0.500,5.000,1,1
1762883077.995617,STEP,2,-0.500000,0.500000,odom,1.668209,0.000000,0.518567,0.500,5.000,1,1
1762883078.015697,STEP,2,-0.500000,0.500000,odom,1.668209,0.000000,0.518567,0.500,5.000,1,1
1762883078.037261,STEP,2,-0.500000,0.500000,odom,1.668209,0.000000,0.518567,0.500,5.000,1,1
1762883078.056736,STEP,2,-0.500000,0.500000,odom,1.668209,0.000000,0.518567,0.500,5.000,1,1
1762883078.076237,STEP,2,-0.500000,0.500000,odom,1.668209,0.000000,0.518567,0.500,5.000,1,1
1762883078.095681,STEP,2,-0.500000,0.500000,odom,1.668209,0.000000,0.518554,0.500,5.000,1,1
1762883078.115875,STEP,2,-0.500000,0.500000,odom,1.649856,-0.344120,0.518525,0.500,5.000,1,1
1762883078.135742,STEP,2,-0.500000,0.500000,odom,1.649856,-0.240884,0.518525,0.500,5.000,1,1
1762883078.155822,STEP,2,-0.500000,0.500000,odom,1.649856,0.000000,0.518525,0.500,5.000,1,1
1762883078.175812,STEP,2,-0.500000,0.500000,odom,1.649856,0.000000,0.518525,0.500,5.000,1,1
1762883078.196098,STEP,2,-0.500000,0.500000,odom,1.649856,0.000000,0.518525,0.500,5.000,1,1
1762883078.215583,STEP,2,-0.500000,0.500000,odom,1.649856,0.000000,0.518525,0.500,5.000,1,1
1762883078.235868,STEP,2,-0.500000,0.500000,odom,1.649856,0.000000,0.518525,0.500,5.000,1,1
1762883078.256225,STEP,2,-0.500000,0.500000,odom,1.649856,0.000000,0.518525,0.500,5.000,1,1
1762883078.275613,STEP,2,-0.500000,0.500000,odom,1.649856,0.000000,0.518525,0.500,5.000,1,1
1762883078.295631,STEP,2,-0.500000,0.500000,odom,1.649856,0.000000,0.518487,0.500,5.000,1,1
1762883078.316169,STEP,2,-0.500000,0.500000,odom,1.631504,-0.344117,0.518479,0.500,5.000,1,1
1762883078.336423,STEP,2,-0.500000,0.500000,odom,1.631504,0.000000,0.518479,0.500,5.000,1,1
1762883078.356024,STEP,2,-0.500000,0.500000,odom,1.631504,0.000000,0.518479,0.500,5.000,1,1
1762883078.375884,STEP,2,-0.500000,0.500000,odom,1.631504,0.000000,0.518479,0.500,5.000,1,1
1762883078.396418,STEP,2,-0.500000,0.500000,odom,1.631504,0.000000,0.518479,0.500,5.000,1,1
1762883078.416311,STEP,2,-0.500000,0.500000,odom,1.631504,0.000000,0.518479,0.500,5.000,1,1
1762883078.435583,STEP,2,-0.500000,0.500000,odom,1.631504,0.000000,0.518479,0.500,5.000,1,1
1762883078.455955,STEP,2,-0.500000,0.500000,odom,1.631504,0.000000,0.518479,0.500,5.000,1,1
1762883078.475999,STEP,2,-0.500000,0.500000,odom,1.631504,0.000000,0.518409,0.500,5.000,1,1
1762883078.495991,STEP,2,-0.500000,0.500000,odom,1.631504,0.000000,0.518339,0.500,5.000,1,1
1762883078.516013,STEP,2,-0.500000,0.500000,odom,1.613152,0.000000,0.518339,0.500,5.000,1,1
1762883078.535853,STEP,2,-0.500000,0.500000,odom,1.613152,0.000000,0.518339,0.500,5.000,1,1
1762883078.555817,STEP,2,-0.500000,0.500000,odom,1.613152,0.000000,0.518339,0.500,5.000,1,1
1762883078.576065,STEP,2,-0.500000,0.500000,odom,1.613152,0.000000,0.518339,0.500,5.000,1,1
1762883078.595576,STEP,2,-0.500000,0.500000,odom,1.613152,0.000000,0.518339,0.500,5.000,1,1
1762883078.615940,STEP,2,-0.500000,0.500000,odom,1.613152,0.000000,0.518339,0.500,5.000,1,1
1762883078.636728,STEP,2,-0.500000,0.500000,odom,1.613152,0.000000,0.518339,0.500,5.000,1,1
1762883078.656058,STEP,2,-0.500000,0.500000,odom,1.613152,0.000000,0.518228,0.500,5.000,1,1
1762883078.676415,STEP,2,-0.500000,0.500000,odom,1.613152,0.000000,0.518080,0.500,5.000,1,1
1762883078.696440,STEP,2,-0.500000,0.500000,odom,1.594802,-0.240861,0.518080,0.500,5.000,1,1
1762883078.715640,STEP,2,-0.500000,0.500000,odom,1.594802,0.000000,0.518080,0.500,5.000,1,1
1762883078.736135,STEP,2,-0.500000,0.500000,odom,1.594802,0.000000,0.518080,0.500,5.000,1,1
1762883078.756521,STEP,2,-0.500000,0.500000,odom,1.594802,0.000000,0.518080,0.500,5.000,1,1
1762883078.776183,STEP,2,-0.500000,0.500000,odom,1.594802,0.000000,0.518080,0.500,5.000,1,1
1762883078.795574,STEP,2,-0.500000,0.500000,odom,1.594802,0.000000,0.518080,0.500,5.000,1,1
1762883078.816032,STEP,2,-0.500000,0.500000,odom,1.594802,0.000000,0.518080,0.500,5.000,1,1
1762883078.835824,STEP,2,-0.500000,0.500000,odom,1.594802,0.000000,0.517995,0.500,5.000,1,1
1762883078.855864,STEP,2,-0.500000,0.500000,odom,1.594802,0.000000,0.518044,0.500,5.000,1,1
1762883078.875715,STEP,2,-0.500000,0.500000,odom,1.576449,-0.688229,0.517990,0.500,5.000,1,1
1762883078.896366,STEP,2,-0.500000,0.500000,odom,1.576449,0.000000,0.517990,0.500,5.000,1,1
1762883078.916023,STEP,2,-0.500000,0.500000,odom,1.576449,0.000000,0.517990,0.500,5.000,1,1
1762883078.937359,STEP,2,-0.500000,0.500000,odom,1.576449,0.000000,0.517990,0.500,5.000,1,1
1762883078.955658,STEP,2,-0.500000,0.500000,odom,1.576449,0.000000,0.517990,0.500,5.000,1,1
1762883078.975863,STEP,2,-0.500000,0.500000,odom,1.576449,0.000000,0.517990,0.500,5.000,1,1
1762883078.995917,STEP,2,-0.500000,0.500000,odom,1.576449,0.000000,0.517990,0.500,5.000,1,1
1762883079.018728,STEP,2,-0.500000,0.500000,odom,1.576449,0.000000,0.517990,0.500,5.000,1,1
1762883079.035734,STEP,2,-0.500000,0.500000,odom,1.576449,0.000000,0.517971,0.500,5.000,1,1
1762883079.055668,STEP,2,-0.500000,0.500000,odom,1.576449,0.000000,0.517857,0.500,5.000,1,1
1762883079.075912,STEP,2,-0.500000,0.500000,odom,1.576449,0.000000,0.517857,0.500,5.000,1,1
1762883079.095944,STEP,2,-0.500000,0.500000,odom,1.576449,0.000000,0.517857,0.500,5.000,1,1
1762883079.115949,STEP,2,-0.500000,0.500000,odom,1.576449,0.000000,0.517857,0.500,5.000,1,1
1762883079.136055,STEP,2,-0.500000,0.500000,odom,1.576449,0.000000,0.517857,0.500,5.000,1,1
1762883079.155813,STEP,2,-0.500000,0.500000,odom,1.576449,0.000000,0.517857,0.500,5.000,1,1
1762883079.175902,STEP,2,-0.500000,0.500000,odom,1.576449,0.000000,0.517857,0.500,5.000,1,1
1762883079.195652,STEP,2,-0.500000,0.500000,odom,1.576449,0.000000,0.517857,0.500,5.000,1,1
1762883079.215683,STEP,2,-0.500000,0.500000,odom,1.576449,0.000000,0.517857,0.500,5.000,1,1
1762883079.235905,STEP,2,-0.500000,0.500000,odom,1.558094,-0.344169,0.517749,0.500,5.000,1,1
1762883079.255625,STEP,2,-0.500000,0.500000,odom,1.558094,-0.240919,0.517667,0.500,5.000,1,1
1762883079.275903,STEP,2,-0.500000,0.500000,odom,1.558094,0.000000,0.517667,0.500,5.000,1,1
1762883079.295806,STEP,2,-0.500000,0.500000,odom,1.558094,0.000000,0.517667,0.500,5.000,1,1
1762883079.315657,STEP,2,-0.500000,0.500000,odom,1.558094,0.000000,0.517667,0.500,5.000,1,1
1762883079.335601,STEP,2,-0.500000,0.500000,odom,1.558094,0.000000,0.517667,0.500,5.000,1,1
1762883079.359302,STEP,2,-0.500000,0.500000,odom,1.558094,0.000000,0.517667,0.500,5.000,1,1
1762883079.375877,STEP,2,-0.500000,0.500000,odom,1.558094,0.000000,0.517667,0.500,5.000,1,1
1762883079.395889,STEP,2,-0.500000,0.500000,odom,1.558094,0.000000,0.517667,0.500,5.000,1,1
1762883079.415883,STEP,2,-0.500000,0.500000,odom,1.539738,-0.344176,0.517620,0.500,5.000,1,1
1762883079.435679,STEP,2,-0.500000,0.500000,odom,1.539738,-0.344176,0.517625,0.500,5.000,1,1
1762883079.455710,STEP,2,-0.500000,0.500000,odom,1.539738,0.000000,0.517625,0.500,5.000,1,1
1762883079.476175,STEP,2,-0.500000,0.500000,odom,1.539738,0.000000,0.517625,0.500,5.000,1,1
1762883079.495757,STEP,2,-0.500000,0.500000,odom,1.539738,0.000000,0.517625,0.500,5.000,1,1
1762883079.516205,STEP,2,-0.500000,0.500000,odom,1.539738,0.000000,0.517625,0.500,5.000,1,1
1762883079.539087,STEP,2,-0.500000,0.500000,odom,1.539738,0.000000,0.517625,0.500,5.000,1,1
1762883079.556473,STEP,2,-0.500000,0.500000,odom,1.539738,0.000000,0.517625,0.500,5.000,1,1
1762883079.576176,STEP,2,-0.500000,0.500000,odom,1.539738,0.000000,0.517625,0.500,5.000,1,1
1762883079.596383,STEP,2,-0.500000,0.500000,odom,1.539738,0.000000,0.517573,0.500,5.000,1,1
1762883079.616075,STEP,2,-0.500000,0.500000,odom,1.521383,-0.321230,0.517461,0.500,5.000,1,1
1762883079.635834,STEP,2,-0.500000,0.500000,odom,1.521383,-0.321230,0.517461,0.500,5.000,1,1
1762883079.655661,STEP,2,-0.500000,0.500000,odom,1.521383,0.000000,0.517461,0.500,5.000,1,1
1762883079.676077,STEP,2,-0.500000,0.500000,odom,1.521383,0.000000,0.517461,0.500,5.000,1,1
1762883079.696257,STEP,2,-0.500000,0.500000,odom,1.521383,0.000000,0.517461,0.500,5.000,1,1
1762883079.719068,STEP,2,-0.500000,0.500000,odom,1.521383,0.000000,0.517461,0.500,5.000,1,1
1762883079.736858,STEP,2,-0.500000,0.500000,odom,1.521383,0.000000,0.517461,0.500,5.000,1,1
1762883079.756136,STEP,2,-0.500000,0.500000,odom,1.521383,0.000000,0.517461,0.500,5.000,1,1
1762883079.775978,STEP,2,-0.500000,0.500000,odom,1.521383,0.000000,0.517475,0.500,5.000,1,1
1762883079.796019,STEP,2,-0.500000,0.500000,odom,1.521383,0.000000,0.517376,0.500,5.000,1,1
1762883079.815696,STEP,2,-0.500000,0.500000,odom,1.503029,-0.240898,0.517374,0.500,5.000,1,1
1762883079.835665,STEP,2,-0.500000,0.500000,odom,1.503029,-0.240898,0.517374,0.500,5.000,1,1
1762883079.856216,STEP,2,-0.500000,0.500000,odom,1.503029,0.000000,0.517374,0.500,5.000,1,1
1762883079.877083,STEP,2,-0.500000,0.500000,odom,1.503029,0.000000,0.517374,0.500,5.000,1,1
1762883079.896069,STEP,2,-0.500000,0.500000,odom,1.503029,0.000000,0.517374,0.500,5.000,1,1
1762883079.915975,STEP,2,-0.500000,0.500000,odom,1.503029,0.000000,0.517374,0.500,5.000,1,1
1762883079.935642,STEP,2,-0.500000,0.500000,odom,1.503029,0.000000,0.517374,0.500,5.000,1,1
1762883079.955461,STEP,2,-0.500000,0.500000,odom,1.503029,0.000000,0.517304,0.500,5.000,1,1
1762883079.975593,STEP,2,-0.500000,0.500000,odom,1.484677,-0.275280,0.517123,0.500,5.000,1,1
1762883079.995769,STEP,2,-0.500000,0.500000,odom,1.484677,0.000000,0.517123,0.500,5.000,1,1
1762883080.016072,STEP,2,-0.500000,0.500000,odom,1.484677,0.000000,0.517123,0.500,5.000,1,1
1762883080.036238,STEP,2,-0.500000,0.500000,odom,1.484677,0.000000,0.517123,0.500,5.000,1,1
1762883080.055586,STEP,2,-0.500000,0.500000,odom,1.484677,0.000000,0.517123,0.500,5.000,1,1
1762883080.075671,STEP,2,-0.500000,0.500000,odom,1.484677,0.000000,0.517123,0.500,5.000,1,1
1762883080.096326,STEP,2,-0.500000,0.500000,odom,1.484677,0.000000,0.517123,0.500,5.000,1,1
1762883081.156294,STEP,3,0.000000,-0.000000,odom,1.381715,0.000000,0.329474,0.500,5.000,1,1
1762883081.175989,STEP,3,0.000000,-0.000000,odom,1.381715,0.000000,0.329474,0.500,5.000,1,1
1762883081.196343,STEP,3,0.000000,-0.000000,odom,1.381715,0.000000,0.329474,0.500,5.000,1,1
1762883081.216157,STEP,3,0.000000,-0.000000,odom,1.381715,0.000000,0.329474,0.500,5.000,1,1
1762883081.235717,STEP,3,0.000000,-0.000000,odom,1.381715,0.000000,0.329474,0.500,5.000,1,1
1762883081.259551,STEP,3,0.000000,-0.000000,odom,1.381715,0.000000,0.329474,0.500,5.000,1,1
1762883081.276071,STEP,3,0.000000,-0.000000,odom,1.381715,0.000000,0.329474,0.500,5.000,1,1
1762883081.295807,STEP,3,0.000000,-0.000000,odom,1.381715,0.000000,0.282963,0.500,5.000,1,1
1762883081.315598,STEP,3,0.000000,-0.000000,odom,1.381715,0.000000,0.241003,0.500,5.000,1,1
1762883081.335638,STEP,3,0.000000,-0.000000,odom,1.381715,0.000000,0.241003,0.500,5.000,1,1
1762883081.358611,STEP,3,0.000000,-0.000000,odom,1.381715,0.000000,0.241003,0.500,5.000,1,1
1762883081.375811,STEP,3,0.000000,-0.000000,odom,1.381715,0.000000,0.241003,0.500,5.000,1,1
1762883081.395591,STEP,3,0.000000,-0.000000,odom,1.381715,0.000000,0.241003,0.500,5.000,1,1
1762883081.415892,STEP,3,0.000000,-0.000000,odom,1.381715,0.000000,0.241003,0.500,5.000,1,1
1762883081.437248,STEP,3,0.000000,-0.000000,odom,1.381715,0.000000,0.241003,0.500,5.000,1,1
1762883081.456174,STEP,3,0.000000,-0.000000,odom,1.381715,0.000000,0.241003,0.500,5.000,1,1
1762883081.476006,STEP,3,0.000000,-0.000000,odom,1.372682,-0.225840,0.221831,0.500,5.000,1,1
1762883081.495878,STEP,3,0.000000,-0.000000,odom,1.372682,-0.225840,0.186895,0.500,5.000,1,1
1762883081.516143,STEP,3,0.000000,-0.000000,odom,1.372682,-0.110661,0.186895,0.500,5.000,1,1
1762883081.535614,STEP,3,0.000000,-0.000000,odom,1.372682,0.000000,0.186895,0.500,5.000,1,1
1762883081.555973,STEP,3,0.000000,-0.000000,odom,1.372682,0.000000,0.186895,0.500,5.000,1,1
1762883081.578134,STEP,3,0.000000,-0.000000,odom,1.372682,0.000000,0.186895,0.500,5.000,1,1
1762883081.595953,STEP,3,0.000000,-0.000000,odom,1.372682,0.000000,0.186895,0.500,5.000,1,1
1762883081.616352,STEP,3,0.000000,-0.000000,odom,1.372682,0.000000,0.186895,0.500,5.000,1,1
1762883081.635753,STEP,3,0.000000,-0.000000,odom,1.372682,0.000000,0.186895,0.500,5.000,1,1
1762883081.655599,STEP,3,0.000000,-0.000000,odom,1.372682,0.000000,0.186895,0.500,5.000,1,1
1762883081.675936,STEP,3,0.000000,-0.000000,odom,1.372682,0.000000,0.156512,0.500,5.000,1,1
1762883081.695733,STEP,3,0.000000,-0.000000,odom,1.366556,-0.091901,0.130275,0.500,5.000,1,1
1762883081.716789,STEP,3,0.000000,-0.000000,odom,1.366556,-0.064331,0.118587,0.500,5.000,1,1
1762883081.735650,STEP,3,0.000000,-0.000000,odom,1.366556,-0.064331,0.118587,0.500,5.000,1,1
1762883081.756284,STEP,3,0.000000,-0.000000,odom,1.366556,0.000000,0.118587,0.500,5.000,1,1
1762883081.776138,STEP,3,0.000000,-0.000000,odom,1.366556,0.000000,0.118587,0.500,5.000,1,1
1762883081.795662,STEP,3,0.000000,-0.000000,odom,1.366556,0.000000,0.118587,0.500,5.000,1,1
1762883081.815609,STEP,3,0.000000,-0.000000,odom,1.366556,0.000000,0.118587,0.500,5.000,1,1
1762883081.835804,STEP,3,0.000000,-0.000000,odom,1.366556,0.000000,0.118587,0.500,5.000,1,1
1762883081.855674,STEP,3,0.000000,-0.000000,odom,1.366556,0.000000,0.118587,0.500,5.000,1,1
1762883081.875882,STEP,3,0.000000,-0.000000,odom,1.366556,0.000000,0.118587,0.500,5.000,1,1
1762883081.895578,STEP,3,0.000000,-0.000000,odom,1.366556,0.000000,0.087908,0.500,5.000,1,1
1762883081.915964,STEP,3,0.000000,-0.000000,odom,1.362544,-0.042122,0.079197,0.500,5.000,1,1
1762883081.935729,STEP,3,0.000000,-0.000000,odom,1.362544,0.000000,0.079197,0.500,5.000,1,1
1762883081.955856,STEP,3,0.000000,-0.000000,odom,1.362544,0.000000,0.079197,0.500,5.000,1,1
1762883081.976103,STEP,3,0.000000,-0.000000,odom,1.362544,0.000000,0.079197,0.500,5.000,1,1
1762883081.995601,STEP,3,0.000000,-0.000000,odom,1.362544,0.000000,0.079197,0.500,5.000,1,1
1762883082.015569,STEP,3,0.000000,-0.000000,odom,1.362544,0.000000,0.079197,0.500,5.000,1,1
1762883082.035717,STEP,3,0.000000,-0.000000,odom,1.362544,0.000000,0.079197,0.500,5.000,1,1
1762883082.056318,STEP,3,0.000000,-0.000000,odom,1.362544,0.000000,0.079197,0.500,5.000,1,1
1762883082.075996,STEP,3,0.000000,-0.000000,odom,1.360038,-0.037608,0.056498,0.500,5.000,1,1
1762883082.095618,STEP,3,0.000000,-0.000000,odom,1.360038,-0.037608,0.050030,0.500,5.000,1,1
1762883082.115819,STEP,3,0.000000,-0.000000,odom,1.360038,0.000000,0.050030,0.500,5.000,1,1
1762883082.135833,STEP,3,0.000000,-0.000000,odom,1.360038,0.000000,0.050030,0.500,5.000,1,1
1762883082.156042,STEP,3,0.000000,-0.000000,odom,1.360038,0.000000,0.050030,0.500,5.000,1,1
1762883082.175650,STEP,3,0.000000,-0.000000,odom,1.360038,0.000000,0.050030,0.500,5.000,1,1
1762883082.198169,STEP,3,0.000000,-0.000000,odom,1.360038,0.000000,0.050030,0.500,5.000,1,1
1762883082.216253,STEP,3,0.000000,-0.000000,odom,1.360038,0.000000,0.050030,0.500,5.000,1,1
1762883082.236217,STEP,3,0.000000,-0.000000,odom,1.360038,0.000000,0.050030,0.500,5.000,1,1
1762883082.257172,STEP,3,0.000000,-0.000000,odom,1.360038,0.000000,0.044034,0.500,5.000,1,1
1762883082.275532,STEP,3,0.000000,-0.000000,odom,1.358587,-0.021756,0.028499,0.500,5.000,1,1
1762883082.296100,STEP,3,0.000000,-0.000000,odom,1.358587,-0.015229,0.028499,0.500,5.000,1,1
1762883082.315697,STEP,3,0.000000,-0.000000,odom,1.358587,0.000000,0.028499,0.500,5.000,1,1
1762883082.336034,STEP,3,0.000000,-0.000000,odom,1.358587,0.000000,0.028499,0.500,5.000,1,1
1762883082.358080,STEP,3,0.000000,-0.000000,odom,1.358587,0.000000,0.028499,0.500,5.000,1,1
1762883082.376427,STEP,3,0.000000,-0.000000,odom,1.358587,0.000000,0.028499,0.500,5.000,1,1
1762883082.395947,STEP,3,0.000000,-0.000000,odom,1.358587,0.000000,0.028499,0.500,5.000,1,1
1762883082.415932,STEP,3,0.000000,-0.000000,odom,1.358587,0.000000,0.028499,0.500,5.000,1,1
1762883082.436274,STEP,3,0.000000,-0.000000,odom,1.358587,0.000000,0.028499,0.500,5.000,1,1
1762883082.455859,STEP,3,0.000000,-0.000000,odom,1.358587,0.000000,0.028499,0.500,5.000,1,1
1762883082.477466,STEP,3,0.000000,-0.000000,odom,1.358587,0.000000,0.016229,0.500,5.000,1,1
1762883082.495935,STEP,3,0.000000,-0.000000,odom,1.357870,-0.007533,0.012778,0.500,5.000,1,1
1762883082.515625,STEP,3,0.000000,-0.000000,odom,1.357870,-0.007533,0.012778,0.500,5.000,1,1
1762883082.536318,STEP,3,0.000000,-0.000000,odom,1.357870,0.000000,0.012778,0.500,5.000,1,1
1762883082.555636,STEP,3,0.000000,-0.000000,odom,1.357870,0.000000,0.012778,0.500,5.000,1,1
1762883082.575588,STEP,3,0.000000,-0.000000,odom,1.357870,0.000000,0.012778,0.500,5.000,1,1
1762883082.595675,STEP,3,0.000000,-0.000000,odom,1.357870,0.000000,0.012778,0.500,5.000,1,1
1762883082.615754,STEP,3,0.000000,-0.000000,odom,1.357870,0.000000,0.012778,0.500,5.000,1,1
1762883082.635749,STEP,3,0.000000,-0.000000,odom,1.357870,0.000000,0.012778,0.500,5.000,1,1
1762883082.656080,STEP,3,0.000000,-0.000000,odom,1.357870,0.000000,0.012778,0.500,5.000,1,1
1762883082.675806,STEP,3,0.000000,-0.000000,odom,1.357870,0.000000,0.003725,0.500,5.000,1,1
1762883082.696155,STEP,3,0.000000,-0.000000,odom,1.357656,-0.002246,0.001105,0.500,5.000,1,1
1762883082.717080,STEP,3,0.000000,-0.000000,odom,1.357656,0.000000,0.001105,0.500,5.000,1,1
1762883082.735704,STEP,3,0.000000,-0.000000,odom,1.357656,0.000000,0.001105,0.500,5.000,1,1
1762883082.755703,STEP,3,0.000000,-0.000000,odom,1.357656,0.000000,0.001105,0.500,5.000,1,1
1762883082.776210,STEP,3,0.000000,-0.000000,odom,1.357656,0.000000,0.001105,0.500,5.000,1,1
1762883082.795713,STEP,3,0.000000,-0.000000,odom,1.357656,0.000000,0.001105,0.500,5.000,1,1
1762883082.815587,STEP,3,0.000000,-0.000000,odom,1.357656,0.000000,0.001105,0.500,5.000,1,1
1762883082.836890,STEP,3,0.000000,-0.000000,odom,1.357656,0.000000,0.001105,0.500,5.000,1,1
1762883082.855786,STEP,3,0.000000,-0.000000,odom,1.357656,0.000000,0.001105,0.500,5.000,1,1
1762883082.875897,STEP,3,0.000000,-0.000000,odom,1.357656,0.000000,-0.003476,0.500,5.000,1,1
1762883082.896031,STEP,3,0.000000,-0.000000,odom,1.357782,0.001889,-0.007252,0.500,5.000,1,1
1762883082.916162,STEP,3,0.000000,-0.000000,odom,1.357782,0.001889,-0.007252,0.500,5.000,1,1
1762883082.936266,STEP,3,0.000000,-0.000000,odom,1.357782,0.000000,-0.007252,0.500,5.000,1,1
1762883082.959346,STEP,3,0.000000,-0.000000,odom,1.357782,0.000000,-0.007252,0.500,5.000,1,1
1762883082.975981,STEP,3,0.000000,-0.000000,odom,1.357782,0.000000,-0.007252,0.500,5.000,1,1
1762883082.996372,STEP,3,0.000000,-0.000000,odom,1.357782,0.000000,-0.007252,0.500,5.000,1,1
1762883083.017281,STEP,3,0.000000,-0.000000,odom,1.357782,0.000000,-0.007252,0.500,5.000,1,1
1762883083.035563,STEP,3,0.000000,-0.000000,odom,1.357782,0.000000,-0.007252,0.500,5.000,1,1
1762883083.056229,STEP,3,0.000000,-0.000000,odom,1.357782,0.000000,-0.007252,0.500,5.000,1,1
1762883083.075943,STEP,3,0.000000,-0.000000,odom,1.357782,0.000000,-0.007252,0.500,5.000,1,1
1762883083.095998,STEP,3,0.000000,-0.000000,odom,1.357782,0.000000,-0.010518,0.500,5.000,1,1
1762883083.118216,STEP,3,0.000000,-0.000000,odom,1.357782,0.000000,-0.013280,0.500,5.000,1,1
1762883083.135804,STEP,3,0.000000,-0.000000,odom,1.358129,0.000000,-0.014495,0.500,5.000,1,1
1762883083.155677,STEP,3,0.000000,-0.000000,odom,1.358129,0.000000,-0.014495,0.500,5.000,1,1
1762883083.175672,STEP,3,0.000000,-0.000000,odom,1.358129,0.000000,-0.014495,0.500,5.000,1,1
1762883083.196527,STEP,3,0.000000,-0.000000,odom,1.358129,0.000000,-0.014495,0.500,5.000,1,1
1762883083.215730,STEP,3,0.000000,-0.000000,odom,1.358129,0.000000,-0.014495,0.500,5.000,1,1
1762883083.236010,STEP,3,0.000000,-0.000000,odom,1.358129,0.000000,-0.014495,0.500,5.000,1,1
1762883083.256136,STEP,3,0.000000,-0.000000,odom,1.358129,0.000000,-0.014495,0.500,5.000,1,1
1762883083.275960,STEP,3,0.000000,-0.000000,odom,1.358129,0.000000,-0.014495,0.500,5.000,1,1
1762883083.296057,STEP,3,0.000000,-0.000000,odom,1.358129,0.000000,-0.015564,0.500,5.000,1,1
1762883083.316183,STEP,3,0.000000,-0.000000,odom,1.358129,0.000000,-0.017481,0.500,5.000,1,1
1762883083.336215,STEP,3,0.000000,-0.000000,odom,1.358614,0.036407,-0.018326,0.500,5.000,1,1
1762883083.355640,STEP,3,0.000000,-0.000000,odom,1.358614,0.036407,-0.018326,0.500,5.000,1,1
1762883083.375752,STEP,3,0.000000,-0.000000,odom,1.358614,0.000000,-0.018326,0.500,5.000,1,1
1762883083.395687,STEP,3,0.000000,-0.000000,odom,1.358614,0.000000,-0.018326,0.500,5.000,1,1
1762883083.416348,STEP,3,0.000000,-0.000000,odom,1.358614,0.000000,-0.018326,0.500,5.000,1,1
1762883083.435600,STEP,3,0.000000,-0.000000,odom,1.358614,0.000000,-0.018326,0.500,5.000,1,1
1762883083.455709,STEP,3,0.000000,-0.000000,odom,1.358614,0.000000,-0.018326,0.500,5.000,1,1
1762883083.476614,STEP,3,0.000000,-0.000000,odom,1.358614,0.000000,-0.018326,0.500,5.000,1,1
1762883083.495729,STEP,3,0.000000,-0.000000,odom,1.358614,0.000000,-0.019704,0.500,5.000,1,1
1762883083.516496,STEP,3,0.000000,-0.000000,odom,1.359179,0.014149,-0.020862,0.500,5.000,1,1
1762883083.535578,STEP,3,0.000000,-0.000000,odom,1.359179,0.000000,-0.020862,0.500,5.000,1,1
1762883083.555869,STEP,3,0.000000,-0.000000,odom,1.359179,0.000000,-0.020862,0.500,5.000,1,1
1762883083.576535,STEP,3,0.000000,-0.000000,odom,1.359179,0.000000,-0.020862,0.500,5.000,1,1
1762883083.595615,STEP,3,0.000000,-0.000000,odom,1.359179,0.000000,-0.020862,0.500,5.000,1,1
1762883083.616496,STEP,3,0.000000,-0.000000,odom,1.359179,0.000000,-0.020862,0.500,5.000,1,1
1762883083.639468,STEP,3,0.000000,-0.000000,odom,1.359179,0.000000,-0.020862,0.500,5.000,1,1
1762883083.655645,STEP,3,0.000000,-0.000000,odom,1.359179,0.000000,-0.020862,0.500,5.000,1,1
1762883083.675633,STEP,3,0.000000,-0.000000,odom,1.359179,0.000000,-0.021357,0.500,5.000,1,1
1762883083.696452,STEP,3,0.000000,-0.000000,odom,1.359179,0.000000,-0.022531,0.500,5.000,1,1
1762883083.716552,STEP,3,0.000000,-0.000000,odom,1.359179,0.000000,-0.022783,0.500,5.000,1,1
1762883083.736003,STEP,3,0.000000,-0.000000,odom,1.359179,0.000000,-0.022783,0.500,5.000,1,1
1762883083.755614,STEP,3,0.000000,-0.000000,odom,1.359179,0.000000,-0.022783,0.500,5.000,1,1
1762883083.775836,STEP,3,0.000000,-0.000000,odom,1.359179,0.000000,-0.022783,0.500,5.000,1,1
1762883083.796040,STEP,3,0.000000,-0.000000,odom,1.359179,0.000000,-0.022783,0.500,5.000,1,1
1762883083.815961,STEP,3,0.000000,-0.000000,odom,1.359179,0.000000,-0.022783,0.500,5.000,1,1
1762883083.835757,STEP,3,0.000000,-0.000000,odom,1.359179,0.000000,-0.022783,0.500,5.000,1,1
1762883083.855701,STEP,3,0.000000,-0.000000,odom,1.359179,0.000000,-0.022783,0.500,5.000,1,1
1762883083.875895,STEP,3,0.000000,-0.000000,odom,1.359785,0.011371,-0.023032,0.500,5.000,1,1
1762883083.895917,STEP,3,0.000000,-0.000000,odom,1.359785,0.007960,-0.023508,0.500,5.000,1,1
1762883083.916172,STEP,3,0.000000,-0.000000,odom,1.359785,0.007960,-0.023508,0.500,5.000,1,1
1762883083.938759,STEP,3,0.000000,-0.000000,odom,1.359785,0.000000,-0.023508,0.500,5.000,1,1
1762883083.955617,STEP,3,0.000000,-0.000000,odom,1.359785,0.000000,-0.023508,0.500,5.000,1,1
1762883083.975739,STEP,3,0.000000,-0.000000,odom,1.359785,0.000000,-0.023508,0.500,5.000,1,1
1762883083.999151,STEP,3,0.000000,-0.000000,odom,1.359785,0.000000,-0.023508,0.500,5.000,1,1
1762883084.015648,STEP,3,0.000000,-0.000000,odom,1.359785,0.000000,-0.023508,0.500,5.000,1,1
1762883084.035643,STEP,3,0.000000,-0.000000,odom,1.359785,0.000000,-0.023508,0.500,5.000,1,1
1762883084.056647,STEP,3,0.000000,-0.000000,odom,1.360405,0.011640,-0.023904,0.500,5.000,1,1
1762883084.075798,STEP,3,0.000000,-0.000000,odom,1.360405,0.008148,-0.024098,0.500,5.000,1,1
1762883084.095850,STEP,3,0.000000,-0.000000,odom,1.360405,0.000000,-0.024098,0.500,5.000,1,1
1762883084.115905,STEP,3,0.000000,-0.000000,odom,1.360405,0.000000,-0.024098,0.500,5.000,1,1
1762883084.136035,STEP,3,0.000000,-0.000000,odom,1.360405,0.000000,-0.024098,0.500,5.000,1,1
1762883084.156178,STEP,3,0.000000,-0.000000,odom,1.360405,0.000000,-0.024098,0.500,5.000,1,1
1762883084.175581,STEP,3,0.000000,-0.000000,odom,1.360405,0.000000,-0.024098,0.500,5.000,1,1
1762883084.195636,STEP,3,0.000000,-0.000000,odom,1.360405,0.000000,-0.024098,0.500,5.000,1,1
1762883084.215684,STEP,3,0.000000,-0.000000,odom,1.360405,0.000000,-0.024098,0.500,5.000,1,1
1762883084.235625,STEP,3,0.000000,-0.000000,odom,1.360405,0.000000,-0.024223,0.500,5.000,1,1
1762883084.255411,STEP,3,0.000000,-0.000000,odom,1.361021,0.016186,-0.024200,0.500,5.000,1,1
1762883084.275588,STEP,3,0.000000,-0.000000,odom,1.361021,0.016186,-0.024191,0.500,5.000,1,1
1762883084.295589,STEP,3,0.000000,-0.000000,odom,1.361021,0.011330,-0.024191,0.500,5.000,1,1
1762883084.315651,STEP,3,0.000000,-0.000000,odom,1.361021,0.000000,-0.024191,0.500,5.000,1,1
1762883084.336898,STEP,3,0.000000,-0.000000,odom,1.361021,0.000000,-0.024191,0.500,5.000,1,1
1762883084.355591,STEP,3,0.000000,-0.000000,odom,1.361021,0.000000,-0.024191,0.500,5.000,1,1
1762883084.376080,STEP,3,0.000000,-0.000000,odom,1.361021,0.000000,-0.024191,0.500,5.000,1,1
1762883084.396692,STEP,3,0.000000,-0.000000,odom,1.361021,0.000000,-0.024191,0.500,5.000,1,1
1762883084.416562,STEP,3,0.000000,-0.000000,odom,1.361021,0.000000,-0.024191,0.500,5.000,1,1
1762883084.435703,STEP,3,0.000000,-0.000000,odom,1.361021,0.000000,-0.024175,0.500,5.000,1,1
1762883084.455818,STEP,3,0.000000,-0.000000,odom,1.361621,0.007882,-0.024176,0.500,5.000,1,1
1762883084.475950,STEP,3,0.000000,-0.000000,odom,1.361621,0.000000,-0.024176,0.500,5.000,1,1
1762883084.497235,STEP,3,0.000000,-0.000000,odom,1.361621,0.000000,-0.024176,0.500,5.000,1,1
1762883084.515757,STEP,3,0.000000,-0.000000,odom,1.361621,0.000000,-0.024176,0.500,5.000,1,1
1762883084.536303,STEP,3,0.000000,-0.000000,odom,1.361621,0.000000,-0.024176,0.500,5.000,1,1
1762883084.555596,STEP,3,0.000000,-0.000000,odom,1.361621,0.000000,-0.024176,0.500,5.000,1,1
1762883084.575886,STEP,3,0.000000,-0.000000,odom,1.361621,0.000000,-0.024176,0.500,5.000,1,1
1762883084.595973,STEP,3,0.000000,-0.000000,odom,1.361621,0.000000,-0.024176,0.500,5.000,1,1
1762883084.616885,STEP,3,0.000000,-0.000000,odom,1.361621,0.000000,-0.024176,0.500,5.000,1,1
1762883084.636129,STEP,3,0.000000,-0.000000,odom,1.362199,0.010862,-0.024100,0.500,5.000,1,1
1762883084.656528,STEP,3,0.000000,-0.000000,odom,1.362199,0.007603,-0.024100,0.500,5.000,1,1
1762883084.675923,STEP,3,0.000000,-0.000000,odom,1.362199,0.000000,-0.024100,0.500,5.000,1,1
1762883084.695996,STEP,3,0.000000,-0.000000,odom,1.362199,0.000000,-0.024100,0.500,5.000,1,1
1762883084.717108,STEP,3,0.000000,-0.000000,odom,1.362199,0.000000,-0.024100,0.500,5.000,1,1
1762883084.735729,STEP,3,0.000000,-0.000000,odom,1.362199,0.000000,-0.024100,0.500,5.000,1,1
1762883084.757978,STEP,3,0.000000,-0.000000,odom,1.362199,0.000000,-0.024100,0.500,5.000,1,1
1762883084.775955,STEP,3,0.000000,-0.000000,odom,1.362199,0.000000,-0.024100,0.500,5.000,1,1
1762883084.796251,STEP,3,0.000000,-0.000000,odom,1.362199,0.000000,-0.024100,0.500,5.000,1,1
1762883084.815695,STEP,3,0.000000,-0.000000,odom,1.362199,0.000000,-0.023982,0.500,5.000,1,1
1762883084.835395,STEP,3,0.000000,-0.000000,odom,1.362753,0.005824,-0.023905,0.500,5.000,1,1
1762883084.855875,STEP,3,0.000000,-0.000000,odom,1.362753,0.000000,-0.023905,0.500,5.000,1,1
1762883084.875936,STEP,3,0.000000,-0.000000,odom,1.362753,0.000000,-0.023905,0.500,5.000,1,1
1762883084.895717,STEP,3,0.000000,-0.000000,odom,1.362753,0.000000,-0.023905,0.500,5.000,1,1
1762883084.915874,STEP,3,0.000000,-0.000000,odom,1.362753,0.000000,-0.023905,0.500,5.000,1,1
1762883084.939078,STEP,3,0.000000,-0.000000,odom,1.362753,0.000000,-0.023905,0.500,5.000,1,1
1762883084.955949,STEP,3,0.000000,-0.000000,odom,1.362753,0.000000,-0.023905,0.500,5.000,1,1
1762883084.975882,STEP,3,0.000000,-0.000000,odom,1.362753,0.000000,-0.023905,0.500,5.000,1,1
1762883084.995808,STEP,3,0.000000,-0.000000,odom,1.362753,0.000000,-0.023905,0.500,5.000,1,1
1762883085.015401,STEP,3,0.000000,-0.000000,odom,1.362753,0.000000,-0.023509,0.500,5.000,1,1
1762883085.036062,STEP,3,0.000000,-0.000000,odom,1.363279,0.005533,-0.023509,0.500,5.000,1,1
1762883085.055718,STEP,3,0.000000,-0.000000,odom,1.363279,0.005533,-0.023509,0.500,5.000,1,1
1762883085.075627,STEP,3,0.000000,-0.000000,odom,1.363279,0.000000,-0.023509,0.500,5.000,1,1
1762883085.095818,STEP,3,0.000000,-0.000000,odom,1.363279,0.000000,-0.023509,0.500,5.000,1,1
1762883085.115870,STEP,3,0.000000,-0.000000,odom,1.363279,0.000000,-0.023509,0.500,5.000,1,1
1762883085.136601,STEP,3,0.000000,-0.000000,odom,1.363279,0.000000,-0.023509,0.500,5.000,1,1
1762883085.156292,STEP,3,0.000000,-0.000000,odom,1.363279,0.000000,-0.023509,0.500,5.000,1,1
1762883085.176221,STEP,3,0.000000,-0.000000,odom,1.363279,0.000000,-0.023509,0.500,5.000,1,1
1762883085.195561,STEP,3,0.000000,-0.000000,odom,1.363279,0.000000,-0.023189,0.500,5.000,1,1
1762883085.215616,STEP,3,0.000000,-0.000000,odom,1.363777,0.012450,-0.023073,0.500,5.000,1,1
1762883085.235591,STEP,3,0.000000,-0.000000,odom,1.363777,0.012450,-0.023073,0.500,5.000,1,1
1762883085.256375,STEP,3,0.000000,-0.000000,odom,1.363777,0.000000,-0.023073,0.500,5.000,1,1
1762883085.275962,STEP,3,0.000000,-0.000000,odom,1.363777,0.000000,-0.023073,0.500,5.000,1,1
1762883085.295735,STEP,3,0.000000,-0.000000,odom,1.363777,0.000000,-0.023073,0.500,5.000,1,1
1762883085.316079,STEP,3,0.000000,-0.000000,odom,1.363777,0.000000,-0.023073,0.500,5.000,1,1
1762883085.335753,STEP,3,0.000000,-0.000000,odom,1.363777,0.000000,-0.023073,0.500,5.000,1,1
1762883085.355907,STEP,3,0.000000,-0.000000,odom,1.363777,0.000000,-0.023073,0.500,5.000,1,1
1762883085.375781,STEP,3,0.000000,-0.000000,odom,1.363777,0.000000,-0.022641,0.500,5.000,1,1
1762883085.395602,STEP,3,0.000000,-0.000000,odom,1.363777,0.000000,-0.022564,0.500,5.000,1,1
1762883085.415605,STEP,3,0.000000,-0.000000,odom,1.364243,0.000000,-0.022564,0.500,5.000,1,1
1762883085.436253,STEP,3,0.000000,-0.000000,odom,1.364243,0.000000,-0.022564,0.500,5.000,1,1
1762883085.455684,STEP,3,0.000000,-0.000000,odom,1.364243,0.000000,-0.022564,0.500,5.000,1,1
1762883085.475755,STEP,3,0.000000,-0.000000,odom,1.364243,0.000000,-0.022564,0.500,5.000,1,1
1762883085.495854,STEP,3,0.000000,-0.000000,odom,1.364243,0.000000,-0.022564,0.500,5.000,1,1
1762883085.515564,STEP,3,0.000000,-0.000000,odom,1.364243,0.000000,-0.022564,0.500,5.000,1,1
1762883085.536528,STEP,3,0.000000,-0.000000,odom,1.364243,0.000000,-0.022564,0.500,5.000,1,1
1762883085.556027,STEP,3,0.000000,-0.000000,odom,1.364243,0.000000,-0.022230,0.500,5.000,1,1
1762883085.575806,STEP,3,0.000000,-0.000000,odom,1.364243,0.000000,-0.021856,0.500,5.000,1,1
1762883085.595698,STEP,3,0.000000,-0.000000,odom,1.364681,0.008211,-0.021856,0.500,5.000,1,1
1762883085.615750,STEP,3,0.000000,-0.000000,odom,1.364681,0.000000,-0.021856,0.500,5.000,1,1
1762883085.635598,STEP,3,0.000000,-0.000000,odom,1.364681,0.000000,-0.021856,0.500,5.000,1,1
1762883085.657919,STEP,3,0.000000,-0.000000,odom,1.364681,0.000000,-0.021856,0.500,5.000,1,1
1762883085.679059,STEP,3,0.000000,-0.000000,odom,1.364681,0.000000,-0.021856,0.500,5.000,1,1
1762883085.695850,STEP,3,0.000000,-0.000000,odom,1.364681,0.000000,-0.021856,0.500,5.000,1,1
1762883085.715974,STEP,3,0.000000,-0.000000,odom,1.364681,0.000000,-0.021856,0.500,5.000,1,1
1762883085.735643,STEP,3,0.000000,-0.000000,odom,1.364681,0.000000,-0.021693,0.500,5.000,1,1
1762883085.756683,STEP,3,0.000000,-0.000000,odom,1.364681,0.000000,-0.021381,0.500,5.000,1,1
1762883085.775532,STEP,3,0.000000,-0.000000,odom,1.364681,0.000000,-0.021381,0.500,5.000,1,1
1762883085.795592,STEP,3,0.000000,-0.000000,odom,1.365089,0.000000,-0.021381,0.500,5.000,1,1
1762883085.816934,STEP,3,0.000000,-0.000000,odom,1.365089,0.000000,-0.021381,0.500,5.000,1,1
1762883085.839079,STEP,3,0.000000,-0.000000,odom,1.365089,0.000000,-0.021381,0.500,5.000,1,1
1762883085.858264,STEP,3,0.000000,-0.000000,odom,1.365089,0.000000,-0.021381,0.500,5.000,1,1
1762883085.875773,STEP,3,0.000000,-0.000000,odom,1.365089,0.000000,-0.021381,0.500,5.000,1,1
1762883085.895715,STEP,3,0.000000,-0.000000,odom,1.365089,0.000000,-0.021381,0.500,5.000,1,1
1762883085.916609,STEP,3,0.000000,-0.000000,odom,1.365089,0.000000,-0.021381,0.500,5.000,1,1
1762883085.935793,STEP,3,0.000000,-0.000000,odom,1.365089,0.000000,-0.021168,0.500,5.000,1,1
1762883085.955620,STEP,3,0.000000,-0.000000,odom,1.365089,0.000000,-0.021064,0.500,5.000,1,1
1762883085.976306,STEP,3,0.000000,-0.000000,odom,1.365089,0.000000,-0.021064,0.500,5.000,1,1
1762883085.995535,STEP,3,0.000000,-0.000000,odom,1.365089,0.000000,-0.021064,0.500,5.000,1,1
1762883086.016278,STEP,3,0.000000,-0.000000,odom,1.365089,0.000000,-0.021064,0.500,5.000,1,1
1762883086.036405,STEP,3,0.000000,-0.000000,odom,1.365089,0.000000,-0.021064,0.500,5.000,1,1
1762883086.057105,STEP,3,0.000000,-0.000000,odom,1.365089,0.000000,-0.021064,0.500,5.000,1,1
1762883086.075932,STEP,3,0.000000,-0.000000,odom,1.365089,0.000000,-0.021064,0.500,5.000,1,1
1762883086.096131,STEP,3,0.000000,-0.000000,odom,1.365089,0.000000,-0.021064,0.500,5.000,1,1
1762883086.115463,STEP,3,0.000000,-0.000000,odom,1.365472,0.009588,-0.020709,0.500,5.000,1,1
1762883086.135962,STEP,3,0.000000,-0.000000,odom,1.365472,0.006711,-0.020591,0.500,5.000,1,1
1762883086.155698,STEP,3,0.000000,-0.000000,odom,1.365472,0.000000,-0.020591,0.500,5.000,1,1
1762883086.175764,STEP,3,0.000000,-0.000000,odom,1.365472,0.000000,-0.020591,0.500,5.000,1,1
1762883086.195796,STEP,3,0.000000,-0.000000,odom,1.365472,0.000000,-0.020591,0.500,5.000,1,1
1762883086.215622,STEP,3,0.000000,-0.000000,odom,1.365472,0.000000,-0.020591,0.500,5.000,1,1
1762883086.238047,STEP,3,0.000000,-0.000000,odom,1.365472,0.000000,-0.020591,0.500,5.000,1,1
1762883086.256253,STEP,3,0.000000,-0.000000,odom,1.365472,0.000000,-0.020591,0.500,5.000,1,1
1762883086.275742,STEP,3,0.000000,-0.000000,odom,1.365472,0.000000,-0.020591,0.500,5.000,1,1
1762883086.295729,STEP,3,0.000000,-0.000000,odom,1.365472,0.000000,-0.020372,0.500,5.000,1,1
1762883086.315681,STEP,3,0.000000,-0.000000,odom,1.365831,0.009427,-0.020054,0.500,5.000,1,1
1762883086.335703,STEP,3,0.000000,-0.000000,odom,1.365831,0.009427,-0.020054,0.500,5.000,1,1
1762883086.355725,STEP,3,0.000000,-0.000000,odom,1.365831,0.006599,-0.020054,0.500,5.000,1,1
1762883086.377051,STEP,3,0.000000,-0.000000,odom,1.365831,0.000000,-0.020054,0.500,5.000,1,1
1762883086.397683,STEP,3,0.000000,-0.000000,odom,1.365831,0.000000,-0.020054,0.500,5.000,1,1
1762883086.415713,STEP,3,0.000000,-0.000000,odom,1.365831,0.000000,-0.020054,0.500,5.000,1,1
1762883086.435638,STEP,3,0.000000,-0.000000,odom,1.365831,0.000000,-0.020054,0.500,5.000,1,1
1762883086.455787,STEP,3,0.000000,-0.000000,odom,1.365831,0.000000,-0.020054,0.500,5.000,1,1
1762883086.475931,STEP,3,0.000000,-0.000000,odom,1.365831,0.000000,-0.020054,0.500,5.000,1,1
1762883086.496136,STEP,3,0.000000,-0.000000,odom,1.366167,0.008397,-0.019941,0.500,5.000,1,1
1762883086.516106,STEP,3,0.000000,-0.000000,odom,1.366167,0.005878,-0.019651,0.500,5.000,1,1
1762883086.535460,STEP,3,0.000000,-0.000000,odom,1.366167,0.000000,-0.019651,0.500,5.000,1,1
1762883086.556209,STEP,3,0.000000,-0.000000,odom,1.366167,0.000000,-0.019651,0.500,5.000,1,1
1762883086.575633,STEP,3,0.000000,-0.000000,odom,1.366167,0.000000,-0.019651,0.500,5.000,1,1
1762883086.596270,STEP,3,0.000000,-0.000000,odom,1.366167,0.000000,-0.019651,0.500,5.000,1,1
1762883086.615735,STEP,3,0.000000,-0.000000,odom,1.366167,0.000000,-0.019651,0.500,5.000,1,1
1762883086.635580,STEP,3,0.000000,-0.000000,odom,1.366167,0.000000,-0.019651,0.500,5.000,1,1
1762883086.655725,STEP,3,0.000000,-0.000000,odom,1.366167,0.000000,-0.019651,0.500,5.000,1,1
1762883086.675717,STEP,3,0.000000,-0.000000,odom,1.366167,0.000000,-0.019506,0.500,5.000,1,1
1762883086.695589,STEP,3,0.000000,-0.000000,odom,1.366481,0.004715,-0.019119,0.500,5.000,1,1
1762883086.715656,STEP,3,0.000000,-0.000000,odom,1.366481,0.003301,-0.019119,0.500,5.000,1,1
1762883086.735883,STEP,3,0.000000,-0.000000,odom,1.366481,0.000000,-0.019119,0.500,5.000,1,1
1762883086.756916,STEP,3,0.000000,-0.000000,odom,1.366481,0.000000,-0.019119,0.500,5.000,1,1
1762883086.776208,STEP,3,0.000000,-0.000000,odom,1.366481,0.000000,-0.019119,0.500,5.000,1,1
1762883086.796495,STEP,3,0.000000,-0.000000,odom,1.366481,0.000000,-0.019119,0.500,5.000,1,1
1762883086.816743,STEP,3,0.000000,-0.000000,odom,1.366481,0.000000,-0.019119,0.500,5.000,1,1
1762883086.836555,STEP,3,0.000000,-0.000000,odom,1.366481,0.000000,-0.019119,0.500,5.000,1,1
1762883086.855584,STEP,3,0.000000,-0.000000,odom,1.366481,0.000000,-0.018944,0.500,5.000,1,1
1762883086.876285,STEP,3,0.000000,-0.000000,odom,1.366775,0.005517,-0.018695,0.500,5.000,1,1
1762883086.897086,STEP,3,0.000000,-0.000000,odom,1.366775,0.005517,-0.018594,0.500,5.000,1,1
1762883086.916015,STEP,3,0.000000,-0.000000,odom,1.366775,0.000000,-0.018594,0.500,5.000,1,1
1762883086.935903,STEP,3,0.000000,-0.000000,odom,1.366775,0.000000,-0.018594,0.500,5.000,1,1
1762883086.955802,STEP,3,0.000000,-0.000000,odom,1.366775,0.000000,-0.018594,0.500,5.000,1,1
1762883086.976013,STEP,3,0.000000,-0.000000,odom,1.366775,0.000000,-0.018594,0.500,5.000,1,1
1762883086.995968,STEP,3,0.000000,-0.000000,odom,1.366775,0.000000,-0.018594,0.500,5.000,1,1
1762883087.015573,STEP,3,0.000000,-0.000000,odom,1.366775,0.000000,-0.018594,0.500,5.000,1,1
1762883087.036297,STEP,3,0.000000,-0.000000,odom,1.366775,0.000000,-0.018594,0.500,5.000,1,1
1762883087.055641,STEP,3,0.000000,-0.000000,odom,1.366775,0.000000,-0.018258,0.500,5.000,1,1
1762883087.075804,STEP,3,0.000000,-0.000000,odom,1.367050,0.002404,-0.018258,0.500,5.000,1,1
1762883087.097443,STEP,3,0.000000,-0.000000,odom,1.367050,0.002404,-0.018258,0.500,5.000,1,1
1762883087.116052,STEP,3,0.000000,-0.000000,odom,1.367050,0.000000,-0.018258,0.500,5.000,1,1
1762883087.136913,STEP,3,0.000000,-0.000000,odom,1.367050,0.000000,-0.018258,0.500,5.000,1,1
1762883087.156333,STEP,3,0.000000,-0.000000,odom,1.367050,0.000000,-0.018258,0.500,5.000,1,1
1762883087.175613,STEP,3,0.000000,-0.000000,odom,1.367050,0.000000,-0.018258,0.500,5.000,1,1
1762883087.195969,STEP,3,0.000000,-0.000000,odom,1.367050,0.000000,-0.018258,0.500,5.000,1,1
1762883087.215651,STEP,3,0.000000,-0.000000,odom,1.367050,0.000000,-0.018258,0.500,5.000,1,1
1762883087.235556,STEP,3,0.000000,-0.000000,odom,1.367050,0.000000,-0.018034,0.500,5.000,1,1
1762883087.255693,STEP,3,0.000000,-0.000000,odom,1.367308,0.002706,-0.017871,0.500,5.000,1,1
1762883087.275814,STEP,3,0.000000,-0.000000,odom,1.367308,0.000000,-0.017871,0.500,5.000,1,1
1762883087.296076,STEP,3,0.000000,-0.000000,odom,1.367308,0.000000,-0.017871,0.500,5.000,1,1
1762883087.315910,STEP,3,0.000000,-0.000000,odom,1.367308,0.000000,-0.017871,0.500,5.000,1,1
1762883087.335851,STEP,3,0.000000,-0.000000,odom,1.367308,0.000000,-0.017871,0.500,5.000,1,1
1762883087.355949,STEP,3,0.000000,-0.000000,odom,1.367308,0.000000,-0.017871,0.500,5.000,1,1
1762883087.378632,STEP,3,0.000000,-0.000000,odom,1.367308,0.000000,-0.017871,0.500,5.000,1,1
1762883087.395697,STEP,3,0.000000,-0.000000,odom,1.367308,0.000000,-0.017871,0.500,5.000,1,1
1762883087.416361,STEP,3,0.000000,-0.000000,odom,1.367308,0.000000,-0.017501,0.500,5.000,1,1
1762883087.435784,STEP,3,0.000000,-0.000000,odom,1.367308,0.000000,-0.017428,0.500,5.000,1,1
1762883087.456340,STEP,3,0.000000,-0.000000,odom,1.367548,0.003149,-0.017359,0.500,5.000,1,1
1762883087.475788,STEP,3,0.000000,-0.000000,odom,1.367548,0.000000,-0.017359,0.500,5.000,1,1
1762883087.495645,STEP,3,0.000000,-0.000000,odom,1.367548,0.000000,-0.017359,0.500,5.000,1,1
1762883087.515708,STEP,3,0.000000,-0.000000,odom,1.367548,0.000000,-0.017359,0.500,5.000,1,1
1762883087.536125,STEP,3,0.000000,-0.000000,odom,1.367548,0.000000,-0.017359,0.500,5.000,1,1
1762883087.556179,STEP,3,0.000000,-0.000000,odom,1.367548,0.000000,-0.017359,0.500,5.000,1,1
1762883087.575730,STEP,3,0.000000,-0.000000,odom,1.367548,0.000000,-0.017359,0.500,5.000,1,1
1762883087.595818,STEP,3,0.000000,-0.000000,odom,1.367548,0.000000,-0.017240,0.500,5.000,1,1
1762883087.615480,STEP,3,0.000000,-0.000000,odom,1.367771,0.003342,-0.016813,0.500,5.000,1,1
1762883087.636838,STEP,3,0.000000,-0.000000,odom,1.367771,0.003342,-0.016813,0.500,5.000,1,1
1762883087.655758,STEP,3,0.000000,-0.000000,odom,1.367771,0.000000,-0.016813,0.500,5.000,1,1
1762883087.675810,STEP,3,0.000000,-0.000000,odom,1.367771,0.000000,-0.016813,0.500,5.000,1,1
1762883087.696035,STEP,3,0.000000,-0.000000,odom,1.367771,0.000000,-0.016813,0.500,5.000,1,1
1762883087.717062,STEP,3,0.000000,-0.000000,odom,1.367771,0.000000,-0.016813,0.500,5.000,1,1
1762883087.736085,STEP,3,0.000000,-0.000000,odom,1.367771,0.000000,-0.016813,0.500,5.000,1,1
1762883087.755693,STEP,3,0.000000,-0.000000,odom,1.367771,0.000000,-0.016813,0.500,5.000,1,1
1762883087.775855,STEP,3,0.000000,-0.000000,odom,1.367771,0.000000,-0.016813,0.500,5.000,1,1
1762883087.795713,STEP,3,0.000000,-0.000000,odom,1.367771,0.000000,-0.016523,0.500,5.000,1,1
1762883087.815584,STEP,3,0.000000,-0.000000,odom,1.367979,0.003898,-0.016371,0.500,5.000,1,1
1762883087.835868,STEP,3,0.000000,-0.000000,odom,1.367979,0.000000,-0.016371,0.500,5.000,1,1
1762883087.856285,STEP,3,0.000000,-0.000000,odom,1.367979,0.000000,-0.016371,0.500,5.000,1,1
1762883087.877091,STEP,3,0.000000,-0.000000,odom,1.367979,0.000000,-0.016371,0.500,5.000,1,1
1762883087.895725,STEP,3,0.000000,-0.000000,odom,1.367979,0.000000,-0.016371,0.500,5.000,1,1
1762883087.917154,STEP,3,0.000000,-0.000000,odom,1.367979,0.000000,-0.016371,0.500,5.000,1,1
1762883087.935877,STEP,3,0.000000,-0.000000,odom,1.367979,0.000000,-0.016371,0.500,5.000,1,1
1762883087.955579,STEP,3,0.000000,-0.000000,odom,1.367979,0.000000,-0.016371,0.500,5.000,1,1
1762883087.975757,STEP,3,0.000000,-0.000000,odom,1.367979,0.000000,-0.016201,0.500,5.000,1,1
1762883087.995808,STEP,3,0.000000,-0.000000,odom,1.368175,0.003661,-0.015978,0.500,5.000,1,1
1762883088.017659,STEP,3,0.000000,-0.000000,odom,1.368175,0.003661,-0.015978,0.500,5.000,1,1
1762883088.035847,STEP,3,0.000000,-0.000000,odom,1.368175,0.000000,-0.015978,0.500,5.000,1,1
1762883088.055632,STEP,3,0.000000,-0.000000,odom,1.368175,0.000000,-0.015978,0.500,5.000,1,1
1762883088.076208,STEP,3,0.000000,-0.000000,odom,1.368175,0.000000,-0.015978,0.500,5.000,1,1
1762883088.096220,STEP,3,0.000000,-0.000000,odom,1.368175,0.000000,-0.015978,0.500,5.000,1,1
1762883088.115712,STEP,3,0.000000,-0.000000,odom,1.368175,0.000000,-0.015978,0.500,5.000,1,1
1762883088.135761,STEP,3,0.000000,-0.000000,odom,1.368175,0.000000,-0.015978,0.500,5.000,1,1
1762883088.156429,STEP,3,0.000000,-0.000000,odom,1.368175,0.000000,-0.015978,0.500,5.000,1,1
1762883088.176337,STEP,3,0.000000,-0.000000,odom,1.368175,0.000000,-0.015978,0.500,5.000,1,1
1762883088.196569,STEP,3,0.000000,-0.000000,odom,1.368175,0.000000,-0.015736,0.500,5.000,1,1
1762883088.215699,STEP,3,0.000000,-0.000000,odom,1.368175,0.000000,-0.015621,0.500,5.000,1,1
1762883088.235588,STEP,3,0.000000,-0.000000,odom,1.368175,0.000000,-0.015621,0.500,5.000,1,1
1762883088.256186,STEP,3,0.000000,-0.000000,odom,1.368175,0.000000,-0.015621,0.500,5.000,1,1
1762883088.275704,STEP,3,0.000000,-0.000000,odom,1.368175,0.000000,-0.015621,0.500,5.000,1,1
1762883088.296005,STEP,3,0.000000,-0.000000,odom,1.368175,0.000000,-0.015621,0.500,5.000,1,1
1762883088.315622,STEP,3,0.000000,-0.000000,odom,1.368175,0.000000,-0.015621,0.500,5.000,1,1
1762883088.335803,STEP,3,0.000000,-0.000000,odom,1.368175,0.000000,-0.015621,0.500,5.000,1,1
1762883088.355622,STEP,3,0.000000,-0.000000,odom,1.368175,0.000000,-0.015621,0.500,5.000,1,1
1762883088.375779,STEP,3,0.000000,-0.000000,odom,1.368359,0.004592,-0.015449,0.500,5.000,1,1
1762883088.395732,STEP,3,0.000000,-0.000000,odom,1.368359,0.003214,-0.015321,0.500,5.000,1,1
1762883088.415789,STEP,3,0.000000,-0.000000,odom,1.368359,0.003214,-0.015321,0.500,5.000,1,1
1762883088.436205,STEP,3,0.000000,-0.000000,odom,1.368359,0.000000,-0.015321,0.500,5.000,1,1
1762883088.455568,STEP,3,0.000000,-0.000000,odom,1.368359,0.000000,-0.015321,0.500,5.000,1,1
1762883088.476310,STEP,3,0.000000,-0.000000,odom,1.368359,0.000000,-0.015321,0.500,5.000,1,1
1762883088.495763,STEP,3,0.000000,-0.000000,odom,1.368359,0.000000,-0.015321,0.500,5.000,1,1
1762883088.515702,STEP,3,0.000000,-0.000000,odom,1.368359,0.000000,-0.015321,0.500,5.000,1,1
1762883088.535805,STEP,3,0.000000,-0.000000,odom,1.368359,0.000000,-0.015321,0.500,5.000,1,1
1762883088.556277,STEP,3,0.000000,-0.000000,odom,1.368359,0.000000,-0.015321,0.500,5.000,1,1
1762883088.575625,STEP,3,0.000000,-0.000000,odom,1.368531,0.002146,-0.014902,0.500,5.000,1,1
1762883088.596752,STEP,3,0.000000,-0.000000,odom,1.368531,0.001502,-0.014758,0.500,5.000,1,1
1762883088.615670,STEP,3,0.000000,-0.000000,odom,1.368531,0.000000,-0.014758,0.500,5.000,1,1
1762883088.635706,STEP,3,0.000000,-0.000000,odom,1.368531,0.000000,-0.014758,0.500,5.000,1,1
1762883088.655998,STEP,3,0.000000,-0.000000,odom,1.368531,0.000000,-0.014758,0.500,5.000,1,1
1762883088.675650,STEP,3,0.000000,-0.000000,odom,1.368531,0.000000,-0.014758,0.500,5.000,1,1
1762883088.696886,STEP,3,0.000000,-0.000000,odom,1.368531,0.000000,-0.014758,0.500,5.000,1,1
1762883088.715890,STEP,3,0.000000,-0.000000,odom,1.368531,0.000000,-0.014758,0.500,5.000,1,1
1762883088.735808,STEP,3,0.000000,-0.000000,odom,1.368531,0.000000,-0.014758,0.500,5.000,1,1
1762883088.755992,STEP,3,0.000000,-0.000000,odom,1.368693,0.006062,-0.014649,0.500,5.000,1,1
1762883088.775400,STEP,3,0.000000,-0.000000,odom,1.368693,0.006062,-0.014415,0.500,5.000,1,1
1762883088.796095,STEP,3,0.000000,-0.000000,odom,1.368693,0.002971,-0.014415,0.500,5.000,1,1
1762883088.815746,STEP,3,0.000000,-0.000000,odom,1.368693,0.000000,-0.014415,0.500,5.000,1,1
1762883088.835922,STEP,3,0.000000,-0.000000,odom,1.368693,0.000000,-0.014415,0.500,5.000,1,1
1762883088.856065,STEP,3,0.000000,-0.000000,odom,1.368693,0.000000,-0.014415,0.500,5.000,1,1
1762883088.875576,STEP,3,0.000000,-0.000000,odom,1.368693,0.000000,-0.014415,0.500,5.000,1,1
1762883088.897716,STEP,3,0.000000,-0.000000,odom,1.368693,0.000000,-0.014415,0.500,5.000,1,1
1762883088.916146,STEP,3,0.000000,-0.000000,odom,1.368693,0.000000,-0.014415,0.500,5.000,1,1
1762883088.935908,STEP,3,0.000000,-0.000000,odom,1.368693,0.000000,-0.014326,0.500,5.000,1,1
1762883088.957740,STEP,3,0.000000,-0.000000,odom,1.368693,0.000000,-0.014010,0.500,5.000,1,1
1762883088.976748,STEP,3,0.000000,-0.000000,odom,1.368848,0.001624,-0.014010,0.500,5.000,1,1
1762883088.996019,STEP,3,0.000000,-0.000000,odom,1.368848,0.000000,-0.014010,0.500,5.000,1,1
1762883089.015669,STEP,3,0.000000,-0.000000,odom,1.368848,0.000000,-0.014010,0.500,5.000,1,1
1762883089.035623,STEP,3,0.000000,-0.000000,odom,1.368848,0.000000,-0.014010,0.500,5.000,1,1
1762883089.055883,STEP,3,0.000000,-0.000000,odom,1.368848,0.000000,-0.014010,0.500,5.000,1,1
1762883089.075849,STEP,3,0.000000,-0.000000,odom,1.368848,0.000000,-0.014010,0.500,5.000,1,1
1762883089.095640,STEP,3,0.000000,-0.000000,odom,1.368848,0.000000,-0.014010,0.500,5.000,1,1
1762883089.115607,STEP,3,0.000000,-0.000000,odom,1.368848,0.000000,-0.013983,0.500,5.000,1,1
1762883089.137180,STEP,3,0.000000,-0.000000,odom,1.368848,0.000000,-0.013934,0.500,5.000,1,1
1762883089.155715,STEP,3,0.000000,-0.000000,odom,1.368997,0.000000,-0.013934,0.500,5.000,1,1
1762883089.175747,STEP,3,0.000000,-0.000000,odom,1.368997,0.000000,-0.013934,0.500,5.000,1,1
1762883089.196513,STEP,3,0.000000,-0.000000,odom,1.368997,0.000000,-0.013934,0.500,5.000,1,1
1762883089.216091,STEP,3,0.000000,-0.000000,odom,1.368997,0.000000,-0.013934,0.500,5.000,1,1
1762883089.236066,STEP,3,0.000000,-0.000000,odom,1.368997,0.000000,-0.013934,0.500,5.000,1,1
1762883089.256212,STEP,3,0.000000,-0.000000,odom,1.368997,0.000000,-0.013934,0.500,5.000,1,1
1762883089.275941,STEP,3,0.000000,-0.000000,odom,1.368997,0.000000,-0.013934,0.500,5.000,1,1
1762883089.295936,STEP,3,0.000000,-0.000000,odom,1.368997,0.000000,-0.013799,0.500,5.000,1,1
1762883089.315394,STEP,3,0.000000,-0.000000,odom,1.369139,0.002136,-0.013671,0.500,5.000,1,1
1762883089.335588,STEP,3,0.000000,-0.000000,odom,1.369139,0.002136,-0.013598,0.500,5.000,1,1
1762883089.355667,STEP,3,0.000000,-0.000000,odom,1.369139,0.000000,-0.013598,0.500,5.000,1,1
1762883089.375765,STEP,3,0.000000,-0.000000,odom,1.369139,0.000000,-0.013598,0.500,5.000,1,1
1762883089.395671,STEP,3,0.000000,-0.000000,odom,1.369139,0.000000,-0.013598,0.500,5.000,1,1
1762883089.415692,STEP,3,0.000000,-0.000000,odom,1.369139,0.000000,-0.013598,0.500,5.000,1,1
1762883089.435746,STEP,3,0.000000,-0.000000,odom,1.369139,0.000000,-0.013598,0.500,5.000,1,1
1762883089.455813,STEP,3,0.000000,-0.000000,odom,1.369139,0.000000,-0.013598,0.500,5.000,1,1
1762883089.476659,STEP,3,0.000000,-0.000000,odom,1.369139,0.000000,-0.013598,0.500,5.000,1,1
1762883089.495838,STEP,3,0.000000,-0.000000,odom,1.369139,0.000000,-0.013503,0.500,5.000,1,1
1762883089.515570,STEP,3,0.000000,-0.000000,odom,1.369139,0.000000,-0.013359,0.500,5.000,1,1
1762883089.536187,STEP,3,0.000000,-0.000000,odom,1.369277,0.000000,-0.013359,0.500,5.000,1,1
1762883089.555694,STEP,3,0.000000,-0.000000,odom,1.369277,0.000000,-0.013359,0.500,5.000,1,1
1762883089.575868,STEP,3,0.000000,-0.000000,odom,1.369277,0.000000,-0.013359,0.500,5.000,1,1
1762883089.595917,STEP,3,0.000000,-0.000000,odom,1.369277,0.000000,-0.013359,0.500,5.000,1,1
1762883089.615613,STEP,3,0.000000,-0.000000,odom,1.369277,0.000000,-0.013359,0.500,5.000,1,1
1762883089.636152,STEP,3,0.000000,-0.000000,odom,1.369277,0.000000,-0.013359,0.500,5.000,1,1
1762883089.656689,STEP,3,0.000000,-0.000000,odom,1.369277,0.000000,-0.013359,0.500,5.000,1,1
1762883089.675406,STEP,3,0.000000,-0.000000,odom,1.369277,0.000000,-0.013062,0.500,5.000,1,1
1762883089.695732,STEP,3,0.000000,-0.000000,odom,1.369409,0.002467,-0.012963,0.500,5.000,1,1
1762883089.716606,STEP,3,0.000000,-0.000000,odom,1.369409,0.002467,-0.012963,0.500,5.000,1,1
1762883089.737025,STEP,3,0.000000,-0.000000,odom,1.369409,0.000000,-0.012963,0.500,5.000,1,1
1762883089.756050,STEP,3,0.000000,-0.000000,odom,1.369409,0.000000,-0.012963,0.500,5.000,1,1
1762883089.775775,STEP,3,0.000000,-0.000000,odom,1.369409,0.000000,-0.012963,0.500,5.000,1,1
1762883089.795722,STEP,3,0.000000,-0.000000,odom,1.369409,0.000000,-0.012963,0.500,5.000,1,1
1762883089.815631,STEP,3,0.000000,-0.000000,odom,1.369409,0.000000,-0.012963,0.500,5.000,1,1
1762883089.835544,STEP,3,0.000000,-0.000000,odom,1.369409,0.000000,-0.012963,0.500,5.000,1,1
1762883089.855820,STEP,3,0.000000,-0.000000,odom,1.369409,0.000000,-0.012915,0.500,5.000,1,1
1762883089.876446,STEP,3,0.000000,-0.000000,odom,1.369536,0.001901,-0.012673,0.500,5.000,1,1
1762883089.895653,STEP,3,0.000000,-0.000000,odom,1.369536,0.000000,-0.012673,0.500,5.000,1,1
1762883089.915953,STEP,3,0.000000,-0.000000,odom,1.369536,0.000000,-0.012673,0.500,5.000,1,1
1762883089.935998,STEP,3,0.000000,-0.000000,odom,1.369536,0.000000,-0.012673,0.500,5.000,1,1
1762883089.956203,STEP,3,0.000000,-0.000000,odom,1.369536,0.000000,-0.012673,0.500,5.000,1,1
1762883089.978047,STEP,3,0.000000,-0.000000,odom,1.369536,0.000000,-0.012673,0.500,5.000,1,1
1762883089.996136,STEP,3,0.000000,-0.000000,odom,1.369536,0.000000,-0.012673,0.500,5.000,1,1
1762883090.015880,STEP,3,0.000000,-0.000000,odom,1.369536,0.000000,-0.012673,0.500,5.000,1,1
1762883090.037720,STEP,3,0.000000,-0.000000,odom,1.369536,0.000000,-0.012644,0.500,5.000,1,1
1762883090.055726,STEP,3,0.000000,-0.000000,odom,1.369536,0.000000,-0.012510,0.500,5.000,1,1
1762883090.076481,STEP,3,0.000000,-0.000000,odom,1.369659,0.003063,-0.012431,0.500,5.000,1,1
1762883090.095900,STEP,3,0.000000,-0.000000,odom,1.369659,0.000000,-0.012431,0.500,5.000,1,1
1762883090.115770,STEP,3,0.000000,-0.000000,odom,1.369659,0.000000,-0.012431,0.500,5.000,1,1
1762883090.136719,STEP,3,0.000000,-0.000000,odom,1.369659,0.000000,-0.012431,0.500,5.000,1,1
1762883090.155816,STEP,3,0.000000,-0.000000,odom,1.369659,0.000000,-0.012431,0.500,5.000,1,1
1762883090.175740,STEP,3,0.000000,-0.000000,odom,1.369659,0.000000,-0.012431,0.500,5.000,1,1
1762883090.195729,STEP,3,0.000000,-0.000000,odom,1.369659,0.000000,-0.012431,0.500,5.000,1,1
1762883090.215645,STEP,3,0.000000,-0.000000,odom,1.369659,0.000000,-0.012431,0.500,5.000,1,1
1762883090.236187,STEP,3,0.000000,-0.000000,odom,1.369659,0.000000,-0.012224,0.500,5.000,1,1
1762883090.255447,STEP,3,0.000000,-0.000000,odom,1.369778,0.001772,-0.012149,0.500,5.000,1,1
1762883090.275745,STEP,3,0.000000,-0.000000,odom,1.369778,0.000000,-0.012149,0.500,5.000,1,1
1762883090.295672,STEP,3,0.000000,-0.000000,odom,1.369778,0.000000,-0.012149,0.500,5.000,1,1
1762883090.315548,STEP,3,0.000000,-0.000000,odom,1.369778,0.000000,-0.012149,0.500,5.000,1,1
1762883090.336392,STEP,3,0.000000,-0.000000,odom,1.369778,0.000000,-0.012149,0.500,5.000,1,1
1762883090.356109,STEP,3,0.000000,-0.000000,odom,1.369778,0.000000,-0.012149,0.500,5.000,1,1
1762883090.375820,STEP,3,0.000000,-0.000000,odom,1.369778,0.000000,-0.012149,0.500,5.000,1,1
1762883090.395928,STEP,3,0.000000,-0.000000,odom,1.369778,0.000000,-0.012149,0.500,5.000,1,1
1762883090.415962,STEP,3,0.000000,-0.000000,odom,1.369778,0.000000,-0.012010,0.500,5.000,1,1
1762883090.435734,STEP,3,0.000000,-0.000000,odom,1.369778,0.000000,-0.011889,0.500,5.000,1,1
1762883090.455775,STEP,3,0.000000,-0.000000,odom,1.369778,0.000000,-0.011889,0.500,5.000,1,1
1762883090.475927,STEP,3,0.000000,-0.000000,odom,1.369778,0.000000,-0.011889,0.500,5.000,1,1
1762883090.496092,STEP,3,0.000000,-0.000000,odom,1.369778,0.000000,-0.011889,0.500,5.000,1,1
1762883090.517317,STEP,3,0.000000,-0.000000,odom,1.369778,0.000000,-0.011889,0.500,5.000,1,1
1762883090.536541,STEP,3,0.000000,-0.000000,odom,1.369778,0.000000,-0.011889,0.500,5.000,1,1
1762883090.555635,STEP,3,0.000000,-0.000000,odom,1.369778,0.000000,-0.011889,0.500,5.000,1,1
1762883090.576048,STEP,3,0.000000,-0.000000,odom,1.369778,0.000000,-0.011889,0.500,5.000,1,1
1762883090.595463,STEP,3,0.000000,-0.000000,odom,1.369892,0.002137,-0.011691,0.500,5.000,1,1
1762883090.615743,STEP,3,0.000000,-0.000000,odom,1.369892,0.001496,-0.011651,0.500,5.000,1,1
1762883090.635522,STEP,3,0.000000,-0.000000,odom,1.369892,0.000000,-0.011651,0.500,5.000,1,1
1762883090.656638,STEP,3,0.000000,-0.000000,odom,1.369892,0.000000,-0.011651,0.500,5.000,1,1
1762883090.675771,STEP,3,0.000000,-0.000000,odom,1.369892,0.000000,-0.011651,0.500,5.000,1,1
1762883090.695686,STEP,3,0.000000,-0.000000,odom,1.369892,0.000000,-0.011651,0.500,5.000,1,1
1762883090.715695,STEP,3,0.000000,-0.000000,odom,1.369892,0.000000,-0.011651,0.500,5.000,1,1
1762883090.735918,STEP,3,0.000000,-0.000000,odom,1.369892,0.000000,-0.011651,0.500,5.000,1,1
1762883090.755903,STEP,3,0.000000,-0.000000,odom,1.369892,0.000000,-0.011651,0.500,5.000,1,1
1762883090.776266,STEP,3,0.000000,-0.000000,odom,1.370006,0.002127,-0.011622,0.500,5.000,1,1
1762883090.795708,STEP,3,0.000000,-0.000000,odom,1.370006,0.001489,-0.011547,0.500,5.000,1,1
1762883090.816018,STEP,3,0.000000,-0.000000,odom,1.370006,0.000000,-0.011547,0.500,5.000,1,1
1762883090.835634,STEP,3,0.000000,-0.000000,odom,1.370006,0.000000,-0.011547,0.500,5.000,1,1
1762883090.855631,STEP,3,0.000000,-0.000000,odom,1.370006,0.000000,-0.011547,0.500,5.000,1,1
1762883090.875931,STEP,3,0.000000,-0.000000,odom,1.370006,0.000000,-0.011547,0.500,5.000,1,1
1762883090.895576,STEP,3,0.000000,-0.000000,odom,1.370006,0.000000,-0.011547,0.500,5.000,1,1
1762883090.916789,STEP,3,0.000000,-0.000000,odom,1.370006,0.000000,-0.011547,0.500,5.000,1,1
1762883090.936273,STEP,3,0.000000,-0.000000,odom,1.370006,0.000000,-0.011547,0.500,5.000,1,1
1762883090.955988,STEP,3,0.000000,-0.000000,odom,1.370119,0.004226,-0.011481,0.500,5.000,1,1
1762883090.975605,STEP,3,0.000000,-0.000000,odom,1.370119,0.004226,-0.011309,0.500,5.000,1,1
1762883090.995721,STEP,3,0.000000,-0.000000,odom,1.370119,0.002958,-0.011309,0.500,5.000,1,1
1762883091.015929,STEP,3,0.000000,-0.000000,odom,1.370119,0.000000,-0.011309,0.500,5.000,1,1
1762883091.036462,STEP,3,0.000000,-0.000000,odom,1.370119,0.000000,-0.011309,0.500,5.000,1,1
1762883091.057696,STEP,3,0.000000,-0.000000,odom,1.370119,0.000000,-0.011309,0.500,5.000,1,1
1762883091.075745,STEP,3,0.000000,-0.000000,odom,1.370119,0.000000,-0.011309,0.500,5.000,1,1
1762883091.095948,STEP,3,0.000000,-0.000000,odom,1.370119,0.000000,-0.011309,0.500,5.000,1,1
1762883091.115703,STEP,3,0.000000,-0.000000,odom,1.370119,0.000000,-0.011309,0.500,5.000,1,1
1762883091.136174,STEP,3,0.000000,-0.000000,odom,1.370119,0.000000,-0.011225,0.500,5.000,1,1
1762883091.155716,STEP,3,0.000000,-0.000000,odom,1.370228,0.001367,-0.011053,0.500,5.000,1,1
1762883091.175689,STEP,3,0.000000,-0.000000,odom,1.370228,0.000957,-0.010885,0.500,5.000,1,1
1762883091.195563,STEP,3,0.000000,-0.000000,odom,1.370228,0.000957,-0.010885,0.500,5.000,1,1
1762883091.215645,STEP,3,0.000000,-0.000000,odom,1.370228,0.000000,-0.010885,0.500,5.000,1,1
1762883091.236115,STEP,3,0.000000,-0.000000,odom,1.370228,0.000000,-0.010885,0.500,5.000,1,1
1762883091.256246,STEP,3,0.000000,-0.000000,odom,1.370228,0.000000,-0.010885,0.500,5.000,1,1
1762883091.279061,STEP,3,0.000000,-0.000000,odom,1.370228,0.000000,-0.010885,0.500,5.000,1,1
1762883091.295703,STEP,3,0.000000,-0.000000,odom,1.370228,0.000000,-0.010885,0.500,5.000,1,1
1762883091.315760,STEP,3,0.000000,-0.000000,odom,1.370228,0.000000,-0.010885,0.500,5.000,1,1
1762883091.336999,STEP,3,0.000000,-0.000000,odom,1.370228,0.000000,-0.010732,0.500,5.000,1,1
1762883091.356166,STEP,3,0.000000,-0.000000,odom,1.370333,0.001101,-0.010696,0.500,5.000,1,1
1762883091.375812,STEP,3,0.000000,-0.000000,odom,1.370333,0.000000,-0.010696,0.500,5.000,1,1
1762883091.396137,STEP,3,0.000000,-0.000000,odom,1.370333,0.000000,-0.010696,0.500,5.000,1,1
1762883091.417058,STEP,3,0.000000,-0.000000,odom,1.370333,0.000000,-0.010696,0.500,5.000,1,1
1762883091.435801,STEP,3,0.000000,-0.000000,odom,1.370333,0.000000,-0.010696,0.500,5.000,1,1
1762883091.455667,STEP,3,0.000000,-0.000000,odom,1.370333,0.000000,-0.010696,0.500,5.000,1,1
1762883091.475820,STEP,3,0.000000,-0.000000,odom,1.370333,0.000000,-0.010696,0.500,5.000,1,1
1762883091.496131,STEP,3,0.000000,-0.000000,odom,1.370333,0.000000,-0.010696,0.500,5.000,1,1
1762883091.517313,STEP,3,0.000000,-0.000000,odom,1.370333,0.000000,-0.010525,0.500,5.000,1,1
1762883091.535605,STEP,3,0.000000,-0.000000,odom,1.370434,0.001505,-0.010455,0.500,5.000,1,1
1762883091.555663,STEP,3,0.000000,-0.000000,odom,1.370434,0.000000,-0.010455,0.500,5.000,1,1
1762883091.575715,STEP,3,0.000000,-0.000000,odom,1.370434,0.000000,-0.010455,0.500,5.000,1,1
1762883091.595989,STEP,3,0.000000,-0.000000,odom,1.370434,0.000000,-0.010455,0.500,5.000,1,1
1762883091.615700,STEP,3,0.000000,-0.000000,odom,1.370434,0.000000,-0.010455,0.500,5.000,1,1
1762883091.635621,STEP,3,0.000000,-0.000000,odom,1.370434,0.000000,-0.010455,0.500,5.000,1,1
1762883091.656099,STEP,3,0.000000,-0.000000,odom,1.370434,0.000000,-0.010455,0.500,5.000,1,1
1762883091.676201,STEP,3,0.000000,-0.000000,odom,1.370434,0.000000,-0.010455,0.500,5.000,1,1
1762883091.696509,STEP,3,0.000000,-0.000000,odom,1.370434,0.000000,-0.010265,0.500,5.000,1,1
1762883091.716222,STEP,3,0.000000,-0.000000,odom,1.370532,0.001032,-0.010177,0.500,5.000,1,1
1762883091.736306,STEP,3,0.000000,-0.000000,odom,1.370532,0.000000,-0.010177,0.500,5.000,1,1
1762883091.755976,STEP,3,0.000000,-0.000000,odom,1.370532,0.000000,-0.010177,0.500,5.000,1,1
1762883091.775751,STEP,3,0.000000,-0.000000,odom,1.370532,0.000000,-0.010177,0.500,5.000,1,1
1762883091.795618,STEP,3,0.000000,-0.000000,odom,1.370532,0.000000,-0.010177,0.500,5.000,1,1
1762883091.818579,STEP,3,0.000000,-0.000000,odom,1.370532,0.000000,-0.010177,0.500,5.000,1,1
1762883091.836088,STEP,3,0.000000,-0.000000,odom,1.370532,0.000000,-0.010177,0.500,5.000,1,1
1762883091.856202,STEP,3,0.000000,-0.000000,odom,1.370532,0.000000,-0.010177,0.500,5.000,1,1
1762883091.875650,STEP,3,0.000000,-0.000000,odom,1.370532,0.000000,-0.010066,0.500,5.000,1,1
1762883091.895720,STEP,3,0.000000,-0.000000,odom,1.370631,0.002470,-0.010071,0.500,5.000,1,1
1762883091.915698,STEP,3,0.000000,-0.000000,odom,1.370631,0.002470,-0.010071,0.500,5.000,1,1
1762883091.935654,STEP,3,0.000000,-0.000000,odom,1.370631,0.000000,-0.010071,0.500,5.000,1,1
1762883091.955623,STEP,3,0.000000,-0.000000,odom,1.370631,0.000000,-0.010071,0.500,5.000,1,1
1762883091.977997,STEP,3,0.000000,-0.000000,odom,1.370631,0.000000,-0.010071,0.500,5.000,1,1
1762883091.999078,STEP,3,0.000000,-0.000000,odom,1.370631,0.000000,-0.010071,0.500,5.000,1,1
1762883092.015640,STEP,3,0.000000,-0.000000,odom,1.370631,0.000000,-0.010071,0.500,5.000,1,1
1762883092.036465,STEP,3,0.000000,-0.000000,odom,1.370631,0.000000,-0.010071,0.500,5.000,1,1
1762883092.056158,STEP,3,0.000000,-0.000000,odom,1.370631,0.000000,-0.010018,0.500,5.000,1,1
1762883092.075450,STEP,3,0.000000,-0.000000,odom,1.370733,0.001519,-0.009897,0.500,5.000,1,1
1762883092.095506,STEP,3,0.000000,-0.000000,odom,1.370733,0.000000,-0.009897,0.500,5.000,1,1
1762883092.115633,STEP,3,0.000000,-0.000000,odom,1.370733,0.000000,-0.009897,0.500,5.000,1,1
1762883092.135668,STEP,3,0.000000,-0.000000,odom,1.370733,0.000000,-0.009897,0.500,5.000,1,1
1762883092.155844,STEP,3,0.000000,-0.000000,odom,1.370733,0.000000,-0.009897,0.500,5.000,1,1
1762883092.176605,STEP,3,0.000000,-0.000000,odom,1.370733,0.000000,-0.009897,0.500,5.000,1,1
1762883092.195978,STEP,3,0.000000,-0.000000,odom,1.370733,0.000000,-0.009897,0.500,5.000,1,1
1762883092.216675,STEP,3,0.000000,-0.000000,odom,1.370733,0.000000,-0.009897,0.500,5.000,1,1
1762883092.235653,STEP,3,0.000000,-0.000000,odom,1.370733,0.000000,-0.009897,0.500,5.000,1,1
1762883092.256144,STEP,3,0.000000,-0.000000,odom,1.370733,0.000000,-0.009807,0.500,5.000,1,1
1762883092.275591,STEP,3,0.000000,-0.000000,odom,1.370836,0.002587,-0.009780,0.500,5.000,1,1
1762883092.295427,STEP,3,0.000000,-0.000000,odom,1.370836,0.000000,-0.009780,0.500,5.000,1,1
1762883092.315905,STEP,3,0.000000,-0.000000,odom,1.370836,0.000000,-0.009780,0.500,5.000,1,1
1762883092.335584,STEP,3,0.000000,-0.000000,odom,1.370836,0.000000,-0.009780,0.500,5.000,1,1
1762883092.355739,STEP,3,0.000000,-0.000000,odom,1.370836,0.000000,-0.009780,0.500,5.000,1,1
1762883092.375657,STEP,3,0.000000,-0.000000,odom,1.370836,0.000000,-0.009780,0.500,5.000,1,1
1762883092.395619,STEP,3,0.000000,-0.000000,odom,1.370836,0.000000,-0.009780,0.500,5.000,1,1
1762883092.415824,STEP,3,0.000000,-0.000000,odom,1.370836,0.000000,-0.009780,0.500,5.000,1,1
1762883092.436039,STEP,3,0.000000,-0.000000,odom,1.370836,0.000000,-0.009677,0.500,5.000,1,1
1762883092.455778,STEP,3,0.000000,-0.000000,odom,1.370941,0.000000,-0.009677,0.500,5.000,1,1
1762883092.475659,STEP,3,0.000000,-0.000000,odom,1.370941,0.000000,-0.009677,0.500,5.000,1,1
1762883092.496086,STEP,3,0.000000,-0.000000,odom,1.370941,0.000000,-0.009677,0.500,5.000,1,1
1762883092.518086,STEP,3,0.000000,-0.000000,odom,1.370941,0.000000,-0.009677,0.500,5.000,1,1
1762883092.535585,STEP,3,0.000000,-0.000000,odom,1.370941,0.000000,-0.009677,0.500,5.000,1,1
1762883092.555650,STEP,3,0.000000,-0.000000,odom,1.370941,0.000000,-0.009677,0.500,5.000,1,1
1762883092.576001,STEP,3,0.000000,-0.000000,odom,1.370941,0.000000,-0.009677,0.500,5.000,1,1
1762883092.596206,STEP,3,0.000000,-0.000000,odom,1.370941,0.000000,-0.009658,0.500,5.000,1,1
1762883092.616066,STEP,3,0.000000,-0.000000,odom,1.370941,0.000000,-0.009609,0.500,5.000,1,1
1762883092.636415,STEP,3,0.000000,-0.000000,odom,1.370941,0.000000,-0.009609,0.500,5.000,1,1
1762883092.660114,STEP,3,0.000000,-0.000000,odom,1.370941,0.000000,-0.009609,0.500,5.000,1,1
1762883092.675648,STEP,3,0.000000,-0.000000,odom,1.370941,0.000000,-0.009609,0.500,5.000,1,1
1762883092.695985,STEP,3,0.000000,-0.000000,odom,1.370941,0.000000,-0.009609,0.500,5.000,1,1
1762883092.716472,STEP,3,0.000000,-0.000000,odom,1.370941,0.000000,-0.009609,0.500,5.000,1,1
1762883092.736327,STEP,3,0.000000,-0.000000,odom,1.370941,0.000000,-0.009609,0.500,5.000,1,1
1762883092.755628,STEP,3,0.000000,-0.000000,odom,1.370941,0.000000,-0.009609,0.500,5.000,1,1
1762883092.775959,STEP,3,0.000000,-0.000000,odom,1.371047,0.003935,-0.009585,0.500,5.000,1,1
1762883092.795596,STEP,3,0.000000,-0.000000,odom,1.371047,0.002755,-0.009469,0.500,5.000,1,1
1762883092.815507,STEP,3,0.000000,-0.000000,odom,1.371047,0.001928,-0.009469,0.500,5.000,1,1
1762883092.835722,STEP,3,0.000000,-0.000000,odom,1.371047,0.001928,-0.009469,0.500,5.000,1,1
1762883092.855614,STEP,3,0.000000,-0.000000,odom,1.371047,0.000000,-0.009469,0.500,5.000,1,1
1762883092.875727,STEP,3,0.000000,-0.000000,odom,1.371047,0.000000,-0.009469,0.500,5.000,1,1
1762883092.895604,STEP,3,0.000000,-0.000000,odom,1.371047,0.000000,-0.009469,0.500,5.000,1,1
1762883092.918167,STEP,3,0.000000,-0.000000,odom,1.371047,0.000000,-0.009469,0.500,5.000,1,1
1762883092.935653,STEP,3,0.000000,-0.000000,odom,1.371047,0.000000,-0.009469,0.500,5.000,1,1
1762883092.955990,STEP,3,0.000000,-0.000000,odom,1.371047,0.000000,-0.009440,0.500,5.000,1,1
1762883092.975572,STEP,3,0.000000,-0.000000,odom,1.371152,0.002629,-0.009296,0.500,5.000,1,1
1762883092.995412,STEP,3,0.000000,-0.000000,odom,1.371152,0.001288,-0.009277,0.500,5.000,1,1
1762883093.017309,STEP,3,0.000000,-0.000000,odom,1.371152,0.001288,-0.009277,0.500,5.000,1,1
1762883093.035872,STEP,3,0.000000,-0.000000,odom,1.371152,0.000000,-0.009277,0.500,5.000,1,1
1762883093.055954,STEP,3,0.000000,-0.000000,odom,1.371152,0.000000,-0.009277,0.500,5.000,1,1
1762883093.075692,STEP,3,0.000000,-0.000000,odom,1.371152,0.000000,-0.009277,0.500,5.000,1,1
1762883093.096019,STEP,3,0.000000,-0.000000,odom,1.371152,0.000000,-0.009277,0.500,5.000,1,1
1762883093.115435,STEP,3,0.000000,-0.000000,odom,1.371152,0.000000,-0.009277,0.500,5.000,1,1
1762883093.135643,STEP,3,0.000000,-0.000000,odom,1.371258,0.002642,-0.009217,0.500,5.000,1,1
1762883093.155418,STEP,3,0.000000,-0.000000,odom,1.371258,0.001849,-0.009200,0.500,5.000,1,1
1762883093.176704,STEP,3,0.000000,-0.000000,odom,1.371258,0.000000,-0.009200,0.500,5.000,1,1
1762883093.195732,STEP,3,0.000000,-0.000000,odom,1.371258,0.000000,-0.009200,0.500,5.000,1,1
1762883093.216218,STEP,3,0.000000,-0.000000,odom,1.371258,0.000000,-0.009200,0.500,5.000,1,1
1762883093.235642,STEP,3,0.000000,-0.000000,odom,1.371258,0.000000,-0.009200,0.500,5.000,1,1
1762883093.255527,STEP,3,0.000000,-0.000000,odom,1.371258,0.000000,-0.009200,0.500,5.000,1,1
1762883093.276071,STEP,3,0.000000,-0.000000,odom,1.371258,0.000000,-0.009200,0.500,5.000,1,1
1762883093.295609,STEP,3,0.000000,-0.000000,odom,1.371258,0.000000,-0.009200,0.500,5.000,1,1
1762883093.315987,STEP,3,0.000000,-0.000000,odom,1.371258,0.000000,-0.009200,0.500,5.000,1,1
1762883093.335444,STEP,3,0.000000,-0.000000,odom,1.371365,0.002003,-0.009115,0.500,5.000,1,1
1762883093.355572,STEP,3,0.000000,-0.000000,odom,1.371365,0.001402,-0.009073,0.500,5.000,1,1
1762883093.375768,STEP,3,0.000000,-0.000000,odom,1.371365,0.000000,-0.009073,0.500,5.000,1,1
1762883093.396195,STEP,3,0.000000,-0.000000,odom,1.371365,0.000000,-0.009073,0.500,5.000,1,1
1762883093.416401,STEP,3,0.000000,-0.000000,odom,1.371365,0.000000,-0.009073,0.500,5.000,1,1
1762883093.435669,STEP,3,0.000000,-0.000000,odom,1.371365,0.000000,-0.009073,0.500,5.000,1,1
1762883093.456295,STEP,3,0.000000,-0.000000,odom,1.371365,0.000000,-0.009073,0.500,5.000,1,1
1762883093.475632,STEP,3,0.000000,-0.000000,odom,1.371365,0.000000,-0.009073,0.500,5.000,1,1
1762883093.495589,STEP,3,0.000000,-0.000000,odom,1.371365,0.000000,-0.009073,0.500,5.000,1,1
1762883093.515558,STEP,3,0.000000,-0.000000,odom,1.371365,0.000000,-0.008956,0.500,5.000,1,1
1762883093.535970,STEP,3,0.000000,-0.000000,odom,1.371365,0.000000,-0.008869,0.500,5.000,1,1
1762883093.556473,STEP,3,0.000000,-0.000000,odom,1.371473,0.001130,-0.008869,0.500,5.000,1,1
1762883093.575577,STEP,3,0.000000,-0.000000,odom,1.371473,0.000000,-0.008869,0.500,5.000,1,1
1762883093.595634,STEP,3,0.000000,-0.000000,odom,1.371473,0.000000,-0.008869,0.500,5.000,1,1
1762883093.615697,STEP,3,0.000000,-0.000000,odom,1.371473,0.000000,-0.008869,0.500,5.000,1,1
1762883093.635665,STEP,3,0.000000,-0.000000,odom,1.371473,0.000000,-0.008869,0.500,5.000,1,1
1762883093.656000,STEP,3,0.000000,-0.000000,odom,1.371473,0.000000,-0.008869,0.500,5.000,1,1
1762883093.675979,STEP,3,0.000000,-0.000000,odom,1.371473,0.000000,-0.008869,0.500,5.000,1,1
1762883093.696025,STEP,3,0.000000,-0.000000,odom,1.371473,0.000000,-0.008682,0.500,5.000,1,1
1762883093.715710,STEP,3,0.000000,-0.000000,odom,1.371580,0.002008,-0.008643,0.500,5.000,1,1
1762883093.735599,STEP,3,0.000000,-0.000000,odom,1.371580,0.001406,-0.008577,0.500,5.000,1,1
1762883093.755581,STEP,3,0.000000,-0.000000,odom,1.371580,0.000000,-0.008577,0.500,5.000,1,1
1762883093.775913,STEP,3,0.000000,-0.000000,odom,1.371580,0.000000,-0.008577,0.500,5.000,1,1
1762883093.797524,STEP,3,0.000000,-0.000000,odom,1.371580,0.000000,-0.008577,0.500,5.000,1,1
1762883093.816170,STEP,3,0.000000,-0.000000,odom,1.371580,0.000000,-0.008577,0.500,5.000,1,1
1762883093.835505,STEP,3,0.000000,-0.000000,odom,1.371580,0.000000,-0.008577,0.500,5.000,1,1
1762883093.856029,STEP,3,0.000000,-0.000000,odom,1.371580,0.000000,-0.008577,0.500,5.000,1,1
1762883093.875781,STEP,3,0.000000,-0.000000,odom,1.371580,0.000000,-0.008577,0.500,5.000,1,1
1762883093.895581,STEP,3,0.000000,-0.000000,odom,1.371689,0.001362,-0.008529,0.500,5.000,1,1
1762883093.915602,STEP,3,0.000000,-0.000000,odom,1.371689,0.000953,-0.008534,0.500,5.000,1,1
1762883093.935939,STEP,3,0.000000,-0.000000,odom,1.371689,0.000000,-0.008534,0.500,5.000,1,1
1762883093.956419,STEP,3,0.000000,-0.000000,odom,1.371689,0.000000,-0.008534,0.500,5.000,1,1
1762883093.976132,STEP,3,0.000000,-0.000000,odom,1.371689,0.000000,-0.008534,0.500,5.000,1,1
1762883093.995579,STEP,3,0.000000,-0.000000,odom,1.371689,0.000000,-0.008534,0.500,5.000,1,1
1762883094.015846,STEP,3,0.000000,-0.000000,odom,1.371689,0.000000,-0.008534,0.500,5.000,1,1
1762883094.035819,STEP,3,0.000000,-0.000000,odom,1.371689,0.000000,-0.008534,0.500,5.000,1,1
1762883094.056072,STEP,3,0.000000,-0.000000,odom,1.371689,0.000000,-0.008534,0.500,5.000,1,1
1762883094.076375,STEP,3,0.000000,-0.000000,odom,1.371689,0.000000,-0.008447,0.500,5.000,1,1
1762883094.095750,STEP,3,0.000000,-0.000000,odom,1.371689,0.000000,-0.008377,0.500,5.000,1,1
1762883094.115842,STEP,3,0.000000,-0.000000,odom,1.371799,0.000000,-0.008377,0.500,5.000,1,1
1762883094.136209,STEP,3,0.000000,-0.000000,odom,1.371799,0.000000,-0.008377,0.500,5.000,1,1
1762883094.156209,STEP,3,0.000000,-0.000000,odom,1.371799,0.000000,-0.008377,0.500,5.000,1,1
1762883094.175878,STEP,3,0.000000,-0.000000,odom,1.371799,0.000000,-0.008377,0.500,5.000,1,1
1762883094.195577,STEP,3,0.000000,-0.000000,odom,1.371799,0.000000,-0.008377,0.500,5.000,1,1
1762883094.215744,STEP,3,0.000000,-0.000000,odom,1.371799,0.000000,-0.008377,0.500,5.000,1,1
1762883094.237290,STEP,3,0.000000,-0.000000,odom,1.371799,0.000000,-0.008377,0.500,5.000,1,1
1762883094.255838,STEP,3,0.000000,-0.000000,odom,1.371799,0.000000,-0.008275,0.500,5.000,1,1
1762883094.275538,STEP,3,0.000000,-0.000000,odom,1.371911,0.002091,-0.008210,0.500,5.000,1,1
1762883094.296329,STEP,3,0.000000,-0.000000,odom,1.371911,0.001464,-0.008056,0.500,5.000,1,1
1762883094.315623,STEP,3,0.000000,-0.000000,odom,1.371911,0.001464,-0.008056,0.500,5.000,1,1
1762883094.335721,STEP,3,0.000000,-0.000000,odom,1.371911,0.000000,-0.008056,0.500,5.000,1,1
1762883094.356776,STEP,3,0.000000,-0.000000,odom,1.371911,0.000000,-0.008056,0.500,5.000,1,1
1762883094.378078,STEP,3,0.000000,-0.000000,odom,1.371911,0.000000,-0.008056,0.500,5.000,1,1
1762883094.395932,STEP,3,0.000000,-0.000000,odom,1.371911,0.000000,-0.008056,0.500,5.000,1,1
1762883094.415579,STEP,3,0.000000,-0.000000,odom,1.371911,0.000000,-0.008056,0.500,5.000,1,1
1762883094.436610,STEP,3,0.000000,-0.000000,odom,1.371911,0.000000,-0.008056,0.500,5.000,1,1
1762883094.455348,STEP,3,0.000000,-0.000000,odom,1.371911,0.000000,-0.008002,0.500,5.000,1,1
1762883094.475720,STEP,3,0.000000,-0.000000,odom,1.372026,0.002874,-0.007988,0.500,5.000,1,1
1762883094.495706,STEP,3,0.000000,-0.000000,odom,1.372026,0.000000,-0.007988,0.500,5.000,1,1
1762883094.516001,STEP,3,0.000000,-0.000000,odom,1.372026,0.000000,-0.007988,0.500,5.000,1,1
1762883094.535980,STEP,3,0.000000,-0.000000,odom,1.372026,0.000000,-0.007988,0.500,5.000,1,1
1762883094.555621,STEP,3,0.000000,-0.000000,odom,1.372026,0.000000,-0.007988,0.500,5.000,1,1
1762883094.575666,STEP,3,0.000000,-0.000000,odom,1.372026,0.000000,-0.007988,0.500,5.000,1,1
1762883094.595688,STEP,3,0.000000,-0.000000,odom,1.372026,0.000000,-0.007988,0.500,5.000,1,1
1762883094.615966,STEP,3,0.000000,-0.000000,odom,1.372026,0.000000,-0.007988,0.500,5.000,1,1
1762883094.635396,STEP,3,0.000000,-0.000000,odom,1.372026,0.000000,-0.007951,0.500,5.000,1,1
1762883094.656311,STEP,3,0.000000,-0.000000,odom,1.372142,0.002906,-0.007915,0.500,5.000,1,1
1762883094.675726,STEP,3,0.000000,-0.000000,odom,1.372142,0.002906,-0.007915,0.500,5.000,1,1
1762883094.695597,STEP,3,0.000000,-0.000000,odom,1.372142,0.000000,-0.007915,0.500,5.000,1,1
1762883094.715945,STEP,3,0.000000,-0.000000,odom,1.372142,0.000000,-0.007915,0.500,5.000,1,1
1762883094.735926,STEP,3,0.000000,-0.000000,odom,1.372142,0.000000,-0.007915,0.500,5.000,1,1
1762883094.755611,STEP,3,0.000000,-0.000000,odom,1.372142,0.000000,-0.007915,0.500,5.000,1,1
1762883094.775822,STEP,3,0.000000,-0.000000,odom,1.372142,0.000000,-0.007915,0.500,5.000,1,1
1762883094.795456,STEP,3,0.000000,-0.000000,odom,1.372142,0.000000,-0.007915,0.500,5.000,1,1
1762883094.815392,STEP,3,0.000000,-0.000000,odom,1.372142,0.000000,-0.007811,0.500,5.000,1,1
1762883094.835529,STEP,3,0.000000,-0.000000,odom,1.372142,0.000000,-0.007770,0.500,5.000,1,1
1762883094.855928,STEP,3,0.000000,-0.000000,odom,1.372142,0.000000,-0.007770,0.500,5.000,1,1
1762883094.875643,STEP,3,0.000000,-0.000000,odom,1.372142,0.000000,-0.007770,0.500,5.000,1,1
1762883094.896757,STEP,3,0.000000,-0.000000,odom,1.372142,0.000000,-0.007770,0.500,5.000,1,1
1762883094.916377,STEP,3,0.000000,-0.000000,odom,1.372142,0.000000,-0.007770,0.500,5.000,1,1
1762883094.935717,STEP,3,0.000000,-0.000000,odom,1.372142,0.000000,-0.007770,0.500,5.000,1,1
1762883094.955887,STEP,3,0.000000,-0.000000,odom,1.372142,0.000000,-0.007770,0.500,5.000,1,1
1762883094.975580,STEP,3,0.000000,-0.000000,odom,1.372142,0.000000,-0.007770,0.500,5.000,1,1
1762883094.995807,STEP,3,0.000000,-0.000000,odom,1.372260,0.004407,-0.007772,0.500,5.000,1,1
1762883095.015571,STEP,3,0.000000,-0.000000,odom,1.372260,0.003085,-0.007797,0.500,5.000,1,1
1762883095.036037,STEP,3,0.000000,-0.000000,odom,1.372260,0.000000,-0.007797,0.500,5.000,1,1
1762883095.055669,STEP,3,0.000000,-0.000000,odom,1.372260,0.000000,-0.007797,0.500,5.000,1,1
1762883095.075550,STEP,3,0.000000,-0.000000,odom,1.372260,0.000000,-0.007797,0.500,5.000,1,1
1762883095.095723,STEP,3,0.000000,-0.000000,odom,1.372260,0.000000,-0.007797,0.500,5.000,1,1
1762883095.119040,STEP,3,0.000000,-0.000000,odom,1.372260,0.000000,-0.007797,0.500,5.000,1,1
1762883095.135879,STEP,3,0.000000,-0.000000,odom,1.372260,0.000000,-0.007797,0.500,5.000,1,1
1762883095.156378,STEP,3,0.000000,-0.000000,odom,1.372260,0.000000,-0.007797,0.500,5.000,1,1
1762883095.175898,STEP,3,0.000000,-0.000000,odom,1.372260,0.000000,-0.007797,0.500,5.000,1,1
1762883095.196245,STEP,3,0.000000,-0.000000,odom,1.372378,0.001776,-0.007807,0.500,5.000,1,1
1762883095.215693,STEP,3,0.000000,-0.000000,odom,1.372378,0.001776,-0.007848,0.500,5.000,1,1
1762883095.236145,STEP,3,0.000000,-0.000000,odom,1.372378,0.000000,-0.007848,0.500,5.000,1,1
1762883095.256293,STEP,3,0.000000,-0.000000,odom,1.372378,0.000000,-0.007848,0.500,5.000,1,1
1762883095.275845,STEP,3,0.000000,-0.000000,odom,1.372378,0.000000,-0.007848,0.500,5.000,1,1
1762883095.295740,STEP,3,0.000000,-0.000000,odom,1.372378,0.000000,-0.007848,0.500,5.000,1,1
1762883095.317117,STEP,3,0.000000,-0.000000,odom,1.372378,0.000000,-0.007848,0.500,5.000,1,1
1762883095.335638,STEP,3,0.000000,-0.000000,odom,1.372378,0.000000,-0.007848,0.500,5.000,1,1
1762883095.355756,STEP,3,0.000000,-0.000000,odom,1.372378,0.000000,-0.007855,0.500,5.000,1,1
1762883095.375441,STEP,3,0.000000,-0.000000,odom,1.372497,0.001790,-0.007791,0.500,5.000,1,1
1762883095.395589,STEP,3,0.000000,-0.000000,odom,1.372497,0.001253,-0.007727,0.500,5.000,1,1
1762883095.416354,STEP,3,0.000000,-0.000000,odom,1.372497,0.000000,-0.007727,0.500,5.000,1,1
1762883095.435611,STEP,3,0.000000,-0.000000,odom,1.372497,0.000000,-0.007727,0.500,5.000,1,1
1762883095.456194,STEP,3,0.000000,-0.000000,odom,1.372497,0.000000,-0.007727,0.500,5.000,1,1
1762883095.475629,STEP,3,0.000000,-0.000000,odom,1.372497,0.000000,-0.007727,0.500,5.000,1,1
1762883095.495583,STEP,3,0.000000,-0.000000,odom,1.372497,0.000000,-0.007727,0.500,5.000,1,1
1762883095.515887,STEP,3,0.000000,-0.000000,odom,1.372497,0.000000,-0.007727,0.500,5.000,1,1
1762883095.536405,STEP,3,0.000000,-0.000000,odom,1.372497,0.000000,-0.007727,0.500,5.000,1,1
1762883095.556361,STEP,3,0.000000,-0.000000,odom,1.372616,0.002217,-0.007759,0.500,5.000,1,1
1762883095.575933,STEP,3,0.000000,-0.000000,odom,1.372616,0.001552,-0.007748,0.500,5.000,1,1
1762883095.595609,STEP,3,0.000000,-0.000000,odom,1.372616,0.000000,-0.007748,0.500,5.000,1,1
1762883095.616101,STEP,3,0.000000,-0.000000,odom,1.372616,0.000000,-0.007748,0.500,5.000,1,1
1762883095.638463,STEP,3,0.000000,-0.000000,odom,1.372616,0.000000,-0.007748,0.500,5.000,1,1
1762883095.655882,STEP,3,0.000000,-0.000000,odom,1.372616,0.000000,-0.007748,0.500,5.000,1,1
1762883095.677129,STEP,3,0.000000,-0.000000,odom,1.372616,0.000000,-0.007748,0.500,5.000,1,1
1762883095.695709,STEP,3,0.000000,-0.000000,odom,1.372616,0.000000,-0.007748,0.500,5.000,1,1
1762883095.716081,STEP,3,0.000000,-0.000000,odom,1.372616,0.000000,-0.007748,0.500,5.000,1,1
1762883095.736096,STEP,3,0.000000,-0.000000,odom,1.372616,0.000000,-0.007766,0.500,5.000,1,1
1762883095.755599,STEP,3,0.000000,-0.000000,odom,1.372733,0.002197,-0.007689,0.500,5.000,1,1
1762883095.775508,STEP,3,0.000000,-0.000000,odom,1.372733,0.000000,-0.007689,0.500,5.000,1,1
1762883095.795701,STEP,3,0.000000,-0.000000,odom,1.372733,0.000000,-0.007689,0.500,5.000,1,1
1762883095.816266,STEP,3,0.000000,-0.000000,odom,1.372733,0.000000,-0.007689,0.500,5.000,1,1
1762883095.837783,STEP,3,0.000000,-0.000000,odom,1.372733,0.000000,-0.007689,0.500,5.000,1,1
1762883095.855656,STEP,3,0.000000,-0.000000,odom,1.372733,0.000000,-0.007689,0.500,5.000,1,1
1762883095.875699,STEP,3,0.000000,-0.000000,odom,1.372733,0.000000,-0.007689,0.500,5.000,1,1
1762883095.895858,STEP,3,0.000000,-0.000000,odom,1.372733,0.000000,-0.007689,0.500,5.000,1,1
1762883095.916284,STEP,3,0.000000,-0.000000,odom,1.372733,0.000000,-0.007630,0.500,5.000,1,1
1762883095.936489,STEP,3,0.000000,-0.000000,odom,1.372847,0.001711,-0.007609,0.500,5.000,1,1
1762883095.955925,STEP,3,0.000000,-0.000000,odom,1.372847,0.000000,-0.007609,0.500,5.000,1,1
1762883095.975659,STEP,3,0.000000,-0.000000,odom,1.372847,0.000000,-0.007609,0.500,5.000,1,1
1762883095.995637,STEP,3,0.000000,-0.000000,odom,1.372847,0.000000,-0.007609,0.500,5.000,1,1
1762883096.015626,STEP,3,0.000000,-0.000000,odom,1.372847,0.000000,-0.007609,0.500,5.000,1,1
1762883096.035847,STEP,3,0.000000,-0.000000,odom,1.372847,0.000000,-0.007609,0.500,5.000,1,1
1762883096.055824,STEP,3,0.000000,-0.000000,odom,1.372847,0.000000,-0.007609,0.500,5.000,1,1
1762883096.075494,STEP,3,0.000000,-0.000000,odom,1.372847,0.000000,-0.007609,0.500,5.000,1,1
1762883096.095481,STEP,3,0.000000,-0.000000,odom,1.372847,0.000000,-0.007578,0.500,5.000,1,1
1762883096.115891,STEP,3,0.000000,-0.000000,odom,1.372958,0.001672,-0.007470,0.500,5.000,1,1
1762883096.135715,STEP,3,0.000000,-0.000000,odom,1.372958,0.000000,-0.007470,0.500,5.000,1,1
1762883096.156377,STEP,3,0.000000,-0.000000,odom,1.372958,0.000000,-0.007470,0.500,5.000,1,1
1762883096.175778,STEP,3,0.000000,-0.000000,odom,1.372958,0.000000,-0.007470,0.500,5.000,1,1
1762883096.195657,STEP,3,0.000000,-0.000000,odom,1.372958,0.000000,-0.007470,0.500,5.000,1,1
1762883096.215593,STEP,3,0.000000,-0.000000,odom,1.372958,0.000000,-0.007470,0.500,5.000,1,1
1762883096.237279,STEP,3,0.000000,-0.000000,odom,1.372958,0.000000,-0.007470,0.500,5.000,1,1
1762883096.255430,STEP,3,0.000000,-0.000000,odom,1.372958,0.000000,-0.007470,0.500,5.000,1,1
1762883096.275768,STEP,3,0.000000,-0.000000,odom,1.372958,0.000000,-0.007470,0.500,5.000,1,1
1762883096.296406,STEP,3,0.000000,-0.000000,odom,1.373063,0.001583,-0.007339,0.500,5.000,1,1
1762883096.315582,STEP,3,0.000000,-0.000000,odom,1.373063,0.001108,-0.007170,0.500,5.000,1,1
1762883096.335891,STEP,3,0.000000,-0.000000,odom,1.373063,0.000000,-0.007170,0.500,5.000,1,1
1762883096.355556,STEP,3,0.000000,-0.000000,odom,1.373063,0.000000,-0.007170,0.500,5.000,1,1
1762883096.375757,STEP,3,0.000000,-0.000000,odom,1.373063,0.000000,-0.007170,0.500,5.000,1,1
1762883096.395955,STEP,3,0.000000,-0.000000,odom,1.373063,0.000000,-0.007170,0.500,5.000,1,1
1762883096.417770,STEP,3,0.000000,-0.000000,odom,1.373063,0.000000,-0.007170,0.500,5.000,1,1
1762883096.436416,STEP,3,0.000000,-0.000000,odom,1.373063,0.000000,-0.007170,0.500,5.000,1,1
1762883096.456426,STEP,3,0.000000,-0.000000,odom,1.373063,0.000000,-0.007170,0.500,5.000,1,1
1762883096.475667,STEP,3,0.000000,-0.000000,odom,1.373063,0.000000,-0.007044,0.500,5.000,1,1
1762883096.496015,STEP,3,0.000000,-0.000000,odom,1.373166,0.002557,-0.007038,0.500,5.000,1,1
1762883096.515937,STEP,3,0.000000,-0.000000,odom,1.373166,0.000000,-0.007038,0.500,5.000,1,1
1762883096.536212,STEP,3,0.000000,-0.000000,odom,1.373166,0.000000,-0.007038,0.500,5.000,1,1
1762883096.556133,STEP,3,0.000000,-0.000000,odom,1.373166,0.000000,-0.007038,0.500,5.000,1,1
1762883096.575931,STEP,3,0.000000,-0.000000,odom,1.373166,0.000000,-0.007038,0.500,5.000,1,1
1762883096.598148,STEP,3,0.000000,-0.000000,odom,1.373166,0.000000,-0.007038,0.500,5.000,1,1
1762883096.616266,STEP,3,0.000000,-0.000000,odom,1.373166,0.000000,-0.007038,0.500,5.000,1,1
1762883096.635863,STEP,3,0.000000,-0.000000,odom,1.373166,0.000000,-0.007038,0.500,5.000,1,1
1762883096.655684,STEP,3,0.000000,-0.000000,odom,1.373166,0.000000,-0.006966,0.500,5.000,1,1
1762883096.676142,STEP,3,0.000000,-0.000000,odom,1.373166,0.000000,-0.006871,0.500,5.000,1,1
1762883096.695651,STEP,3,0.000000,-0.000000,odom,1.373267,0.001337,-0.006806,0.500,5.000,1,1
1762883096.715701,STEP,3,0.000000,-0.000000,odom,1.373267,0.000000,-0.006806,0.500,5.000,1,1
1762883096.736683,STEP,3,0.000000,-0.000000,odom,1.373267,0.000000,-0.006806,0.500,5.000,1,1
1762883096.760033,STEP,3,0.000000,-0.000000,odom,1.373267,0.000000,-0.006806,0.500,5.000,1,1
1762883096.775586,STEP,3,0.000000,-0.000000,odom,1.373267,0.000000,-0.006806,0.500,5.000,1,1
1762883096.795957,STEP,3,0.000000,-0.000000,odom,1.373267,0.000000,-0.006806,0.500,5.000,1,1
1762883096.815521,STEP,3,0.000000,-0.000000,odom,1.373267,0.000000,-0.006806,0.500,5.000,1,1
1762883096.836008,STEP,3,0.000000,-0.000000,odom,1.373267,0.000000,-0.006806,0.500,5.000,1,1
1762883096.855919,STEP,3,0.000000,-0.000000,odom,1.373267,0.000000,-0.006707,0.500,5.000,1,1
1762883096.875823,STEP,3,0.000000,-0.000000,odom,1.373367,0.003765,-0.006598,0.500,5.000,1,1
1762883096.895355,STEP,3,0.000000,-0.000000,odom,1.373367,0.000000,-0.006598,0.500,5.000,1,1
1762883096.916088,STEP,3,0.000000,-0.000000,odom,1.373367,0.000000,-0.006598,0.500,5.000,1,1
1762883096.935604,STEP,3,0.000000,-0.000000,odom,1.373367,0.000000,-0.006598,0.500,5.000,1,1
1762883096.957822,STEP,3,0.000000,-0.000000,odom,1.373367,0.000000,-0.006598,0.500,5.000,1,1
1762883096.976604,STEP,3,0.000000,-0.000000,odom,1.373367,0.000000,-0.006598,0.500,5.000,1,1
1762883096.995946,STEP,3,0.000000,-0.000000,odom,1.373367,0.000000,-0.006598,0.500,5.000,1,1
1762883097.016476,STEP,3,0.000000,-0.000000,odom,1.373367,0.000000,-0.006598,0.500,5.000,1,1
1762883097.035527,STEP,3,0.000000,-0.000000,odom,1.373367,0.000000,-0.006384,0.500,5.000,1,1
1762883097.055536,STEP,3,0.000000,-0.000000,odom,1.373367,0.000000,-0.006325,0.500,5.000,1,1
1762883097.076082,STEP,3,0.000000,-0.000000,odom,1.373367,0.000000,-0.006325,0.500,5.000,1,1
1762883097.095710,STEP,3,0.000000,-0.000000,odom,1.373367,0.000000,-0.006325,0.500,5.000,1,1
1762883097.115791,STEP,3,0.000000,-0.000000,odom,1.373367,0.000000,-0.006325,0.500,5.000,1,1
1762883097.135978,STEP,3,0.000000,-0.000000,odom,1.373367,0.000000,-0.006325,0.500,5.000,1,1
1762883097.158223,STEP,3,0.000000,-0.000000,odom,1.373367,0.000000,-0.006325,0.500,5.000,1,1
1762883097.175641,STEP,3,0.000000,-0.000000,odom,1.373367,0.000000,-0.006325,0.500,5.000,1,1
1762883097.195911,STEP,3,0.000000,-0.000000,odom,1.373367,0.000000,-0.006325,0.500,5.000,1,1
1762883097.216461,STEP,3,0.000000,-0.000000,odom,1.373467,0.001864,-0.006219,0.500,5.000,1,1
1762883097.235629,STEP,3,0.000000,-0.000000,odom,1.373467,0.001864,-0.006213,0.500,5.000,1,1
1762883097.255569,STEP,3,0.000000,-0.000000,odom,1.373467,0.000000,-0.006213,0.500,5.000,1,1
1762883097.275646,STEP,3,0.000000,-0.000000,odom,1.373467,0.000000,-0.006213,0.500,5.000,1,1
1762883097.295734,STEP,3,0.000000,-0.000000,odom,1.373467,0.000000,-0.006213,0.500,5.000,1,1
1762883097.316201,STEP,3,0.000000,-0.000000,odom,1.373467,0.000000,-0.006213,0.500,5.000,1,1
1762883097.335768,STEP,3,0.000000,-0.000000,odom,1.373467,0.000000,-0.006213,0.500,5.000,1,1
1762883097.358184,STEP,3,0.000000,-0.000000,odom,1.373467,0.000000,-0.006213,0.500,5.000,1,1
1762883097.375746,STEP,3,0.000000,-0.000000,odom,1.373467,0.000000,-0.006213,0.500,5.000,1,1
1762883097.395644,STEP,3,0.000000,-0.000000,odom,1.373568,0.001893,-0.006088,0.500,5.000,1,1
1762883097.415990,STEP,3,0.000000,-0.000000,odom,1.373568,0.001325,-0.006062,0.500,5.000,1,1
1762883097.436302,STEP,3,0.000000,-0.000000,odom,1.373568,0.000000,-0.006062,0.500,5.000,1,1
1762883097.455935,STEP,3,0.000000,-0.000000,odom,1.373568,0.000000,-0.006062,0.500,5.000,1,1
1762883097.475596,STEP,3,0.000000,-0.000000,odom,1.373568,0.000000,-0.006062,0.500,5.000,1,1
1762883097.498706,STEP,3,0.000000,-0.000000,odom,1.373568,0.000000,-0.006062,0.500,5.000,1,1
1762883097.515663,STEP,3,0.000000,-0.000000,odom,1.373568,0.000000,-0.006062,0.500,5.000,1,1
1762883097.535717,STEP,3,0.000000,-0.000000,odom,1.373568,0.000000,-0.006062,0.500,5.000,1,1
1762883097.556174,STEP,3,0.000000,-0.000000,odom,1.373568,0.000000,-0.006062,0.500,5.000,1,1
1762883097.575398,STEP,3,0.000000,-0.000000,odom,1.373668,0.003780,-0.006009,0.500,5.000,1,1
1762883097.595542,STEP,3,0.000000,-0.000000,odom,1.373668,0.002646,-0.005984,0.500,5.000,1,1
1762883097.616544,STEP,3,0.000000,-0.000000,odom,1.373668,0.002646,-0.005984,0.500,5.000,1,1
1762883097.635529,STEP,3,0.000000,-0.000000,odom,1.373668,0.000000,-0.005984,0.500,5.000,1,1
1762883097.655768,STEP,3,0.000000,-0.000000,odom,1.373668,0.000000,-0.005984,0.500,5.000,1,1
1762883097.675635,STEP,3,0.000000,-0.000000,odom,1.373668,0.000000,-0.005984,0.500,5.000,1,1
1762883097.695637,STEP,3,0.000000,-0.000000,odom,1.373668,0.000000,-0.005984,0.500,5.000,1,1
1762883097.715694,STEP,3,0.000000,-0.000000,odom,1.373668,0.000000,-0.005984,0.500,5.000,1,1
1762883097.736219,STEP,3,0.000000,-0.000000,odom,1.373668,0.000000,-0.005984,0.500,5.000,1,1
1762883097.755785,STEP,3,0.000000,-0.000000,odom,1.373668,0.000000,-0.005984,0.500,5.000,1,1
1762883097.775922,STEP,3,0.000000,-0.000000,odom,1.373770,0.001532,-0.005973,0.500,5.000,1,1
1762883097.795633,STEP,3,0.000000,-0.000000,odom,1.373770,0.001072,-0.005953,0.500,5.000,1,1
1762883097.816173,STEP,3,0.000000,-0.000000,odom,1.373770,0.001072,-0.005953,0.500,5.000,1,1
1762883097.836151,STEP,3,0.000000,-0.000000,odom,1.373770,0.000000,-0.005953,0.500,5.000,1,1
1762883097.855649,STEP,3,0.000000,-0.000000,odom,1.373770,0.000000,-0.005953,0.500,5.000,1,1
1762883097.875758,STEP,3,0.000000,-0.000000,odom,1.373770,0.000000,-0.005953,0.500,5.000,1,1
1762883097.898062,STEP,3,0.000000,-0.000000,odom,1.373770,0.000000,-0.005953,0.500,5.000,1,1
1762883097.915459,STEP,3,0.000000,-0.000000,odom,1.373770,0.000000,-0.005953,0.500,5.000,1,1
1762883097.936122,STEP,3,0.000000,-0.000000,odom,1.373770,0.000000,-0.005897,0.500,5.000,1,1
1762883097.955461,STEP,3,0.000000,-0.000000,odom,1.373873,0.001924,-0.005867,0.500,5.000,1,1
1762883097.975472,STEP,3,0.000000,-0.000000,odom,1.373873,0.001347,-0.005872,0.500,5.000,1,1
1762883097.995935,STEP,3,0.000000,-0.000000,odom,1.373873,0.000000,-0.005872,0.500,5.000,1,1
1762883098.015367,STEP,3,0.000000,-0.000000,odom,1.373873,0.000000,-0.005872,0.500,5.000,1,1
1762883098.036008,STEP,3,0.000000,-0.000000,odom,1.373873,0.000000,-0.005872,0.500,5.000,1,1
1762883098.056124,STEP,3,0.000000,-0.000000,odom,1.373873,0.000000,-0.005872,0.500,5.000,1,1
1762883098.075626,STEP,3,0.000000,-0.000000,odom,1.373873,0.000000,-0.005872,0.500,5.000,1,1
1762883098.095447,STEP,3,0.000000,-0.000000,odom,1.373873,0.000000,-0.005872,0.500,5.000,1,1
1762883098.116070,STEP,3,0.000000,-0.000000,odom,1.373873,0.000000,-0.005872,0.500,5.000,1,1
1762883098.135396,STEP,3,0.000000,-0.000000,odom,1.373873,0.000000,-0.005893,0.500,5.000,1,1
1762883098.155839,STEP,3,0.000000,-0.000000,odom,1.373977,0.001951,-0.005924,0.500,5.000,1,1
1762883098.175610,STEP,3,0.000000,-0.000000,odom,1.373977,0.001951,-0.005924,0.500,5.000,1,1
1762883098.195525,STEP,3,0.000000,-0.000000,odom,1.373977,0.001366,-0.005924,0.500,5.000,1,1
1762883098.215659,STEP,3,0.000000,-0.000000,odom,1.373977,0.000000,-0.005924,0.500,5.000,1,1
1762883098.236196,STEP,3,0.000000,-0.000000,odom,1.373977,0.000000,-0.005924,0.500,5.000,1,1
1762883098.255633,STEP,3,0.000000,-0.000000,odom,1.373977,0.000000,-0.005924,0.500,5.000,1,1
1762883098.275788,STEP,3,0.000000,-0.000000,odom,1.373977,0.000000,-0.005924,0.500,5.000,1,1
1762883098.295726,STEP,3,0.000000,-0.000000,odom,1.373977,0.000000,-0.005924,0.500,5.000,1,1
1762883098.316078,STEP,3,0.000000,-0.000000,odom,1.373977,0.000000,-0.005924,0.500,5.000,1,1
1762883098.335695,STEP,3,0.000000,-0.000000,odom,1.374081,0.001559,-0.005916,0.500,5.000,1,1
1762883098.355893,STEP,3,0.000000,-0.000000,odom,1.374081,0.001091,-0.005971,0.500,5.000,1,1
1762883098.375442,STEP,3,0.000000,-0.000000,odom,1.374081,0.000000,-0.005971,0.500,5.000,1,1
1762883098.395469,STEP,3,0.000000,-0.000000,odom,1.374081,0.000000,-0.005971,0.500,5.000,1,1
1762883098.416015,STEP,3,0.000000,-0.000000,odom,1.374081,0.000000,-0.005971,0.500,5.000,1,1
1762883098.436202,STEP,3,0.000000,-0.000000,odom,1.374081,0.000000,-0.005971,0.500,5.000,1,1
1762883098.456971,STEP,3,0.000000,-0.000000,odom,1.374081,0.000000,-0.005971,0.500,5.000,1,1
1762883098.476402,STEP,3,0.000000,-0.000000,odom,1.374081,0.000000,-0.005971,0.500,5.000,1,1
1762883098.496158,STEP,3,0.000000,-0.000000,odom,1.374081,0.000000,-0.005971,0.500,5.000,1,1
1762883098.515584,STEP,3,0.000000,-0.000000,odom,1.374081,0.000000,-0.006025,0.500,5.000,1,1
1762883098.535731,STEP,3,0.000000,-0.000000,odom,1.374184,0.001541,-0.005963,0.500,5.000,1,1
1762883098.555707,STEP,3,0.000000,-0.000000,odom,1.374184,0.000000,-0.005963,0.500,5.000,1,1
1762883098.576572,STEP,3,0.000000,-0.000000,odom,1.374184,0.000000,-0.005963,0.500,5.000,1,1
1762883098.595663,STEP,3,0.000000,-0.000000,odom,1.374184,0.000000,-0.005963,0.500,5.000,1,1
1762883098.615748,STEP,3,0.000000,-0.000000,odom,1.374184,0.000000,-0.005963,0.500,5.000,1,1
1762883098.635582,STEP,3,0.000000,-0.000000,odom,1.374184,0.000000,-0.005963,0.500,5.000,1,1
1762883098.655647,STEP,3,0.000000,-0.000000,odom,1.374184,0.000000,-0.005963,0.500,5.000,1,1
1762883098.675862,STEP,3,0.000000,-0.000000,odom,1.374184,0.000000,-0.005963,0.500,5.000,1,1
1762883098.696357,STEP,3,0.000000,-0.000000,odom,1.374184,0.000000,-0.005867,0.500,5.000,1,1
1762883098.715649,STEP,3,0.000000,-0.000000,odom,1.374184,0.000000,-0.005798,0.500,5.000,1,1
1762883098.735433,STEP,3,0.000000,-0.000000,odom,1.374283,0.000000,-0.005798,0.500,5.000,1,1
1762883098.755721,STEP,3,0.000000,-0.000000,odom,1.374283,0.000000,-0.005798,0.500,5.000,1,1
1762883098.775400,STEP,3,0.000000,-0.000000,odom,1.374283,0.000000,-0.005798,0.500,5.000,1,1
1762883098.795802,STEP,3,0.000000,-0.000000,odom,1.374283,0.000000,-0.005798,0.500,5.000,1,1
1762883098.816462,STEP,3,0.000000,-0.000000,odom,1.374283,0.000000,-0.005798,0.500,5.000,1,1
1762883098.836023,STEP,3,0.000000,-0.000000,odom,1.374283,0.000000,-0.005798,0.500,5.000,1,1
1762883098.855450,STEP,3,0.000000,-0.000000,odom,1.374283,0.000000,-0.005798,0.500,5.000,1,1
1762883098.875779,STEP,3,0.000000,-0.000000,odom,1.374283,0.000000,-0.005736,0.500,5.000,1,1
1762883098.895382,STEP,3,0.000000,-0.000000,odom,1.374381,0.001467,-0.005757,0.500,5.000,1,1
1762883098.915476,STEP,3,0.000000,-0.000000,odom,1.374381,0.001027,-0.005757,0.500,5.000,1,1
1762883098.935555,STEP,3,0.000000,-0.000000,odom,1.374381,0.000000,-0.005757,0.500,5.000,1,1
1762883098.955998,STEP,3,0.000000,-0.000000,odom,1.374381,0.000000,-0.005757,0.500,5.000,1,1
1762883098.976371,STEP,3,0.000000,-0.000000,odom,1.374381,0.000000,-0.005757,0.500,5.000,1,1
1762883098.995598,STEP,3,0.000000,-0.000000,odom,1.374381,0.000000,-0.005757,0.500,5.000,1,1
1762883099.016489,STEP,3,0.000000,-0.000000,odom,1.374381,0.000000,-0.005757,0.500,5.000,1,1
1762883099.035663,STEP,3,0.000000,-0.000000,odom,1.374381,0.000000,-0.005757,0.500,5.000,1,1
1762883099.056105,STEP,3,0.000000,-0.000000,odom,1.374381,0.000000,-0.005757,0.500,5.000,1,1
1762883099.075432,STEP,3,0.000000,-0.000000,odom,1.374381,0.000000,-0.005709,0.500,5.000,1,1
1762883099.096088,STEP,3,0.000000,-0.000000,odom,1.374479,0.001830,-0.005787,0.500,5.000,1,1
1762883099.115496,STEP,3,0.000000,-0.000000,odom,1.374479,0.000000,-0.005787,0.500,5.000,1,1
1762883099.136311,STEP,3,0.000000,-0.000000,odom,1.374479,0.000000,-0.005787,0.500,5.000,1,1
1762883099.155687,STEP,3,0.000000,-0.000000,odom,1.374479,0.000000,-0.005787,0.500,5.000,1,1
1762883099.177089,STEP,3,0.000000,-0.000000,odom,1.374479,0.000000,-0.005787,0.500,5.000,1,1
1762883099.195645,STEP,3,0.000000,-0.000000,odom,1.374479,0.000000,-0.005787,0.500,5.000,1,1
1762883099.215577,STEP,3,0.000000,-0.000000,odom,1.374479,0.000000,-0.005787,0.500,5.000,1,1
1762883099.235363,STEP,3,0.000000,-0.000000,odom,1.374479,0.000000,-0.005787,0.500,5.000,1,1
1762883099.256532,STEP,3,0.000000,-0.000000,odom,1.374479,0.000000,-0.005787,0.500,5.000,1,1
1762883099.277074,STEP,3,0.000000,-0.000000,odom,1.374479,0.000000,-0.005785,0.500,5.000,1,1
1762883099.295636,STEP,3,0.000000,-0.000000,odom,1.374479,0.000000,-0.005778,0.500,5.000,1,1
1762883099.315655,STEP,3,0.000000,-0.000000,odom,1.374479,0.000000,-0.005778,0.500,5.000,1,1
1762883099.335451,STEP,3,0.000000,-0.000000,odom,1.374479,0.000000,-0.005778,0.500,5.000,1,1
1762883099.355841,STEP,3,0.000000,-0.000000,odom,1.374479,0.000000,-0.005778,0.500,5.000,1,1
1762883099.375737,STEP,3,0.000000,-0.000000,odom,1.374479,0.000000,-0.005778,0.500,5.000,1,1
1762883099.398158,STEP,3,0.000000,-0.000000,odom,1.374479,0.000000,-0.005778,0.500,5.000,1,1
1762883099.415632,STEP,3,0.000000,-0.000000,odom,1.374479,0.000000,-0.005778,0.500,5.000,1,1
1762883099.435393,STEP,3,0.000000,-0.000000,odom,1.374574,0.003563,-0.005775,0.500,5.000,1,1
1762883099.456028,STEP,3,0.000000,-0.000000,odom,1.374574,0.002494,-0.005787,0.500,5.000,1,1
1762883099.475544,STEP,3,0.000000,-0.000000,odom,1.374574,0.001746,-0.005693,0.500,5.000,1,1
1762883099.496017,STEP,3,0.000000,-0.000000,odom,1.374574,0.000000,-0.005693,0.500,5.000,1,1
1762883099.515694,STEP,3,0.000000,-0.000000,odom,1.374574,0.000000,-0.005693,0.500,5.000,1,1
1762883099.535576,STEP,3,0.000000,-0.000000,odom,1.374574,0.000000,-0.005693,0.500,5.000,1,1
1762883099.556067,STEP,3,0.000000,-0.000000,odom,1.374574,0.000000,-0.005693,0.500,5.000,1,1
1762883099.578136,STEP,3,0.000000,-0.000000,odom,1.374574,0.000000,-0.005693,0.500,5.000,1,1
1762883099.595386,STEP,3,0.000000,-0.000000,odom,1.374574,0.000000,-0.005693,0.500,5.000,1,1
1762883099.616243,STEP,3,0.000000,-0.000000,odom,1.374574,0.000000,-0.005693,0.500,5.000,1,1
1762883099.635615,STEP,3,0.000000,-0.000000,odom,1.374662,0.001648,-0.005576,0.500,5.000,1,1
1762883099.655571,STEP,3,0.000000,-0.000000,odom,1.374662,0.001648,-0.005398,0.500,5.000,1,1
1762883099.675471,STEP,3,0.000000,-0.000000,odom,1.374662,0.000000,-0.005398,0.500,5.000,1,1
1762883099.695505,STEP,3,0.000000,-0.000000,odom,1.374662,0.000000,-0.005398,0.500,5.000,1,1
1762883099.715811,STEP,3,0.000000,-0.000000,odom,1.374662,0.000000,-0.005398,0.500,5.000,1,1
1762883099.735630,STEP,3,0.000000,-0.000000,odom,1.374662,0.000000,-0.005398,0.500,5.000,1,1
1762883099.756957,STEP,3,0.000000,-0.000000,odom,1.374662,0.000000,-0.005398,0.500,5.000,1,1
1762883099.775590,STEP,3,0.000000,-0.000000,odom,1.374662,0.000000,-0.005398,0.500,5.000,1,1
1762883099.795590,STEP,3,0.000000,-0.000000,odom,1.374662,0.000000,-0.005398,0.500,5.000,1,1
1762883099.816600,STEP,3,0.000000,-0.000000,odom,1.374742,0.003001,-0.005398,0.500,5.000,1,1
1762883099.835582,STEP,3,0.000000,-0.000000,odom,1.374742,0.003001,-0.005261,0.500,5.000,1,1
1762883099.855880,STEP,3,0.000000,-0.000000,odom,1.374742,0.001470,-0.005211,0.500,5.000,1,1
1762883099.876234,STEP,3,0.000000,-0.000000,odom,1.374742,0.000000,-0.005211,0.500,5.000,1,1
1762883099.895376,STEP,3,0.000000,-0.000000,odom,1.374742,0.000000,-0.005211,0.500,5.000,1,1
1762883099.916041,STEP,3,0.000000,-0.000000,odom,1.374742,0.000000,-0.005211,0.500,5.000,1,1
1762883099.937094,STEP,3,0.000000,-0.000000,odom,1.374742,0.000000,-0.005211,0.500,5.000,1,1
1762883099.955928,STEP,3,0.000000,-0.000000,odom,1.374742,0.000000,-0.005211,0.500,5.000,1,1
1762883099.975582,STEP,3,0.000000,-0.000000,odom,1.374742,0.000000,-0.005211,0.500,5.000,1,1
1762883099.996148,STEP,3,0.000000,-0.000000,odom,1.374812,0.001319,-0.005035,0.500,5.000,1,1
1762883100.015940,STEP,3,0.000000,-0.000000,odom,1.374812,0.000923,-0.004947,0.500,5.000,1,1
1762883100.035603,STEP,3,0.000000,-0.000000,odom,1.374812,0.000000,-0.004947,0.500,5.000,1,1
1762883100.059540,STEP,3,0.000000,-0.000000,odom,1.374812,0.000000,-0.004947,0.500,5.000,1,1
1762883100.075379,STEP,3,0.000000,-0.000000,odom,1.374812,0.000000,-0.004947,0.500,5.000,1,1
1762883100.095895,STEP,3,0.000000,-0.000000,odom,1.374812,0.000000,-0.004947,0.500,5.000,1,1
1762883100.116028,STEP,3,0.000000,-0.000000,odom,1.374812,0.000000,-0.004947,0.500,5.000,1,1
1762883100.135675,STEP,3,0.000000,-0.000000,odom,1.374812,0.000000,-0.004947,0.500,5.000,1,1
